#2026 07 22 03:56:05.248#Z#INFO#435a90b7-8581-11f1-952a-eeee0a8c50ce.OPERATION#http-nio-0.0.0.0-8080-exec-7#
[XS2StartProcessListener] Operation ID: 435a90b7-8581-11f1-952a-eeee0a8c50ce#
#2026 07 22 03:56:05.266#Z#DEBUG#435a90b7-8581-11f1-952a-eeee0a8c50ce.OPERATION#http-nio-0.0.0.0-8080-exec-7#
[XS2StartProcessListener] Process environment: {
  "SKIP_SSL_VALIDATION" : "false",
  "FLOWABLE_JOB_EXECUTOR_MAX_THREADS" : "32",
  "VERSION" : "2.50.0",
  "BASIC_AUTH_ENABLED" : "true",
  "FLOWABLE_JOB_EXECUTOR_QUEUE_CAPACITY" : "16",
  "FLOWABLE_JOB_EXECUTOR_CORE_THREADS" : "8"
}#
#2026 07 22 03:56:05.266#Z#DEBUG#435a90b7-8581-11f1-952a-eeee0a8c50ce.OPERATION#http-nio-0.0.0.0-8080-exec-7#
[XS2StartProcessListener] Current user: adarshraj0206@gmail.com#
#2026 07 22 03:56:05.266#Z#DEBUG#435a90b7-8581-11f1-952a-eeee0a8c50ce.OPERATION#http-nio-0.0.0.0-8080-exec-7#
[XS2StartProcessListener] Client space: dev#
#2026 07 22 03:56:05.266#Z#DEBUG#435a90b7-8581-11f1-952a-eeee0a8c50ce.OPERATION#http-nio-0.0.0.0-8080-exec-7#
[XS2StartProcessListener] Client organization: 8fd6ac6ctrial#
#2026 07 22 03:56:05.266#Z#INFO#435a90b7-8581-11f1-952a-eeee0a8c50ce.OPERATION#http-nio-0.0.0.0-8080-exec-7#
[XS2StartProcessListener] Process variables: {
  "keepFiles" : false,
  "skipAppDigestCalculation" : false,
  "abortOnError" : false,
  "mtaId" : "salesorderapp",
  "noFailOnMissingPermissions" : false,
  "isSecurityEnabled" : false,
  "apiRequestPath" : "https://deploy-service.cf.us10-001.hana.ondemand.com/api/v1/spaces/a8460b67-b005-477e-a885-af01acf20eae/operations",
  "deleteServiceBrokers" : false,
  "appArchiveId" : "4716ea88-dff3-4fb1-a929-f40fac21c1a0",
  "isDisposableUserProvidedServiceEnabled" : false,
  "deleteServiceKeys" : false,
  "noRestartSubscribedApps" : false,
  "noStart" : false,
  "deleteServices" : false
}#
#2026 07 22 03:56:05.311#Z#DEBUG#435a90b7-8581-11f1-952a-eeee0a8c50ce.OPERATION#flowable-async-job-executor-thread-2926#
[ValidateDeployParametersStep] Executing task "validateParametersTask" of process "435a90dd-8581-11f1-952a-eeee0a8c50ce"...#
#2026 07 22 03:56:05.311#Z#DEBUG#435a90b7-8581-11f1-952a-eeee0a8c50ce.OPERATION#flowable-async-job-executor-thread-2926#
[ValidateDeployParametersStep] Validating parameters...#
#2026 07 22 03:56:05.313#Z#INFO#435a90b7-8581-11f1-952a-eeee0a8c50ce.OPERATION#flowable-async-job-executor-thread-2926#
[ValidateDeployParametersStep] Size of mtars is 15,781,374 and size of extension descriptors is 0#
#2026 07 22 03:56:05.337#Z#INFO#435a90b7-8581-11f1-952a-eeee0a8c50ce.OPERATION#flowable-async-job-executor-thread-2926#
[ValidateDeployParametersStep] Archive was not split! Total size in bytes: 15,781,374#
#2026 07 22 03:56:05.337#Z#INFO#435a90b7-8581-11f1-952a-eeee0a8c50ce.OPERATION#flowable-async-job-executor-thread-2926#
[ValidateDeployParametersStep] Deploying in org "8fd6ac6ctrial" and space "dev"#
#2026 07 22 03:56:05.342#Z#DEBUG#435a90b7-8581-11f1-952a-eeee0a8c50ce.OPERATION#flowable-async-job-executor-thread-2926#
[ValidateDeployParametersStep] Parameters validated#
#2026 07 22 03:56:05.342#Z#DEBUG#435a90b7-8581-11f1-952a-eeee0a8c50ce.OPERATION#flowable-async-job-executor-thread-2926#
Step "Validate Parameters" finished#
#2026 07 22 03:56:05.367#Z#DEBUG#435a90b7-8581-11f1-952a-eeee0a8c50ce.OPERATION#flowable-async-job-executor-thread-2927#
[DeleteRemainingFileParts] Executing task "deleteRemainingFileParts" of process "435a90dd-8581-11f1-952a-eeee0a8c50ce"...#
#2026 07 22 03:56:05.368#Z#DEBUG#435a90b7-8581-11f1-952a-eeee0a8c50ce.OPERATION#flowable-async-job-executor-thread-2927#
Step "Delete Remaining File Parts" finished#
#2026 07 22 03:56:05.389#Z#DEBUG#435a90b7-8581-11f1-952a-eeee0a8c50ce.OPERATION#flowable-async-job-executor-thread-2928#
[XS2ProcessMtaArchiveStep] Executing task "processArchiveTask" of process "435a90dd-8581-11f1-952a-eeee0a8c50ce"...#
#2026 07 22 03:56:05.390#Z#DEBUG#435a90b7-8581-11f1-952a-eeee0a8c50ce.OPERATION#flowable-async-job-executor-thread-2928#
[XS2ProcessMtaArchiveStep] Processing MTA archive...#
#2026 07 22 03:56:05.390#Z#DEBUG#435a90b7-8581-11f1-952a-eeee0a8c50ce.OPERATION#flowable-async-job-executor-thread-2928#
[XS2ProcessMtaArchiveStep] MTA Archive ID: 4716ea88-dff3-4fb1-a929-f40fac21c1a0#
#2026 07 22 03:56:05.608#Z#DEBUG#435a90b7-8581-11f1-952a-eeee0a8c50ce.OPERATION#flowable-async-job-executor-thread-2928#
[XS2ProcessMtaArchiveStep] MTA Descriptor length: 1,507#
#2026 07 22 03:56:05.608#Z#DEBUG#435a90b7-8581-11f1-952a-eeee0a8c50ce.OPERATION#flowable-async-job-executor-thread-2928#
[XS2ProcessMtaArchiveStep] MTA Archive Modules: [salesorderapp-db-deployer, salesorderapp-ui, salesorderapp-srv]#
#2026 07 22 03:56:05.608#Z#DEBUG#435a90b7-8581-11f1-952a-eeee0a8c50ce.OPERATION#flowable-async-job-executor-thread-2928#
[XS2ProcessMtaArchiveStep] MTA Archive Requires: []#
#2026 07 22 03:56:05.608#Z#DEBUG#435a90b7-8581-11f1-952a-eeee0a8c50ce.OPERATION#flowable-async-job-executor-thread-2928#
[XS2ProcessMtaArchiveStep] MTA Archive Resources: [salesorderapp-auth]#
#2026 07 22 03:56:05.617#Z#DEBUG#435a90b7-8581-11f1-952a-eeee0a8c50ce.OPERATION#flowable-async-job-executor-thread-2928#
[XS2ProcessMtaArchiveStep] MTA archive processed#
#2026 07 22 03:56:05.617#Z#DEBUG#435a90b7-8581-11f1-952a-eeee0a8c50ce.OPERATION#flowable-async-job-executor-thread-2928#
Step "Process Archive" finished#
#2026 07 22 03:56:05.650#Z#DEBUG#435a90b7-8581-11f1-952a-eeee0a8c50ce.OPERATION#flowable-async-job-executor-thread-2929#
[ProcessMtaExtensionDescriptorsStep] Executing task "processExtensionDescriptorsTask" of process "435a90dd-8581-11f1-952a-eeee0a8c50ce"...#
#2026 07 22 03:56:05.651#Z#DEBUG#435a90b7-8581-11f1-952a-eeee0a8c50ce.OPERATION#flowable-async-job-executor-thread-2929#
[ProcessMtaExtensionDescriptorsStep] Processing MTA extension descriptors...#
#2026 07 22 03:56:05.651#Z#DEBUG#435a90b7-8581-11f1-952a-eeee0a8c50ce.OPERATION#flowable-async-job-executor-thread-2929#
[ProcessMtaExtensionDescriptorsStep] Provided extension descriptors: [ ]#
#2026 07 22 03:56:05.651#Z#DEBUG#435a90b7-8581-11f1-952a-eeee0a8c50ce.OPERATION#flowable-async-job-executor-thread-2929#
[ProcessMtaExtensionDescriptorsStep] No extension descriptors in use#
#2026 07 22 03:56:05.651#Z#DEBUG#435a90b7-8581-11f1-952a-eeee0a8c50ce.OPERATION#flowable-async-job-executor-thread-2929#
[ProcessMtaExtensionDescriptorsStep] MTA extension descriptors processed#
#2026 07 22 03:56:05.651#Z#DEBUG#435a90b7-8581-11f1-952a-eeee0a8c50ce.OPERATION#flowable-async-job-executor-thread-2929#
Step "Process Extension Descriptors" finished#
#2026 07 22 03:56:05.678#Z#DEBUG#435a90b7-8581-11f1-952a-eeee0a8c50ce.OPERATION#flowable-async-job-executor-thread-2930#
[XS2DetectMtaSchemaVersionStep] Executing task "detectSchemaVersionTask" of process "435a90dd-8581-11f1-952a-eeee0a8c50ce"...#
#2026 07 22 03:56:05.679#Z#DEBUG#435a90b7-8581-11f1-952a-eeee0a8c50ce.OPERATION#flowable-async-job-executor-thread-2930#
[XS2DetectMtaSchemaVersionStep] Detecting MTA major schema version...#
#2026 07 22 03:56:05.680#Z#INFO#435a90b7-8581-11f1-952a-eeee0a8c50ce.OPERATION#flowable-async-job-executor-thread-2930#
[XS2DetectMtaSchemaVersionStep] Detected MTA schema version: "3"#
#2026 07 22 03:56:05.686#Z#DEBUG#435a90b7-8581-11f1-952a-eeee0a8c50ce.OPERATION#flowable-async-job-executor-thread-2930#
Step "Detect Schema Version" finished#
#2026 07 22 03:56:05.712#Z#DEBUG#435a90b7-8581-11f1-952a-eeee0a8c50ce.OPERATION#flowable-async-job-executor-thread-2931#
[MergeDescriptorsStep] Executing task "mergeDescriptorsTask" of process "435a90dd-8581-11f1-952a-eeee0a8c50ce"...#
#2026 07 22 03:56:05.713#Z#DEBUG#435a90b7-8581-11f1-952a-eeee0a8c50ce.OPERATION#flowable-async-job-executor-thread-2931#
[MergeDescriptorsStep] Validating and merging descriptors...#
#2026 07 22 03:56:05.714#Z#DEBUG#435a90b7-8581-11f1-952a-eeee0a8c50ce.OPERATION#flowable-async-job-executor-thread-2931#
[MergeDescriptorsStep] Merged deployment descriptor: {
  "majorSchemaVersion" : 3,
  "schemaVersion" : "3.3.0",
  "id" : "salesorderapp",
  "version" : "1.0.0",
  "modules" : [ {
    "majorSchemaVersion" : 3,
    "name" : "salesorderapp-ui",
    "type" : "javascript.nodejs",
    "path" : "salesorderapp-ui",
    "properties" : { },
    "parameters" : {
      "buildpack" : "nodejs_buildpack"
    },
    "requiredDependencies" : [ {
      "majorSchemaVersion" : 3,
      "name" : "srv-api",
      "group" : "destinations",
      "properties" : {
        "name" : "srv-api",
        "forwardAuthToken" : "********",
        "strictSSL" : true,
        "url" : "~{srv-url}"
      },
      "parameters" : { },
      "propertiesMetadata" : {
        "metadata" : { }
      },
      "parametersMetadata" : {
        "metadata" : { }
      }
    }, {
      "majorSchemaVersion" : 3,
      "name" : "********",
      "properties" : { },
      "parameters" : { },
      "propertiesMetadata" : {
        "metadata" : { }
      },
      "parametersMetadata" : {
        "metadata" : { }
      }
    } ],
    "providedDependencies" : [ {
      "majorSchemaVersion" : 3,
      "name" : "salesorderapp-ui",
      "isPublic" : false,
      "properties" : { },
      "parameters" : { },
      "propertiesMetadata" : {
        "metadata" : { }
      },
      "parametersMetadata" : {
        "metadata" : { }
      }
    } ],
    "propertiesMetadata" : {
      "metadata" : { }
    },
    "parametersMetadata" : {
      "metadata" : { }
    },
    "hooks" : [ ]
  }, {
    "majorSchemaVersion" : 3,
    "name" : "salesorderapp-srv",
    "type" : "javascript.nodejs",
    "path" : "salesorderapp-srv",
    "properties" : { },
    "parameters" : {
      "buildpack" : "nodejs_buildpack",
      "instances" : 1
    },
    "requiredDependencies" : [ {
      "majorSchemaVersion" : 3,
      "name" : "********",
      "properties" : { },
      "parameters" : { },
      "propertiesMetadata" : {
        "metadata" : { }
      },
      "parametersMetadata" : {
        "metadata" : { }
      }
    }, {
      "majorSchemaVersion" : 3,
      "name" : "salesorderapp-db",
      "properties" : { },
      "parameters" : { },
      "propertiesMetadata" : {
        "metadata" : { }
      },
      "parametersMetadata" : {
        "metadata" : { }
      }
    } ],
    "providedDependencies" : [ {
      "majorSchemaVersion" : 3,
      "name" : "srv-api",
      "isPublic" : false,
      "properties" : {
        "srv-url" : "${default-url}"
      },
      "parameters" : { },
      "propertiesMetadata" : {
        "metadata" : { }
      },
      "parametersMetadata" : {
        "metadata" : { }
      }
    }, {
      "majorSchemaVersion" : 3,
      "name" : "salesorderapp-srv",
      "isPublic" : false,
      "properties" : { },
      "parameters" : { },
      "propertiesMetadata" : {
        "metadata" : { }
      },
      "parametersMetadata" : {
        "metadata" : { }
      }
    } ],
    "propertiesMetadata" : {
      "metadata" : { }
    },
    "parametersMetadata" : {
      "metadata" : { }
    },
    "hooks" : [ ]
  }, {
    "majorSchemaVersion" : 3,
    "name" : "salesorderapp-db-deployer",
    "type" : "com.sap.xs.hdi",
    "path" : "salesorderapp-db-deployer",
    "properties" : {
      "EXIT" : 1
    },
    "parameters" : {
      "memory" : "256M",
      "buildpack" : "nodejs_buildpack",
      "no-route" : true,
      "dependency-type" : "hard",
      "tasks" : [ {
        "name" : "deploy",
        "memory" : "256M",
        "command" : "npm start"
      } ],
      "no-start" : true
    },
    "requiredDependencies" : [ {
      "majorSchemaVersion" : 3,
      "name" : "salesorderapp-db",
      "properties" : { },
      "parameters" : { },
      "propertiesMetadata" : {
        "metadata" : { }
      },
      "parametersMetadata" : {
        "metadata" : { }
      }
    } ],
    "providedDependencies" : [ {
      "majorSchemaVersion" : 3,
      "name" : "salesorderapp-db-deployer",
      "isPublic" : false,
      "properties" : { },
      "parameters" : { },
      "propertiesMetadata" : {
        "metadata" : { }
      },
      "parametersMetadata" : {
        "metadata" : { }
      }
    } ],
    "propertiesMetadata" : {
      "metadata" : { }
    },
    "parametersMetadata" : {
      "metadata" : { }
    },
    "hooks" : [ ]
  } ],
  "resources" : [ {
    "majorSchemaVersion" : 3,
    "name" : "********",
    "type" : "org.cloudfoundry.managed-service",
    "properties" : { },
    "parameters" : {
      "path" : "./xs-security.json",
      "service-plan" : "application",
      "type" : "managed-service",
      "config" : {
        "oauth2-configuration" : "********",
        "tenant-mode" : "dedicated",
        "xsappname" : "salesorderapp-${org}-${space}"
      },
      "service" : "xsuaa"
    },
    "isActive" : true,
    "isOptional" : false,
    "propertiesMetadata" : {
      "metadata" : { }
    },
    "parametersMetadata" : {
      "metadata" : { }
    },
    "requiredDependencies" : [ ],
    "processedAfter" : [ ]
  }, {
    "majorSchemaVersion" : 3,
    "name" : "salesorderapp-db",
    "type" : "com.sap.xs.hdi-container",
    "properties" : { },
    "parameters" : {
      "type" : "managed-service",
      "service" : "hana",
      "service-plan" : "hdi-shared"
    },
    "isActive" : true,
    "isOptional" : false,
    "propertiesMetadata" : {
      "metadata" : { }
    },
    "parametersMetadata" : {
      "metadata" : { }
    },
    "requiredDependencies" : [ ],
    "processedAfter" : [ ]
  } ],
  "parameters" : {
    "enable-parallel-deployments" : true
  },
  "parametersMetadata" : {
    "metadata" : { }
  }
}#
#2026 07 22 03:56:05.715#Z#DEBUG#435a90b7-8581-11f1-952a-eeee0a8c50ce.OPERATION#flowable-async-job-executor-thread-2931#
[MergeDescriptorsStep] Descriptors validated and merged#
#2026 07 22 03:56:05.715#Z#DEBUG#435a90b7-8581-11f1-952a-eeee0a8c50ce.OPERATION#flowable-async-job-executor-thread-2931#
Step "Merge Descriptors" finished#
#2026 07 22 03:56:05.743#Z#DEBUG#435a90b7-8581-11f1-952a-eeee0a8c50ce.OPERATION#flowable-async-job-executor-thread-2932#
[DetectDeployedMtaStep] Executing task "detectDeployedMtaTask" of process "435a90dd-8581-11f1-952a-eeee0a8c50ce"...#
#2026 07 22 03:56:05.744#Z#DEBUG#435a90b7-8581-11f1-952a-eeee0a8c50ce.OPERATION#flowable-async-job-executor-thread-2932#
[DetectDeployedMtaStep] Detecting deployed MTA...#
#2026 07 22 03:56:05.797#Z#DEBUG#435a90b7-8581-11f1-952a-eeee0a8c50ce.OPERATION#flowable-async-job-executor-thread-2932#
[DetectDeployedMtaStep] Detecting MTA by id salesorderapp and namespace null#
#2026 07 22 03:56:05.797#Z#DEBUG#435a90b7-8581-11f1-952a-eeee0a8c50ce.OPERATION#flowable-async-job-executor-thread-2932#
[DetectDeployedMtaStep] Getting applications by metadata label selector "mta_id=87bfb45d92c9bf855f6de3df4fea5e73,!mta_namespace"...#
#2026 07 22 03:56:05.845#Z#DEBUG#435a90b7-8581-11f1-952a-eeee0a8c50ce.OPERATION#flowable-async-job-executor-thread-2932#
[DetectDeployedMtaStep] Getting service instances by metadata label selector "mta_id=87bfb45d92c9bf855f6de3df4fea5e73,!mta_namespace"...#
#2026 07 22 03:56:05.978#Z#DEBUG#435a90b7-8581-11f1-952a-eeee0a8c50ce.OPERATION#flowable-async-job-executor-thread-2932#
[DetectDeployedMtaStep] Deployed MTA: {
  "metadata" : {
    "id" : "salesorderapp",
    "version" : "1.0.0"
  },
  "applications" : [ {
    "name" : "salesorderapp-srv",
    "metadata" : {
      "guid" : "c31c55a3-17d0-489b-89ee-f38467ab5577",
      "createdAt" : [ 2026, 7, 21, 6, 32, 54 ],
      "updatedAt" : [ 2026, 7, 22, 0, 9, 49 ]
    },
    "v3Metadata" : {
      "annotations" : {
        "mta_id" : "salesorderapp",
        "mta_version" : "1.0.0",
        "mta_module" : "{\"name\":\"salesorderapp-srv\"}",
        "mta_module_provided_dependencies" : "[]",
        "mta_bound_services" : "********"
      },
      "labels" : {
        "mta_id" : "87bfb45d92c9bf855f6de3df4fea5e73"
      }
    },
    "state" : "STOPPED",
    "lifecycle" : {
      "type" : "BUILDPACK",
      "data" : {
        "stack" : "cflinuxfs4",
        "buildpacks" : [ "nodejs_buildpack" ]
      }
    },
    "space" : {
      "name" : "dev",
      "metadata" : {
        "guid" : "a8460b67-b005-477e-a885-af01acf20eae",
        "createdAt" : [ 2026, 6, 12, 6, 7, 28 ],
        "updatedAt" : [ 2026, 6, 12, 6, 7, 28 ]
      },
      "organization" : {
        "name" : "8fd6ac6ctrial",
        "metadata" : {
          "guid" : "26f8afbe-50d1-448f-81e9-c738b2504804",
          "createdAt" : [ 2026, 6, 12, 6, 7, 26 ],
          "updatedAt" : [ 2026, 6, 12, 6, 7, 27 ]
        }
      }
    },
    "moduleName" : "salesorderapp-srv",
    "boundMtaServices" : [ "********", "salesorderapp-db" ],
    "providedDependencyNames" : [ ],
    "productizationState" : "LIVE"
  }, {
    "name" : "salesorderapp-db-deployer",
    "metadata" : {
      "guid" : "17409ad2-339a-413e-b379-b8d048f39a95",
      "createdAt" : [ 2026, 7, 21, 6, 32, 55 ],
      "updatedAt" : [ 2026, 7, 21, 11, 10, 38 ]
    },
    "v3Metadata" : {
      "annotations" : {
        "mta_id" : "salesorderapp",
        "mta_version" : "1.0.0",
        "mta_module" : "{\"name\":\"salesorderapp-db-deployer\"}",
        "mta_module_provided_dependencies" : "[]",
        "mta_bound_services" : "[\"salesorderapp-db\"]"
      },
      "labels" : {
        "mta_id" : "87bfb45d92c9bf855f6de3df4fea5e73"
      }
    },
    "state" : "STOPPED",
    "lifecycle" : {
      "type" : "BUILDPACK",
      "data" : {
        "stack" : "cflinuxfs4",
        "buildpacks" : [ "nodejs_buildpack" ]
      }
    },
    "space" : {
      "name" : "dev",
      "metadata" : {
        "guid" : "a8460b67-b005-477e-a885-af01acf20eae",
        "createdAt" : [ 2026, 6, 12, 6, 7, 28 ],
        "updatedAt" : [ 2026, 6, 12, 6, 7, 28 ]
      },
      "organization" : {
        "name" : "8fd6ac6ctrial",
        "metadata" : {
          "guid" : "26f8afbe-50d1-448f-81e9-c738b2504804",
          "createdAt" : [ 2026, 6, 12, 6, 7, 26 ],
          "updatedAt" : [ 2026, 6, 12, 6, 7, 27 ]
        }
      }
    },
    "moduleName" : "salesorderapp-db-deployer",
    "boundMtaServices" : [ "salesorderapp-db" ],
    "providedDependencyNames" : [ ],
    "productizationState" : "LIVE"
  }, {
    "name" : "salesorderapp-ui",
    "metadata" : {
      "guid" : "af43ed23-8273-4aa0-a6ba-24f0f480a965",
      "createdAt" : [ 2026, 7, 21, 11, 9, 34 ],
      "updatedAt" : [ 2026, 7, 22, 0, 9, 49 ]
    },
    "v3Metadata" : {
      "annotations" : {
        "mta_id" : "salesorderapp",
        "mta_version" : "1.0.0",
        "mta_module" : "{\"name\":\"salesorderapp-ui\"}",
        "mta_module_provided_dependencies" : "[]",
        "mta_bound_services" : "********"
      },
      "labels" : {
        "mta_id" : "87bfb45d92c9bf855f6de3df4fea5e73"
      }
    },
    "state" : "STOPPED",
    "lifecycle" : {
      "type" : "BUILDPACK",
      "data" : {
        "stack" : "cflinuxfs4",
        "buildpacks" : [ "nodejs_buildpack" ]
      }
    },
    "space" : {
      "name" : "dev",
      "metadata" : {
        "guid" : "a8460b67-b005-477e-a885-af01acf20eae",
        "createdAt" : [ 2026, 6, 12, 6, 7, 28 ],
        "updatedAt" : [ 2026, 6, 12, 6, 7, 28 ]
      },
      "organization" : {
        "name" : "8fd6ac6ctrial",
        "metadata" : {
          "guid" : "26f8afbe-50d1-448f-81e9-c738b2504804",
          "createdAt" : [ 2026, 6, 12, 6, 7, 26 ],
          "updatedAt" : [ 2026, 6, 12, 6, 7, 27 ]
        }
      }
    },
    "moduleName" : "salesorderapp-ui",
    "boundMtaServices" : [ "********" ],
    "providedDependencyNames" : [ ],
    "productizationState" : "LIVE"
  } ],
  "services" : [ {
    "name" : "********",
    "metadata" : {
      "guid" : "d24a7cd2-09da-4b15-8ddd-0e1c366949d8",
      "createdAt" : [ 2026, 7, 21, 6, 32, 31 ],
      "updatedAt" : [ 2026, 7, 21, 6, 32, 31 ]
    },
    "v3Metadata" : {
      "annotations" : {
        "mta_id" : "salesorderapp",
        "mta_version" : "1.0.0",
        "mta_resource" : "********"
      },
      "labels" : {
        "mta_id" : "87bfb45d92c9bf855f6de3df4fea5e73"
      }
    },
    "label" : "xsuaa",
    "plan" : "application",
    "credentials" : "********",
    "tags" : [ ],
    "type" : "managed",
    "lastOperation" : {
      "type" : "UPDATE",
      "description" : "",
      "state" : "SUCCEEDED"
    },
    "resourceName" : "********"
  }, {
    "name" : "salesorderapp-db",
    "metadata" : {
      "guid" : "f39742e5-7e27-4e83-94cf-0059342f8001",
      "createdAt" : [ 2026, 7, 16, 4, 24, 9 ],
      "updatedAt" : [ 2026, 7, 21, 6, 32, 31 ]
    },
    "v3Metadata" : {
      "annotations" : {
        "mta_id" : "salesorderapp",
        "mta_version" : "1.0.0",
        "mta_resource" : "{\"name\":\"salesorderapp-db\"}"
      },
      "labels" : {
        "mta_id" : "87bfb45d92c9bf855f6de3df4fea5e73"
      }
    },
    "label" : "hana",
    "plan" : "hdi-shared",
    "credentials" : "********",
    "tags" : [ ],
    "type" : "managed",
    "lastOperation" : {
      "type" : "UPDATE",
      "state" : "SUCCEEDED"
    },
    "resourceName" : "salesorderapp-db"
  } ]
}#
#2026 07 22 03:56:05.978#Z#INFO#435a90b7-8581-11f1-952a-eeee0a8c50ce.OPERATION#flowable-async-job-executor-thread-2932#
[DetectDeployedMtaStep] Detected deployed MTA with ID "salesorderapp" and version "1.0.0"#
#2026 07 22 03:56:05.983#Z#DEBUG#435a90b7-8581-11f1-952a-eeee0a8c50ce.OPERATION#flowable-async-job-executor-thread-2932#
[DetectDeployedMtaStep] Detecting backup mta by id "salesorderapp" and namespace "null"#
#2026 07 22 03:56:05.983#Z#DEBUG#435a90b7-8581-11f1-952a-eeee0a8c50ce.OPERATION#flowable-async-job-executor-thread-2932#
[DetectDeployedMtaStep] Getting applications by metadata label selector "mta_id=87bfb45d92c9bf855f6de3df4fea5e73,mta_namespace=b698114a0995e936895b9598a6c19a2c"...#
#2026 07 22 03:56:06.012#Z#DEBUG#435a90b7-8581-11f1-952a-eeee0a8c50ce.OPERATION#flowable-async-job-executor-thread-2932#
[DetectDeployedMtaStep] Getting service instances by metadata label selector "mta_id=87bfb45d92c9bf855f6de3df4fea5e73,mta_namespace=b698114a0995e936895b9598a6c19a2c"...#
#2026 07 22 03:56:06.075#Z#DEBUG#435a90b7-8581-11f1-952a-eeee0a8c50ce.OPERATION#flowable-async-job-executor-thread-2932#
[DetectDeployedMtaStep] Deployed MTA service keys: [ ]#
#2026 07 22 03:56:06.075#Z#DEBUG#435a90b7-8581-11f1-952a-eeee0a8c50ce.OPERATION#flowable-async-job-executor-thread-2932#
Step "Detect Deployed MTA" finished#
#2026 07 22 03:56:06.103#Z#DEBUG#435a90b7-8581-11f1-952a-eeee0a8c50ce.OPERATION#flowable-async-job-executor-thread-2932#
[XS2CollectSystemParametersStep] Executing task "collectSystemParametersTask" of process "435a90dd-8581-11f1-952a-eeee0a8c50ce"...#
#2026 07 22 03:56:06.104#Z#DEBUG#435a90b7-8581-11f1-952a-eeee0a8c50ce.OPERATION#flowable-async-job-executor-thread-2932#
[XS2CollectSystemParametersStep] Collecting system parameters...#
#2026 07 22 03:56:06.104#Z#DEBUG#435a90b7-8581-11f1-952a-eeee0a8c50ce.OPERATION#flowable-async-job-executor-thread-2932#
[XS2CollectSystemParametersStep] Getting default domain...#
#2026 07 22 03:56:06.128#Z#DEBUG#435a90b7-8581-11f1-952a-eeee0a8c50ce.OPERATION#flowable-async-job-executor-thread-2932#
[XS2CollectSystemParametersStep] Default domain: cfapps.us10-001.hana.ondemand.com#
#2026 07 22 03:56:06.129#Z#DEBUG#435a90b7-8581-11f1-952a-eeee0a8c50ce.OPERATION#flowable-async-job-executor-thread-2932#
[XS2CollectSystemParametersStep] Checking for overwriting read-only parameters for mta with id: "salesorderapp"#
#2026 07 22 03:56:06.129#Z#DEBUG#435a90b7-8581-11f1-952a-eeee0a8c50ce.OPERATION#flowable-async-job-executor-thread-2932#
[XS2CollectSystemParametersStep] No read-only parameters are overwritten#
#2026 07 22 03:56:06.141#Z#DEBUG#435a90b7-8581-11f1-952a-eeee0a8c50ce.OPERATION#flowable-async-job-executor-thread-2932#
[XS2CollectSystemParametersStep] Descriptor with system parameters: {
  "majorSchemaVersion" : 3,
  "schemaVersion" : "3.3.0",
  "id" : "salesorderapp",
  "version" : "1.0.0",
  "modules" : [ {
    "majorSchemaVersion" : 3,
    "name" : "salesorderapp-ui",
    "type" : "javascript.nodejs",
    "path" : "salesorderapp-ui",
    "properties" : { },
    "parameters" : {
      "default-url" : "${protocol}://${default-uri}",
      "default-app-name" : "salesorderapp-ui",
      "generated-password" : "********",
      "default-live-url" : "${protocol}://${default-live-uri}",
      "default-uri" : "${host}.${domain}",
      "default-instances" : 1,
      "default-live-host" : "8fd6ac6ctrial-dev-salesorderapp-ui",
      "instances" : "${default-instances}",
      "buildpack" : "nodejs_buildpack",
      "default-host" : "8fd6ac6ctrial-dev-salesorderapp-ui",
      "app-name" : "${default-app-name}",
      "default-live-uri" : "8fd6ac6ctrial-dev-salesorderapp-ui.${domain}",
      "protocol" : "https",
      "default-live-app-name" : "salesorderapp-ui",
      "default-live-domain" : "cfapps.us10-001.hana.ondemand.com",
      "domain" : "${default-domain}",
      "host" : "${default-host}",
      "generated-user" : "********"
    },
    "requiredDependencies" : [ {
      "majorSchemaVersion" : 3,
      "name" : "srv-api",
      "group" : "destinations",
      "properties" : {
        "name" : "srv-api",
        "forwardAuthToken" : "********",
        "strictSSL" : true,
        "url" : "~{srv-url}"
      },
      "parameters" : { },
      "propertiesMetadata" : {
        "metadata" : { }
      },
      "parametersMetadata" : {
        "metadata" : { }
      }
    }, {
      "majorSchemaVersion" : 3,
      "name" : "********",
      "properties" : { },
      "parameters" : { },
      "propertiesMetadata" : {
        "metadata" : { }
      },
      "parametersMetadata" : {
        "metadata" : { }
      }
    } ],
    "providedDependencies" : [ {
      "majorSchemaVersion" : 3,
      "name" : "salesorderapp-ui",
      "isPublic" : false,
      "properties" : { },
      "parameters" : { },
      "propertiesMetadata" : {
        "metadata" : { }
      },
      "parametersMetadata" : {
        "metadata" : { }
      }
    } ],
    "propertiesMetadata" : {
      "metadata" : { }
    },
    "parametersMetadata" : {
      "metadata" : { }
    },
    "hooks" : [ ]
  }, {
    "majorSchemaVersion" : 3,
    "name" : "salesorderapp-srv",
    "type" : "javascript.nodejs",
    "path" : "salesorderapp-srv",
    "properties" : { },
    "parameters" : {
      "default-url" : "${protocol}://${default-uri}",
      "default-app-name" : "salesorderapp-srv",
      "generated-password" : "********",
      "default-live-url" : "${protocol}://${default-live-uri}",
      "default-uri" : "${host}.${domain}",
      "default-instances" : 1,
      "default-live-host" : "8fd6ac6ctrial-dev-salesorderapp-srv",
      "instances" : 1,
      "buildpack" : "nodejs_buildpack",
      "default-host" : "8fd6ac6ctrial-dev-salesorderapp-srv",
      "app-name" : "${default-app-name}",
      "default-live-uri" : "8fd6ac6ctrial-dev-salesorderapp-srv.${domain}",
      "protocol" : "https",
      "default-live-app-name" : "salesorderapp-srv",
      "default-live-domain" : "cfapps.us10-001.hana.ondemand.com",
      "domain" : "${default-domain}",
      "host" : "${default-host}",
      "generated-user" : "********"
    },
    "requiredDependencies" : [ {
      "majorSchemaVersion" : 3,
      "name" : "********",
      "properties" : { },
      "parameters" : { },
      "propertiesMetadata" : {
        "metadata" : { }
      },
      "parametersMetadata" : {
        "metadata" : { }
      }
    }, {
      "majorSchemaVersion" : 3,
      "name" : "salesorderapp-db",
      "properties" : { },
      "parameters" : { },
      "propertiesMetadata" : {
        "metadata" : { }
      },
      "parametersMetadata" : {
        "metadata" : { }
      }
    } ],
    "providedDependencies" : [ {
      "majorSchemaVersion" : 3,
      "name" : "srv-api",
      "isPublic" : false,
      "properties" : {
        "srv-url" : "${default-url}"
      },
      "parameters" : { },
      "propertiesMetadata" : {
        "metadata" : { }
      },
      "parametersMetadata" : {
        "metadata" : { }
      }
    }, {
      "majorSchemaVersion" : 3,
      "name" : "salesorderapp-srv",
      "isPublic" : false,
      "properties" : { },
      "parameters" : { },
      "propertiesMetadata" : {
        "metadata" : { }
      },
      "parametersMetadata" : {
        "metadata" : { }
      }
    } ],
    "propertiesMetadata" : {
      "metadata" : { }
    },
    "parametersMetadata" : {
      "metadata" : { }
    },
    "hooks" : [ ]
  }, {
    "majorSchemaVersion" : 3,
    "name" : "salesorderapp-db-deployer",
    "type" : "com.sap.xs.hdi",
    "path" : "salesorderapp-db-deployer",
    "properties" : {
      "EXIT" : 1
    },
    "parameters" : {
      "default-url" : "${protocol}://${default-uri}",
      "default-app-name" : "salesorderapp-db-deployer",
      "generated-password" : "********",
      "default-live-url" : "${protocol}://${default-live-uri}",
      "default-uri" : "${host}.${domain}",
      "memory" : "256M",
      "default-instances" : 1,
      "no-route" : true,
      "default-live-host" : "8fd6ac6ctrial-dev-salesorderapp-db-deployer",
      "instances" : "${default-instances}",
      "buildpack" : "nodejs_buildpack",
      "default-host" : "8fd6ac6ctrial-dev-salesorderapp-db-deployer",
      "app-name" : "${default-app-name}",
      "default-live-uri" : "8fd6ac6ctrial-dev-salesorderapp-db-deployer.${domain}",
      "protocol" : "https",
      "default-live-app-name" : "salesorderapp-db-deployer",
      "default-live-domain" : "cfapps.us10-001.hana.ondemand.com",
      "dependency-type" : "hard",
      "domain" : "${default-domain}",
      "host" : "${default-host}",
      "generated-user" : "********",
      "tasks" : [ {
        "name" : "deploy",
        "memory" : "256M",
        "command" : "npm start"
      } ],
      "no-start" : true
    },
    "requiredDependencies" : [ {
      "majorSchemaVersion" : 3,
      "name" : "salesorderapp-db",
      "properties" : { },
      "parameters" : { },
      "propertiesMetadata" : {
        "metadata" : { }
      },
      "parametersMetadata" : {
        "metadata" : { }
      }
    } ],
    "providedDependencies" : [ {
      "majorSchemaVersion" : 3,
      "name" : "salesorderapp-db-deployer",
      "isPublic" : false,
      "properties" : { },
      "parameters" : { },
      "propertiesMetadata" : {
        "metadata" : { }
      },
      "parametersMetadata" : {
        "metadata" : { }
      }
    } ],
    "propertiesMetadata" : {
      "metadata" : { }
    },
    "parametersMetadata" : {
      "metadata" : { }
    },
    "hooks" : [ ]
  } ],
  "resources" : [ {
    "majorSchemaVersion" : 3,
    "name" : "********",
    "type" : "org.cloudfoundry.managed-service",
    "properties" : { },
    "parameters" : {
      "generated-password" : "********",
      "path" : "./xs-security.json",
      "service-name" : "${default-service-name}",
      "service-plan" : "application",
      "service" : "xsuaa",
      "generated-user" : "********",
      "default-xsappname" : "********",
      "type" : "managed-service",
      "config" : {
        "oauth2-configuration" : "********",
        "tenant-mode" : "dedicated",
        "xsappname" : "salesorderapp-${org}-${space}"
      },
      "default-service-name" : "********",
      "default-container-name" : "********"
    },
    "isActive" : true,
    "isOptional" : false,
    "propertiesMetadata" : {
      "metadata" : { }
    },
    "parametersMetadata" : {
      "metadata" : { }
    },
    "requiredDependencies" : [ ],
    "processedAfter" : [ ]
  }, {
    "majorSchemaVersion" : 3,
    "name" : "salesorderapp-db",
    "type" : "com.sap.xs.hdi-container",
    "properties" : { },
    "parameters" : {
      "generated-password" : "********",
      "service-name" : "${default-service-name}",
      "service-plan" : "hdi-shared",
      "service" : "hana",
      "generated-user" : "********",
      "default-xsappname" : "salesorderapp-db",
      "type" : "managed-service",
      "default-service-name" : "salesorderapp-db",
      "default-container-name" : "8FD6AC6CTRIAL_DEV_SALESORDERAPP_DB"
    },
    "isActive" : true,
    "isOptional" : false,
    "propertiesMetadata" : {
      "metadata" : { }
    },
    "parametersMetadata" : {
      "metadata" : { }
    },
    "requiredDependencies" : [ ],
    "processedAfter" : [ ]
  } ],
  "parameters" : {
    "mta-id" : "salesorderapp",
    "authorization-url" : "********",
    "org-guid" : "26f8afbe-50d1-448f-81e9-c738b2504804",
    "org" : "8fd6ac6ctrial",
    "deploy-target" : "8fd6ac6ctrial dev",
    "enable-parallel-deployments" : true,
    "space" : "dev",
    "xs-api-url" : "https://api.cf.us10-001.hana.ondemand.com",
    "deploy-url" : "deploy-service.cfapps.us10-001.hana.ondemand.com",
    "xs-type" : "CF",
    "default-domain" : "cfapps.us10-001.hana.ondemand.com",
    "mta-version" : "1.0.0",
    "xs-auth-url" : "********",
    "space-guid" : "a8460b67-b005-477e-a885-af01acf20eae",
    "user" : "********",
    "controller-url" : "https://api.cf.us10-001.hana.ondemand.com",
    "timestamp" : "20260722035605"
  },
  "parametersMetadata" : {
    "metadata" : { }
  }
}#
#2026 07 22 03:56:06.143#Z#DEBUG#435a90b7-8581-11f1-952a-eeee0a8c50ce.OPERATION#flowable-async-job-executor-thread-2932#
[XS2CollectSystemParametersStep] Version rule: SAME_HIGHER#
#2026 07 22 03:56:06.143#Z#INFO#435a90b7-8581-11f1-952a-eeee0a8c50ce.OPERATION#flowable-async-job-executor-thread-2932#
[XS2CollectSystemParametersStep] Detected new MTA version: "1.0.0"#
#2026 07 22 03:56:06.148#Z#INFO#435a90b7-8581-11f1-952a-eeee0a8c50ce.OPERATION#flowable-async-job-executor-thread-2932#
[XS2CollectSystemParametersStep] Deployed MTA version: "1.0.0"#
#2026 07 22 03:56:06.152#Z#DEBUG#435a90b7-8581-11f1-952a-eeee0a8c50ce.OPERATION#flowable-async-job-executor-thread-2932#
[XS2CollectSystemParametersStep] MTA accepted for deployment#
#2026 07 22 03:56:06.152#Z#DEBUG#435a90b7-8581-11f1-952a-eeee0a8c50ce.OPERATION#flowable-async-job-executor-thread-2932#
[XS2CollectSystemParametersStep] System parameters collected#
#2026 07 22 03:56:06.153#Z#DEBUG#435a90b7-8581-11f1-952a-eeee0a8c50ce.OPERATION#flowable-async-job-executor-thread-2932#
Step "Collect System Parameters" finished#
#2026 07 22 03:56:06.181#Z#DEBUG#435a90b7-8581-11f1-952a-eeee0a8c50ce.OPERATION#flowable-async-job-executor-thread-2932#
[ProcessDescriptorStep] Executing task "processDescriptorTask" of process "435a90dd-8581-11f1-952a-eeee0a8c50ce"...#
#2026 07 22 03:56:06.181#Z#DEBUG#435a90b7-8581-11f1-952a-eeee0a8c50ce.OPERATION#flowable-async-job-executor-thread-2932#
[ProcessDescriptorStep] Resolving properties and parameters in merged descriptor...#
#2026 07 22 03:56:06.184#Z#DEBUG#435a90b7-8581-11f1-952a-eeee0a8c50ce.OPERATION#flowable-async-job-executor-thread-2932#
[ProcessDescriptorStep] Subscriptions: [ ]#
#2026 07 22 03:56:06.185#Z#DEBUG#435a90b7-8581-11f1-952a-eeee0a8c50ce.OPERATION#flowable-async-job-executor-thread-2932#
[ProcessDescriptorStep] MTA modules: [salesorderapp-ui, salesorderapp-db-deployer, salesorderapp-srv]#
#2026 07 22 03:56:06.185#Z#DEBUG#435a90b7-8581-11f1-952a-eeee0a8c50ce.OPERATION#flowable-async-job-executor-thread-2932#
[ProcessDescriptorStep] Resolved deployment descriptor: {
  "majorSchemaVersion" : 3,
  "schemaVersion" : "3.3.0",
  "id" : "salesorderapp",
  "version" : "1.0.0",
  "modules" : [ {
    "majorSchemaVersion" : 3,
    "name" : "salesorderapp-ui",
    "type" : "javascript.nodejs",
    "path" : "salesorderapp-ui",
    "properties" : { },
    "parameters" : {
      "default-url" : "https://8fd6ac6ctrial-dev-salesorderapp-ui.cfapps.us10-001.hana.ondemand.com",
      "default-app-name" : "salesorderapp-ui",
      "generated-password" : "********",
      "default-live-url" : "https://8fd6ac6ctrial-dev-salesorderapp-ui.cfapps.us10-001.hana.ondemand.com",
      "default-uri" : "8fd6ac6ctrial-dev-salesorderapp-ui.cfapps.us10-001.hana.ondemand.com",
      "default-instances" : 1,
      "default-live-host" : "8fd6ac6ctrial-dev-salesorderapp-ui",
      "instances" : 1,
      "buildpack" : "nodejs_buildpack",
      "default-host" : "8fd6ac6ctrial-dev-salesorderapp-ui",
      "app-name" : "salesorderapp-ui",
      "default-live-uri" : "8fd6ac6ctrial-dev-salesorderapp-ui.cfapps.us10-001.hana.ondemand.com",
      "protocol" : "https",
      "default-live-app-name" : "salesorderapp-ui",
      "default-live-domain" : "cfapps.us10-001.hana.ondemand.com",
      "domain" : "cfapps.us10-001.hana.ondemand.com",
      "host" : "8fd6ac6ctrial-dev-salesorderapp-ui",
      "generated-user" : "********"
    },
    "requiredDependencies" : [ {
      "majorSchemaVersion" : 3,
      "name" : "srv-api",
      "group" : "destinations",
      "properties" : {
        "name" : "srv-api",
        "forwardAuthToken" : "********",
        "strictSSL" : true,
        "url" : "https://8fd6ac6ctrial-dev-salesorderapp-srv.cfapps.us10-001.hana.ondemand.com"
      },
      "parameters" : { },
      "propertiesMetadata" : {
        "metadata" : { }
      },
      "parametersMetadata" : {
        "metadata" : { }
      }
    }, {
      "majorSchemaVersion" : 3,
      "name" : "********",
      "properties" : { },
      "parameters" : { },
      "propertiesMetadata" : {
        "metadata" : { }
      },
      "parametersMetadata" : {
        "metadata" : { }
      }
    } ],
    "providedDependencies" : [ {
      "majorSchemaVersion" : 3,
      "name" : "salesorderapp-ui",
      "isPublic" : false,
      "properties" : { },
      "parameters" : { },
      "propertiesMetadata" : {
        "metadata" : { }
      },
      "parametersMetadata" : {
        "metadata" : { }
      }
    } ],
    "propertiesMetadata" : {
      "metadata" : { }
    },
    "parametersMetadata" : {
      "metadata" : { }
    },
    "hooks" : [ ]
  }, {
    "majorSchemaVersion" : 3,
    "name" : "salesorderapp-srv",
    "type" : "javascript.nodejs",
    "path" : "salesorderapp-srv",
    "properties" : { },
    "parameters" : {
      "default-url" : "https://8fd6ac6ctrial-dev-salesorderapp-srv.cfapps.us10-001.hana.ondemand.com",
      "default-app-name" : "salesorderapp-srv",
      "generated-password" : "********",
      "default-live-url" : "https://8fd6ac6ctrial-dev-salesorderapp-srv.cfapps.us10-001.hana.ondemand.com",
      "default-uri" : "8fd6ac6ctrial-dev-salesorderapp-srv.cfapps.us10-001.hana.ondemand.com",
      "default-instances" : 1,
      "default-live-host" : "8fd6ac6ctrial-dev-salesorderapp-srv",
      "instances" : 1,
      "buildpack" : "nodejs_buildpack",
      "default-host" : "8fd6ac6ctrial-dev-salesorderapp-srv",
      "app-name" : "salesorderapp-srv",
      "default-live-uri" : "8fd6ac6ctrial-dev-salesorderapp-srv.cfapps.us10-001.hana.ondemand.com",
      "protocol" : "https",
      "default-live-app-name" : "salesorderapp-srv",
      "default-live-domain" : "cfapps.us10-001.hana.ondemand.com",
      "domain" : "cfapps.us10-001.hana.ondemand.com",
      "host" : "8fd6ac6ctrial-dev-salesorderapp-srv",
      "generated-user" : "********"
    },
    "requiredDependencies" : [ {
      "majorSchemaVersion" : 3,
      "name" : "********",
      "properties" : { },
      "parameters" : { },
      "propertiesMetadata" : {
        "metadata" : { }
      },
      "parametersMetadata" : {
        "metadata" : { }
      }
    }, {
      "majorSchemaVersion" : 3,
      "name" : "salesorderapp-db",
      "properties" : { },
      "parameters" : { },
      "propertiesMetadata" : {
        "metadata" : { }
      },
      "parametersMetadata" : {
        "metadata" : { }
      }
    } ],
    "providedDependencies" : [ {
      "majorSchemaVersion" : 3,
      "name" : "srv-api",
      "isPublic" : false,
      "properties" : {
        "srv-url" : "https://8fd6ac6ctrial-dev-salesorderapp-srv.cfapps.us10-001.hana.ondemand.com"
      },
      "parameters" : { },
      "propertiesMetadata" : {
        "metadata" : { }
      },
      "parametersMetadata" : {
        "metadata" : { }
      }
    }, {
      "majorSchemaVersion" : 3,
      "name" : "salesorderapp-srv",
      "isPublic" : false,
      "properties" : { },
      "parameters" : { },
      "propertiesMetadata" : {
        "metadata" : { }
      },
      "parametersMetadata" : {
        "metadata" : { }
      }
    } ],
    "propertiesMetadata" : {
      "metadata" : { }
    },
    "parametersMetadata" : {
      "metadata" : { }
    },
    "hooks" : [ ]
  }, {
    "majorSchemaVersion" : 3,
    "name" : "salesorderapp-db-deployer",
    "type" : "com.sap.xs.hdi",
    "path" : "salesorderapp-db-deployer",
    "properties" : {
      "EXIT" : 1
    },
    "parameters" : {
      "default-url" : "https://8fd6ac6ctrial-dev-salesorderapp-db-deployer.cfapps.us10-001.hana.ondemand.com",
      "default-app-name" : "salesorderapp-db-deployer",
      "generated-password" : "********",
      "default-live-url" : "https://8fd6ac6ctrial-dev-salesorderapp-db-deployer.cfapps.us10-001.hana.ondemand.com",
      "default-uri" : "8fd6ac6ctrial-dev-salesorderapp-db-deployer.cfapps.us10-001.hana.ondemand.com",
      "memory" : "256M",
      "default-instances" : 1,
      "no-route" : true,
      "default-live-host" : "8fd6ac6ctrial-dev-salesorderapp-db-deployer",
      "instances" : 1,
      "buildpack" : "nodejs_buildpack",
      "default-host" : "8fd6ac6ctrial-dev-salesorderapp-db-deployer",
      "app-name" : "salesorderapp-db-deployer",
      "default-live-uri" : "8fd6ac6ctrial-dev-salesorderapp-db-deployer.cfapps.us10-001.hana.ondemand.com",
      "protocol" : "https",
      "default-live-app-name" : "salesorderapp-db-deployer",
      "default-live-domain" : "cfapps.us10-001.hana.ondemand.com",
      "dependency-type" : "hard",
      "domain" : "cfapps.us10-001.hana.ondemand.com",
      "host" : "8fd6ac6ctrial-dev-salesorderapp-db-deployer",
      "generated-user" : "********",
      "tasks" : [ {
        "command" : "npm start",
        "memory" : "256M",
        "name" : "deploy"
      } ],
      "no-start" : true
    },
    "requiredDependencies" : [ {
      "majorSchemaVersion" : 3,
      "name" : "salesorderapp-db",
      "properties" : { },
      "parameters" : { },
      "propertiesMetadata" : {
        "metadata" : { }
      },
      "parametersMetadata" : {
        "metadata" : { }
      }
    } ],
    "providedDependencies" : [ {
      "majorSchemaVersion" : 3,
      "name" : "salesorderapp-db-deployer",
      "isPublic" : false,
      "properties" : { },
      "parameters" : { },
      "propertiesMetadata" : {
        "metadata" : { }
      },
      "parametersMetadata" : {
        "metadata" : { }
      }
    } ],
    "propertiesMetadata" : {
      "metadata" : { }
    },
    "parametersMetadata" : {
      "metadata" : { }
    },
    "hooks" : [ ]
  } ],
  "resources" : [ {
    "majorSchemaVersion" : 3,
    "name" : "********",
    "type" : "org.cloudfoundry.managed-service",
    "properties" : { },
    "parameters" : {
      "generated-password" : "********",
      "path" : "./xs-security.json",
      "service-name" : "********",
      "service-plan" : "application",
      "service" : "xsuaa",
      "generated-user" : "********",
      "default-xsappname" : "********",
      "type" : "managed-service",
      "config" : {
        "oauth2-configuration" : "********",
        "tenant-mode" : "dedicated",
        "xsappname" : "salesorderapp-8fd6ac6ctrial-dev"
      },
      "default-service-name" : "********",
      "default-container-name" : "********"
    },
    "isActive" : true,
    "isOptional" : false,
    "propertiesMetadata" : {
      "metadata" : { }
    },
    "parametersMetadata" : {
      "metadata" : { }
    },
    "requiredDependencies" : [ ],
    "processedAfter" : [ ]
  }, {
    "majorSchemaVersion" : 3,
    "name" : "salesorderapp-db",
    "type" : "com.sap.xs.hdi-container",
    "properties" : { },
    "parameters" : {
      "generated-password" : "********",
      "service-name" : "salesorderapp-db",
      "service-plan" : "hdi-shared",
      "service" : "hana",
      "generated-user" : "********",
      "default-xsappname" : "salesorderapp-db",
      "type" : "managed-service",
      "default-service-name" : "salesorderapp-db",
      "default-container-name" : "8FD6AC6CTRIAL_DEV_SALESORDERAPP_DB"
    },
    "isActive" : true,
    "isOptional" : false,
    "propertiesMetadata" : {
      "metadata" : { }
    },
    "parametersMetadata" : {
      "metadata" : { }
    },
    "requiredDependencies" : [ ],
    "processedAfter" : [ ]
  } ],
  "parameters" : {
    "mta-id" : "salesorderapp",
    "authorization-url" : "********",
    "org-guid" : "26f8afbe-50d1-448f-81e9-c738b2504804",
    "org" : "8fd6ac6ctrial",
    "deploy-target" : "8fd6ac6ctrial dev",
    "enable-parallel-deployments" : true,
    "region-primary-domain" : "us10.hana.ondemand.com",
    "space" : "dev",
    "region-domain" : "us10-001.hana.ondemand.com",
    "xs-api-url" : "https://api.cf.us10-001.hana.ondemand.com",
    "deploy-url" : "deploy-service.cfapps.us10-001.hana.ondemand.com",
    "xs-type" : "CF",
    "default-domain" : "cfapps.us10-001.hana.ondemand.com",
    "mta-version" : "1.0.0",
    "xs-auth-url" : "********",
    "space-guid" : "a8460b67-b005-477e-a885-af01acf20eae",
    "user" : "********",
    "controller-url" : "https://api.cf.us10-001.hana.ondemand.com",
    "timestamp" : "20260722035605"
  },
  "parametersMetadata" : {
    "metadata" : { }
  }
}#
#2026 07 22 03:56:06.185#Z#DEBUG#435a90b7-8581-11f1-952a-eeee0a8c50ce.OPERATION#flowable-async-job-executor-thread-2932#
[ProcessDescriptorStep] Merged descriptor properties and parameters resolved#
#2026 07 22 03:56:06.185#Z#DEBUG#435a90b7-8581-11f1-952a-eeee0a8c50ce.OPERATION#flowable-async-job-executor-thread-2932#
Step "Process Descriptor Step" finished#
#2026 07 22 03:56:06.215#Z#DEBUG#435a90b7-8581-11f1-952a-eeee0a8c50ce.OPERATION#flowable-async-job-executor-thread-2927#
[XS2BuildCloudDeployModelStep] Executing task "buildDeployModelTask" of process "435a90dd-8581-11f1-952a-eeee0a8c50ce"...#
#2026 07 22 03:56:06.218#Z#DEBUG#435a90b7-8581-11f1-952a-eeee0a8c50ce.OPERATION#flowable-async-job-executor-thread-2927#
[XS2BuildCloudDeployModelStep] Service keys defined for content deployment grouped by service name: { }#
#2026 07 22 03:56:06.218#Z#DEBUG#435a90b7-8581-11f1-952a-eeee0a8c50ce.OPERATION#flowable-async-job-executor-thread-2927#
[XS2BuildCloudDeployModelStep] Building cloud deployment model...#
#2026 07 22 03:56:06.219#Z#DEBUG#435a90b7-8581-11f1-952a-eeee0a8c50ce.OPERATION#flowable-async-job-executor-thread-2927#
[XS2BuildCloudDeployModelStep] MTA archive modules: [salesorderapp-db-deployer, salesorderapp-ui, salesorderapp-srv]#
#2026 07 22 03:56:06.219#Z#DEBUG#435a90b7-8581-11f1-952a-eeee0a8c50ce.OPERATION#flowable-async-job-executor-thread-2927#
[XS2BuildCloudDeployModelStep] Deployed modules: [salesorderapp-db-deployer, salesorderapp-srv, salesorderapp-ui]#
#2026 07 22 03:56:06.220#Z#DEBUG#435a90b7-8581-11f1-952a-eeee0a8c50ce.OPERATION#flowable-async-job-executor-thread-2927#
[XS2BuildCloudDeployModelStep] MTA modules: [salesorderapp-ui, salesorderapp-db-deployer, salesorderapp-srv]#
#2026 07 22 03:56:06.220#Z#DEBUG#435a90b7-8581-11f1-952a-eeee0a8c50ce.OPERATION#flowable-async-job-executor-thread-2927#
[XS2BuildCloudDeployModelStep] Service keys to create: {
  "salesorderapp-db" : [ ],
  "salesorderapp-auth" : "********"
}#
#2026 07 22 03:56:06.221#Z#DEBUG#435a90b7-8581-11f1-952a-eeee0a8c50ce.OPERATION#flowable-async-job-executor-thread-2927#
[XS2BuildCloudDeployModelStep] Modules to deploy: [{
  "majorSchemaVersion" : 3,
  "name" : "salesorderapp-ui",
  "type" : "javascript.nodejs",
  "path" : "salesorderapp-ui",
  "properties" : { },
  "parameters" : {
    "default-url" : "https://8fd6ac6ctrial-dev-salesorderapp-ui.cfapps.us10-001.hana.ondemand.com",
    "default-app-name" : "salesorderapp-ui",
    "generated-password" : "********",
    "default-live-url" : "https://8fd6ac6ctrial-dev-salesorderapp-ui.cfapps.us10-001.hana.ondemand.com",
    "default-uri" : "8fd6ac6ctrial-dev-salesorderapp-ui.cfapps.us10-001.hana.ondemand.com",
    "default-instances" : 1,
    "default-live-host" : "8fd6ac6ctrial-dev-salesorderapp-ui",
    "instances" : 1,
    "buildpack" : "nodejs_buildpack",
    "default-host" : "8fd6ac6ctrial-dev-salesorderapp-ui",
    "app-name" : "salesorderapp-ui",
    "default-live-uri" : "8fd6ac6ctrial-dev-salesorderapp-ui.cfapps.us10-001.hana.ondemand.com",
    "protocol" : "https",
    "default-live-app-name" : "salesorderapp-ui",
    "default-live-domain" : "cfapps.us10-001.hana.ondemand.com",
    "dependency-type" : "soft",
    "domain" : "cfapps.us10-001.hana.ondemand.com",
    "host" : "8fd6ac6ctrial-dev-salesorderapp-ui",
    "generated-user" : "********"
  },
  "requiredDependencies" : [ {
    "majorSchemaVersion" : 3,
    "name" : "srv-api",
    "group" : "destinations",
    "properties" : {
      "name" : "srv-api",
      "forwardAuthToken" : "********",
      "strictSSL" : true,
      "url" : "https://8fd6ac6ctrial-dev-salesorderapp-srv.cfapps.us10-001.hana.ondemand.com"
    },
    "parameters" : { },
    "propertiesMetadata" : {
      "metadata" : { }
    },
    "parametersMetadata" : {
      "metadata" : { }
    }
  }, {
    "majorSchemaVersion" : 3,
    "name" : "********",
    "properties" : { },
    "parameters" : { },
    "propertiesMetadata" : {
      "metadata" : { }
    },
    "parametersMetadata" : {
      "metadata" : { }
    }
  } ],
  "providedDependencies" : [ {
    "majorSchemaVersion" : 3,
    "name" : "salesorderapp-ui",
    "isPublic" : false,
    "properties" : { },
    "parameters" : { },
    "propertiesMetadata" : {
      "metadata" : { }
    },
    "parametersMetadata" : {
      "metadata" : { }
    }
  } ],
  "propertiesMetadata" : {
    "metadata" : { }
  },
  "parametersMetadata" : {
    "metadata" : { }
  },
  "deployedAfter" : [ ],
  "hooks" : [ ]
}, {
  "majorSchemaVersion" : 3,
  "name" : "salesorderapp-srv",
  "type" : "javascript.nodejs",
  "path" : "salesorderapp-srv",
  "properties" : { },
  "parameters" : {
    "default-url" : "https://8fd6ac6ctrial-dev-salesorderapp-srv.cfapps.us10-001.hana.ondemand.com",
    "default-app-name" : "salesorderapp-srv",
    "generated-password" : "********",
    "default-live-url" : "https://8fd6ac6ctrial-dev-salesorderapp-srv.cfapps.us10-001.hana.ondemand.com",
    "default-uri" : "8fd6ac6ctrial-dev-salesorderapp-srv.cfapps.us10-001.hana.ondemand.com",
    "default-instances" : 1,
    "default-live-host" : "8fd6ac6ctrial-dev-salesorderapp-srv",
    "instances" : 1,
    "buildpack" : "nodejs_buildpack",
    "default-host" : "8fd6ac6ctrial-dev-salesorderapp-srv",
    "app-name" : "salesorderapp-srv",
    "default-live-uri" : "8fd6ac6ctrial-dev-salesorderapp-srv.cfapps.us10-001.hana.ondemand.com",
    "protocol" : "https",
    "default-live-app-name" : "salesorderapp-srv",
    "default-live-domain" : "cfapps.us10-001.hana.ondemand.com",
    "dependency-type" : "soft",
    "domain" : "cfapps.us10-001.hana.ondemand.com",
    "host" : "8fd6ac6ctrial-dev-salesorderapp-srv",
    "generated-user" : "********"
  },
  "requiredDependencies" : [ {
    "majorSchemaVersion" : 3,
    "name" : "********",
    "properties" : { },
    "parameters" : { },
    "propertiesMetadata" : {
      "metadata" : { }
    },
    "parametersMetadata" : {
      "metadata" : { }
    }
  }, {
    "majorSchemaVersion" : 3,
    "name" : "salesorderapp-db",
    "properties" : { },
    "parameters" : { },
    "propertiesMetadata" : {
      "metadata" : { }
    },
    "parametersMetadata" : {
      "metadata" : { }
    }
  } ],
  "providedDependencies" : [ {
    "majorSchemaVersion" : 3,
    "name" : "srv-api",
    "isPublic" : false,
    "properties" : {
      "srv-url" : "https://8fd6ac6ctrial-dev-salesorderapp-srv.cfapps.us10-001.hana.ondemand.com"
    },
    "parameters" : { },
    "propertiesMetadata" : {
      "metadata" : { }
    },
    "parametersMetadata" : {
      "metadata" : { }
    }
  }, {
    "majorSchemaVersion" : 3,
    "name" : "salesorderapp-srv",
    "isPublic" : false,
    "properties" : { },
    "parameters" : { },
    "propertiesMetadata" : {
      "metadata" : { }
    },
    "parametersMetadata" : {
      "metadata" : { }
    }
  } ],
  "propertiesMetadata" : {
    "metadata" : { }
  },
  "parametersMetadata" : {
    "metadata" : { }
  },
  "deployedAfter" : [ ],
  "hooks" : [ ]
}, {
  "majorSchemaVersion" : 3,
  "name" : "salesorderapp-db-deployer",
  "type" : "com.sap.xs.hdi",
  "path" : "salesorderapp-db-deployer",
  "properties" : {
    "EXIT" : 1
  },
  "parameters" : {
    "default-url" : "https://8fd6ac6ctrial-dev-salesorderapp-db-deployer.cfapps.us10-001.hana.ondemand.com",
    "default-app-name" : "salesorderapp-db-deployer",
    "generated-password" : "********",
    "default-live-url" : "https://8fd6ac6ctrial-dev-salesorderapp-db-deployer.cfapps.us10-001.hana.ondemand.com",
    "default-uri" : "8fd6ac6ctrial-dev-salesorderapp-db-deployer.cfapps.us10-001.hana.ondemand.com",
    "memory" : "256M",
    "default-instances" : 1,
    "no-route" : true,
    "default-live-host" : "8fd6ac6ctrial-dev-salesorderapp-db-deployer",
    "instances" : 1,
    "buildpack" : "nodejs_buildpack",
    "default-host" : "8fd6ac6ctrial-dev-salesorderapp-db-deployer",
    "app-name" : "salesorderapp-db-deployer",
    "default-live-uri" : "8fd6ac6ctrial-dev-salesorderapp-db-deployer.cfapps.us10-001.hana.ondemand.com",
    "protocol" : "https",
    "default-live-app-name" : "salesorderapp-db-deployer",
    "default-live-domain" : "cfapps.us10-001.hana.ondemand.com",
    "dependency-type" : "hard",
    "domain" : "cfapps.us10-001.hana.ondemand.com",
    "host" : "8fd6ac6ctrial-dev-salesorderapp-db-deployer",
    "generated-user" : "********",
    "tasks" : [ {
      "command" : "npm start",
      "memory" : "256M",
      "name" : "deploy"
    } ],
    "no-start" : true
  },
  "requiredDependencies" : [ {
    "majorSchemaVersion" : 3,
    "name" : "salesorderapp-db",
    "properties" : { },
    "parameters" : { },
    "propertiesMetadata" : {
      "metadata" : { }
    },
    "parametersMetadata" : {
      "metadata" : { }
    }
  } ],
  "providedDependencies" : [ {
    "majorSchemaVersion" : 3,
    "name" : "salesorderapp-db-deployer",
    "isPublic" : false,
    "properties" : { },
    "parameters" : { },
    "propertiesMetadata" : {
      "metadata" : { }
    },
    "parametersMetadata" : {
      "metadata" : { }
    }
  } ],
  "propertiesMetadata" : {
    "metadata" : { }
  },
  "parametersMetadata" : {
    "metadata" : { }
  },
  "deployedAfter" : [ ],
  "hooks" : [ ]
}]#
#2026 07 22 03:56:06.221#Z#DEBUG#435a90b7-8581-11f1-952a-eeee0a8c50ce.OPERATION#flowable-async-job-executor-thread-2927#
[XS2BuildCloudDeployModelStep] Custom domains: []#
#2026 07 22 03:56:06.223#Z#DEBUG#435a90b7-8581-11f1-952a-eeee0a8c50ce.OPERATION#flowable-async-job-executor-thread-2927#
[XS2BuildCloudDeployModelStep] Calculating resource batches...#
#2026 07 22 03:56:06.224#Z#DEBUG#435a90b7-8581-11f1-952a-eeee0a8c50ce.OPERATION#flowable-async-job-executor-thread-2927#
[XS2BuildCloudDeployModelStep] Calculating resource batches completed.#
#2026 07 22 03:56:06.224#Z#DEBUG#435a90b7-8581-11f1-952a-eeee0a8c50ce.OPERATION#flowable-async-job-executor-thread-2927#
[XS2BuildCloudDeployModelStep] Cloud deployment model built#
#2026 07 22 03:56:06.224#Z#DEBUG#435a90b7-8581-11f1-952a-eeee0a8c50ce.OPERATION#flowable-async-job-executor-thread-2927#
Step "Build Deploy Model" finished#
#2026 07 22 03:56:06.256#Z#DEBUG#435a90b7-8581-11f1-952a-eeee0a8c50ce.OPERATION#flowable-async-job-executor-thread-2928#
[BuildCloudUndeployModelStep] Executing task "buildUndeployModelTask" of process "435a90dd-8581-11f1-952a-eeee0a8c50ce"...#
#2026 07 22 03:56:06.257#Z#DEBUG#435a90b7-8581-11f1-952a-eeee0a8c50ce.OPERATION#flowable-async-job-executor-thread-2928#
[BuildCloudUndeployModelStep] Building cloud undeployment model...#
#2026 07 22 03:56:06.259#Z#DEBUG#435a90b7-8581-11f1-952a-eeee0a8c50ce.OPERATION#flowable-async-job-executor-thread-2928#
[BuildCloudUndeployModelStep] Detecting service keys to delete.#
#2026 07 22 03:56:06.259#Z#DEBUG#435a90b7-8581-11f1-952a-eeee0a8c50ce.OPERATION#flowable-async-job-executor-thread-2928#
[BuildCloudUndeployModelStep] No deployed service keys detected!#
#2026 07 22 03:56:06.259#Z#DEBUG#435a90b7-8581-11f1-952a-eeee0a8c50ce.OPERATION#flowable-async-job-executor-thread-2928#
[BuildCloudUndeployModelStep] Detected service keys to delete "[]"#
#2026 07 22 03:56:06.263#Z#DEBUG#435a90b7-8581-11f1-952a-eeee0a8c50ce.OPERATION#flowable-async-job-executor-thread-2928#
[BuildCloudUndeployModelStep] MTA modules: [salesorderapp-ui, salesorderapp-db-deployer, salesorderapp-srv]#
#2026 07 22 03:56:06.263#Z#DEBUG#435a90b7-8581-11f1-952a-eeee0a8c50ce.OPERATION#flowable-async-job-executor-thread-2928#
[BuildCloudUndeployModelStep] Modules to undeploy: [ ]#
#2026 07 22 03:56:06.263#Z#DEBUG#435a90b7-8581-11f1-952a-eeee0a8c50ce.OPERATION#flowable-async-job-executor-thread-2928#
[BuildCloudUndeployModelStep] Modules that won't be changed: [ ]#
#2026 07 22 03:56:06.264#Z#DEBUG#435a90b7-8581-11f1-952a-eeee0a8c50ce.OPERATION#flowable-async-job-executor-thread-2928#
[BuildCloudUndeployModelStep] Subscriptions to delete: [ ]#
#2026 07 22 03:56:06.265#Z#DEBUG#435a90b7-8581-11f1-952a-eeee0a8c50ce.OPERATION#flowable-async-job-executor-thread-2928#
[BuildCloudUndeployModelStep] Cloud services to delete: []#
#2026 07 22 03:56:06.265#Z#DEBUG#435a90b7-8581-11f1-952a-eeee0a8c50ce.OPERATION#flowable-async-job-executor-thread-2928#
[BuildCloudUndeployModelStep] Cloud applications to undeploy: [ ]#
#2026 07 22 03:56:06.267#Z#DEBUG#435a90b7-8581-11f1-952a-eeee0a8c50ce.OPERATION#flowable-async-job-executor-thread-2928#
[BuildCloudUndeployModelStep] Cloud undeployment model built#
#2026 07 22 03:56:06.267#Z#DEBUG#435a90b7-8581-11f1-952a-eeee0a8c50ce.OPERATION#flowable-async-job-executor-thread-2928#
Step "Build Undeploy Model" finished#
#2026 07 22 03:56:06.294#Z#DEBUG#435a90b7-8581-11f1-952a-eeee0a8c50ce.OPERATION#flowable-async-job-executor-thread-2928#
[AddDomainsStep] Executing task "addDomainsTask" of process "435a90dd-8581-11f1-952a-eeee0a8c50ce"...#
#2026 07 22 03:56:06.296#Z#DEBUG#435a90b7-8581-11f1-952a-eeee0a8c50ce.OPERATION#flowable-async-job-executor-thread-2928#
[AddDomainsStep] Custom domains: []#
#2026 07 22 03:56:06.296#Z#DEBUG#435a90b7-8581-11f1-952a-eeee0a8c50ce.OPERATION#flowable-async-job-executor-thread-2928#
Step "Add Domains" finished#
#2026 07 22 03:56:06.400#Z#DEBUG#435a90b7-8581-11f1-952a-eeee0a8c50ce.OPERATION#flowable-async-job-executor-thread-2928#
[ExtractBatchedServicesWithResolvedDynamicParametersStep] Executing task "prepareModulesDeploymentTask" of process "4401cd69-8581-11f1-952a-eeee0a8c50ce"...#
#2026 07 22 03:56:06.401#Z#DEBUG#435a90b7-8581-11f1-952a-eeee0a8c50ce.OPERATION#flowable-async-job-executor-thread-2928#
[ExtractBatchedServicesWithResolvedDynamicParametersStep] Extracting services and resolving dynamic parameters from batch#
#2026 07 22 03:56:06.402#Z#DEBUG#435a90b7-8581-11f1-952a-eeee0a8c50ce.OPERATION#flowable-async-job-executor-thread-2928#
[ExtractBatchedServicesWithResolvedDynamicParametersStep] Services to create: [ {
  "isOptional" : false,
  "isManaged" : true,
  "name" : "********",
  "v3Metadata" : {
    "annotations" : {
      "mta_id" : "salesorderapp",
      "mta_version" : "1.0.0",
      "mta_resource" : "********"
    },
    "labels" : {
      "mta_id" : "87bfb45d92c9bf855f6de3df4fea5e73"
    }
  },
  "label" : "xsuaa",
  "plan" : "application",
  "credentials" : "********",
  "tags" : [ ],
  "type" : "managed",
  "resourceName" : "********",
  "shouldSkipParametersUpdate" : false,
  "shouldSkipPlanUpdate" : false,
  "shouldSkipTagsUpdate" : false,
  "shouldSkipSyslogUrlUpdate" : false
}, {
  "isOptional" : false,
  "isManaged" : true,
  "name" : "salesorderapp-db",
  "v3Metadata" : {
    "annotations" : {
      "mta_id" : "salesorderapp",
      "mta_version" : "1.0.0",
      "mta_resource" : "{\"name\":\"salesorderapp-db\"}"
    },
    "labels" : {
      "mta_id" : "87bfb45d92c9bf855f6de3df4fea5e73"
    }
  },
  "label" : "hana",
  "plan" : "hdi-shared",
  "credentials" : "********",
  "tags" : [ ],
  "type" : "managed",
  "resourceName" : "salesorderapp-db",
  "shouldSkipParametersUpdate" : false,
  "shouldSkipPlanUpdate" : false,
  "shouldSkipTagsUpdate" : false,
  "shouldSkipSyslogUrlUpdate" : false
} ]#
#2026 07 22 03:56:06.402#Z#DEBUG#435a90b7-8581-11f1-952a-eeee0a8c50ce.OPERATION#flowable-async-job-executor-thread-2928#
Step "Extract Services with Resolved Dynamic parameters from batch" finished#
#2026 07 22 03:56:06.481#Z#DEBUG#435a90b7-8581-11f1-952a-eeee0a8c50ce.OPERATION#flowable-async-job-executor-thread-2918#
[CheckServiceOperationStateStep] Executing task "CheckServiceOperationStateTask" of process "441135f7-8581-11f1-952a-eeee0a8c50ce"...#
#2026 07 22 03:56:06.482#Z#DEBUG#435a90b7-8581-11f1-952a-eeee0a8c50ce.OPERATION#flowable-async-job-executor-thread-2918#
[CheckServiceOperationStateStep] Getting service instance "salesorderapp-auth"...#
#2026 07 22 03:56:06.608#Z#DEBUG#435a90b7-8581-11f1-952a-eeee0a8c50ce.OPERATION#flowable-async-job-executor-thread-2918#
Step "Check for service operations in Progress" finished#
#2026 07 22 03:56:06.634#Z#DEBUG#435a90b7-8581-11f1-952a-eeee0a8c50ce.OPERATION#flowable-async-job-executor-thread-2918#
[DetermineServiceCreateUpdateServiceActionsStep] Executing task "DetermineServiceCreateUpdateActionsTask" of process "441135f7-8581-11f1-952a-eeee0a8c50ce"...#
#2026 07 22 03:56:06.636#Z#INFO#435a90b7-8581-11f1-952a-eeee0a8c50ce.OPERATION#flowable-async-job-executor-thread-2918#
[DetermineServiceCreateUpdateServiceActionsStep] Processing service "salesorderapp-auth"...#
#2026 07 22 03:56:06.640#Z#DEBUG#435a90b7-8581-11f1-952a-eeee0a8c50ce.OPERATION#flowable-async-job-executor-thread-2918#
[DetermineServiceCreateUpdateServiceActionsStep] Getting service instance "salesorderapp-auth"...#
#2026 07 22 03:56:06.764#Z#INFO#435a90b7-8581-11f1-952a-eeee0a8c50ce.OPERATION#flowable-async-job-executor-thread-2918#
[DetermineServiceCreateUpdateServiceActionsStep] Setting service "salesorderapp-auth" parameters from "xs-security.json"#
#2026 07 22 03:56:06.800#Z#DEBUG#435a90b7-8581-11f1-952a-eeee0a8c50ce.OPERATION#flowable-async-job-executor-thread-2918#
[DetermineServiceCreateUpdateServiceActionsStep] Existing service: {
  "name" : "********",
  "metadata" : {
    "guid" : "d24a7cd2-09da-4b15-8ddd-0e1c366949d8",
    "createdAt" : [ 2026, 7, 21, 6, 32, 31 ],
    "updatedAt" : [ 2026, 7, 21, 6, 32, 31 ]
  },
  "v3Metadata" : {
    "annotations" : {
      "mta_id" : "salesorderapp",
      "mta_version" : "1.0.0",
      "mta_resource" : "********"
    },
    "labels" : {
      "mta_id" : "87bfb45d92c9bf855f6de3df4fea5e73"
    }
  },
  "label" : "xsuaa",
  "plan" : "application",
  "credentials" : "********",
  "tags" : [ ],
  "type" : "managed",
  "lastOperation" : {
    "type" : "UPDATE",
    "description" : "",
    "state" : "SUCCEEDED"
  }
}#
#2026 07 22 03:56:06.800#Z#DEBUG#435a90b7-8581-11f1-952a-eeee0a8c50ce.OPERATION#flowable-async-job-executor-thread-2918#
[DetermineServiceCreateUpdateServiceActionsStep] Service parameters will be updated#
#2026 07 22 03:56:06.800#Z#DEBUG#435a90b7-8581-11f1-952a-eeee0a8c50ce.OPERATION#flowable-async-job-executor-thread-2918#
[DetermineServiceCreateUpdateServiceActionsStep] New parameters: {
  "attributes" : [ {
    "name" : "country",
    "description" : "Country attribute",
    "valueType" : "string"
  } ],
  "authorities" : "********",
  "oauth2-configuration" : "********",
  "role-collections" : [ {
    "name" : "SO_VIEWER",
    "description" : "Viewer Role Collection",
    "role-template-references" : [ "$XSAPPNAME.Viewer" ]
  }, {
    "name" : "SO_ADMIN",
    "description" : "Admin Role Collection",
    "role-template-references" : [ "$XSAPPNAME.Admin" ]
  } ],
  "role-templates" : [ {
    "name" : "Viewer",
    "description" : "Viewer Role",
    "scope-references" : [ "$XSAPPNAME.Viewer" ],
    "attribute-references" : [ {
      "name" : "country"
    } ]
  }, {
    "name" : "Admin",
    "description" : "Admin Role",
    "scope-references" : [ "$XSAPPNAME.Admin" ]
  } ],
  "scopes" : [ {
    "name" : "$XSAPPNAME.Viewer",
    "description" : "Viewer Scope"
  }, {
    "name" : "$XSAPPNAME.Admin",
    "description" : "Admin Scope"
  } ],
  "tenant-mode" : "dedicated",
  "xsappname" : "salesorderapp-8fd6ac6ctrial-dev",
  "xsenableasyncservice" : "true"
}#
#2026 07 22 03:56:06.800#Z#DEBUG#435a90b7-8581-11f1-952a-eeee0a8c50ce.OPERATION#flowable-async-job-executor-thread-2918#
Step "Determine update actions" finished#
#2026 07 22 03:56:06.838#Z#DEBUG#435a90b7-8581-11f1-952a-eeee0a8c50ce.OPERATION#flowable-async-job-executor-thread-2918#
[CheckForServiceBindingOrKeyOperationStep] Executing task "CheckForServiceBindingOrKeyCreation" of process "441135f7-8581-11f1-952a-eeee0a8c50ce"...#
#2026 07 22 03:56:06.839#Z#DEBUG#435a90b7-8581-11f1-952a-eeee0a8c50ce.OPERATION#flowable-async-job-executor-thread-2918#
Step "Check for service binding or key creation" finished#
#2026 07 22 03:56:06.869#Z#DEBUG#435a90b7-8581-11f1-952a-eeee0a8c50ce.OPERATION#flowable-async-job-executor-thread-2918#
[UpdateServiceParametersStep] Executing task "UpdateServiceParametersTask" of process "441135f7-8581-11f1-952a-eeee0a8c50ce"...#
#2026 07 22 03:56:06.873#Z#INFO#435a90b7-8581-11f1-952a-eeee0a8c50ce.OPERATION#flowable-async-job-executor-thread-2918#
[UpdateServiceParametersStep] Updating service "salesorderapp-auth"...#
#2026 07 22 03:56:06.878#Z#DEBUG#435a90b7-8581-11f1-952a-eeee0a8c50ce.OPERATION#flowable-async-job-executor-thread-2918#
[UpdateServiceParametersStep] Updating service parameters for service "salesorderapp-auth"...#
#2026 07 22 03:56:06.964#Z#DEBUG#435a90b7-8581-11f1-952a-eeee0a8c50ce.OPERATION#flowable-async-job-executor-thread-2918#
[UpdateServiceParametersStep] Service "salesorderapp-auth" updated#
#2026 07 22 03:56:06.964#Z#DEBUG#435a90b7-8581-11f1-952a-eeee0a8c50ce.OPERATION#flowable-async-job-executor-thread-2918#
[UpdateServiceParametersStep] Triggered service operations: {
  "salesorderapp-auth" : "UPDATE"
}#
#2026 07 22 03:56:06.966#Z#DEBUG#435a90b7-8581-11f1-952a-eeee0a8c50ce.OPERATION#flowable-async-job-executor-thread-2918#
Step "Update parameters" finished#
#2026 07 22 03:56:07.141#Z#DEBUG#435a90b7-8581-11f1-952a-eeee0a8c50ce.OPERATION#flowable-async-job-executor-thread-2931#
[CheckServiceOperationStateStep] Executing task "CheckServiceOperationStateTask" of process "447612a0-8581-11f1-952a-eeee0a8c50ce"...#
#2026 07 22 03:56:07.142#Z#DEBUG#435a90b7-8581-11f1-952a-eeee0a8c50ce.OPERATION#flowable-async-job-executor-thread-2931#
[CheckServiceOperationStateStep] Getting service instance "salesorderapp-db"...#
#2026 07 22 03:56:07.260#Z#DEBUG#435a90b7-8581-11f1-952a-eeee0a8c50ce.OPERATION#flowable-async-job-executor-thread-2931#
Step "Check for service operations in Progress" finished#
#2026 07 22 03:56:07.286#Z#DEBUG#435a90b7-8581-11f1-952a-eeee0a8c50ce.OPERATION#flowable-async-job-executor-thread-2931#
[DetermineServiceCreateUpdateServiceActionsStep] Executing task "DetermineServiceCreateUpdateActionsTask" of process "447612a0-8581-11f1-952a-eeee0a8c50ce"...#
#2026 07 22 03:56:07.287#Z#INFO#435a90b7-8581-11f1-952a-eeee0a8c50ce.OPERATION#flowable-async-job-executor-thread-2931#
[DetermineServiceCreateUpdateServiceActionsStep] Processing service "salesorderapp-db"...#
#2026 07 22 03:56:07.291#Z#DEBUG#435a90b7-8581-11f1-952a-eeee0a8c50ce.OPERATION#flowable-async-job-executor-thread-2931#
[DetermineServiceCreateUpdateServiceActionsStep] Getting service instance "salesorderapp-db"...#
#2026 07 22 03:56:07.413#Z#DEBUG#435a90b7-8581-11f1-952a-eeee0a8c50ce.OPERATION#flowable-async-job-executor-thread-2931#
[DetermineServiceCreateUpdateServiceActionsStep] Existing service: {
  "name" : "salesorderapp-db",
  "metadata" : {
    "guid" : "f39742e5-7e27-4e83-94cf-0059342f8001",
    "createdAt" : [ 2026, 7, 16, 4, 24, 9 ],
    "updatedAt" : [ 2026, 7, 21, 6, 32, 31 ]
  },
  "v3Metadata" : {
    "annotations" : {
      "mta_id" : "salesorderapp",
      "mta_version" : "1.0.0",
      "mta_resource" : "{\"name\":\"salesorderapp-db\"}"
    },
    "labels" : {
      "mta_id" : "87bfb45d92c9bf855f6de3df4fea5e73"
    }
  },
  "label" : "hana",
  "plan" : "hdi-shared",
  "credentials" : "********",
  "tags" : [ ],
  "type" : "managed",
  "lastOperation" : {
    "type" : "UPDATE",
    "state" : "SUCCEEDED"
  }
}#
#2026 07 22 03:56:07.413#Z#WARN#435a90b7-8581-11f1-952a-eeee0a8c50ce.OPERATION#flowable-async-job-executor-thread-2931#
[DetermineServiceCreateUpdateServiceActionsStep] Service parameters for service "salesorderapp-db" will not be updated, as the parameters are not defined or empty.#
#2026 07 22 03:56:07.413#Z#DEBUG#435a90b7-8581-11f1-952a-eeee0a8c50ce.OPERATION#flowable-async-job-executor-thread-2931#
Step "Determine update actions" finished#
#2026 07 22 03:56:07.448#Z#DEBUG#435a90b7-8581-11f1-952a-eeee0a8c50ce.OPERATION#flowable-async-job-executor-thread-2931#
[CheckForServiceBindingOrKeyOperationStep] Executing task "CheckForServiceBindingOrKeyCreation" of process "447612a0-8581-11f1-952a-eeee0a8c50ce"...#
#2026 07 22 03:56:07.449#Z#DEBUG#435a90b7-8581-11f1-952a-eeee0a8c50ce.OPERATION#flowable-async-job-executor-thread-2931#
Step "Check for service binding or key creation" finished#
#2026 07 22 03:56:19.623#Z#DEBUG#435a90b7-8581-11f1-952a-eeee0a8c50ce.OPERATION#flowable-async-job-executor-thread-2934#
[UpdateServiceParametersStep] Executing task "UpdateServiceParametersTask" of process "441135f7-8581-11f1-952a-eeee0a8c50ce"...#
#2026 07 22 03:56:19.624#Z#DEBUG#435a90b7-8581-11f1-952a-eeee0a8c50ce.OPERATION#flowable-async-job-executor-thread-2934#
[UpdateServiceParametersStep] Polling service operations...#
#2026 07 22 03:56:19.627#Z#DEBUG#435a90b7-8581-11f1-952a-eeee0a8c50ce.OPERATION#flowable-async-job-executor-thread-2934#
[UpdateServiceParametersStep] Getting service instance "salesorderapp-auth"...#
#2026 07 22 03:56:19.757#Z#DEBUG#435a90b7-8581-11f1-952a-eeee0a8c50ce.OPERATION#flowable-async-job-executor-thread-2934#
[UpdateServiceParametersStep] Last operation for service "salesorderapp-auth": {
  "type" : "UPDATE",
  "description" : "",
  "state" : "SUCCEEDED"
}#
#2026 07 22 03:56:19.757#Z#DEBUG#435a90b7-8581-11f1-952a-eeee0a8c50ce.OPERATION#flowable-async-job-executor-thread-2934#
[UpdateServiceParametersStep] Service "salesorderapp-auth" updated#
#2026 07 22 03:56:19.758#Z#INFO#435a90b7-8581-11f1-952a-eeee0a8c50ce.OPERATION#flowable-async-job-executor-thread-2934#
[UpdateServiceParametersStep] 1 of 1 done#
#2026 07 22 03:56:19.762#Z#DEBUG#435a90b7-8581-11f1-952a-eeee0a8c50ce.OPERATION#flowable-async-job-executor-thread-2934#
[UpdateServiceParametersStep] Remaining services to poll: [ ]#
#2026 07 22 03:56:19.763#Z#DEBUG#435a90b7-8581-11f1-952a-eeee0a8c50ce.OPERATION#flowable-async-job-executor-thread-2934#
Step "Update parameters" finished#
#2026 07 22 03:56:19.977#Z#DEBUG#435a90b7-8581-11f1-952a-eeee0a8c50ce.OPERATION#flowable-async-job-executor-thread-2934#
[PrepareModulesDeploymentStep] Executing task "prepareModulesDeploymentTask" of process "4c1955b2-8581-11f1-952a-eeee0a8c50ce"...#
#2026 07 22 03:56:19.978#Z#DEBUG#435a90b7-8581-11f1-952a-eeee0a8c50ce.OPERATION#flowable-async-job-executor-thread-2934#
[PrepareModulesDeploymentStep] Preparing modules deployment...#
#2026 07 22 03:56:19.982#Z#DEBUG#435a90b7-8581-11f1-952a-eeee0a8c50ce.OPERATION#flowable-async-job-executor-thread-2934#
Step "Prepare Modules Deployment" finished#
#2026 07 22 03:56:20.010#Z#DEBUG#435a90b7-8581-11f1-952a-eeee0a8c50ce.OPERATION#flowable-async-job-executor-thread-2934#
[ComputeNextModulesStep] Executing task "computeNextModulesToDeployInParallel" of process "4c1955b2-8581-11f1-952a-eeee0a8c50ce"...#
#2026 07 22 03:56:20.011#Z#DEBUG#435a90b7-8581-11f1-952a-eeee0a8c50ce.OPERATION#flowable-async-job-executor-thread-2934#
[ComputeNextModulesStep] Computing modules for next parallel iteration...#
#2026 07 22 03:56:20.012#Z#DEBUG#435a90b7-8581-11f1-952a-eeee0a8c50ce.OPERATION#flowable-async-job-executor-thread-2934#
[ComputeNextModulesStep] Completed modules detected: []#
#2026 07 22 03:56:20.012#Z#DEBUG#435a90b7-8581-11f1-952a-eeee0a8c50ce.OPERATION#flowable-async-job-executor-thread-2934#
[ComputeNextModulesStep] All modules for deploy detected: [salesorderapp-ui, salesorderapp-db-deployer, salesorderapp-srv]#
#2026 07 22 03:56:20.012#Z#DEBUG#435a90b7-8581-11f1-952a-eeee0a8c50ce.OPERATION#flowable-async-job-executor-thread-2934#
[ComputeNextModulesStep] Modules not for deploy detected: []#
#2026 07 22 03:56:20.013#Z#DEBUG#435a90b7-8581-11f1-952a-eeee0a8c50ce.OPERATION#flowable-async-job-executor-thread-2934#
[ComputeNextModulesStep] Computed modules for next parallel iteration: [ {
  "majorSchemaVersion" : 3,
  "name" : "salesorderapp-ui",
  "type" : "javascript.nodejs",
  "path" : "salesorderapp-ui",
  "properties" : { },
  "parameters" : {
    "app-name" : "salesorderapp-ui",
    "buildpack" : "nodejs_buildpack",
    "default-app-name" : "salesorderapp-ui",
    "default-host" : "8fd6ac6ctrial-dev-salesorderapp-ui",
    "default-instances" : 1,
    "default-live-app-name" : "salesorderapp-ui",
    "default-live-domain" : "cfapps.us10-001.hana.ondemand.com",
    "default-live-host" : "8fd6ac6ctrial-dev-salesorderapp-ui",
    "default-live-uri" : "8fd6ac6ctrial-dev-salesorderapp-ui.cfapps.us10-001.hana.ondemand.com",
    "default-live-url" : "https://8fd6ac6ctrial-dev-salesorderapp-ui.cfapps.us10-001.hana.ondemand.com",
    "default-uri" : "8fd6ac6ctrial-dev-salesorderapp-ui.cfapps.us10-001.hana.ondemand.com",
    "default-url" : "https://8fd6ac6ctrial-dev-salesorderapp-ui.cfapps.us10-001.hana.ondemand.com",
    "dependency-type" : "soft",
    "domain" : "cfapps.us10-001.hana.ondemand.com",
    "generated-password" : "********",
    "generated-user" : "********",
    "host" : "8fd6ac6ctrial-dev-salesorderapp-ui",
    "instances" : 1,
    "protocol" : "https"
  },
  "requiredDependencies" : [ {
    "majorSchemaVersion" : 3,
    "name" : "srv-api",
    "group" : "destinations",
    "properties" : {
      "forwardAuthToken" : "********",
      "name" : "srv-api",
      "strictSSL" : true,
      "url" : "https://8fd6ac6ctrial-dev-salesorderapp-srv.cfapps.us10-001.hana.ondemand.com"
    },
    "parameters" : { },
    "propertiesMetadata" : {
      "metadata" : { }
    },
    "parametersMetadata" : {
      "metadata" : { }
    }
  }, {
    "majorSchemaVersion" : 3,
    "name" : "********",
    "properties" : { },
    "parameters" : { },
    "propertiesMetadata" : {
      "metadata" : { }
    },
    "parametersMetadata" : {
      "metadata" : { }
    }
  } ],
  "providedDependencies" : [ {
    "majorSchemaVersion" : 3,
    "name" : "salesorderapp-ui",
    "isPublic" : false,
    "properties" : { },
    "parameters" : { },
    "propertiesMetadata" : {
      "metadata" : { }
    },
    "parametersMetadata" : {
      "metadata" : { }
    }
  } ],
  "propertiesMetadata" : {
    "metadata" : { }
  },
  "parametersMetadata" : {
    "metadata" : { }
  },
  "deployedAfter" : [ ],
  "hooks" : [ ]
}, {
  "majorSchemaVersion" : 3,
  "name" : "salesorderapp-srv",
  "type" : "javascript.nodejs",
  "path" : "salesorderapp-srv",
  "properties" : { },
  "parameters" : {
    "app-name" : "salesorderapp-srv",
    "buildpack" : "nodejs_buildpack",
    "default-app-name" : "salesorderapp-srv",
    "default-host" : "8fd6ac6ctrial-dev-salesorderapp-srv",
    "default-instances" : 1,
    "default-live-app-name" : "salesorderapp-srv",
    "default-live-domain" : "cfapps.us10-001.hana.ondemand.com",
    "default-live-host" : "8fd6ac6ctrial-dev-salesorderapp-srv",
    "default-live-uri" : "8fd6ac6ctrial-dev-salesorderapp-srv.cfapps.us10-001.hana.ondemand.com",
    "default-live-url" : "https://8fd6ac6ctrial-dev-salesorderapp-srv.cfapps.us10-001.hana.ondemand.com",
    "default-uri" : "8fd6ac6ctrial-dev-salesorderapp-srv.cfapps.us10-001.hana.ondemand.com",
    "default-url" : "https://8fd6ac6ctrial-dev-salesorderapp-srv.cfapps.us10-001.hana.ondemand.com",
    "dependency-type" : "soft",
    "domain" : "cfapps.us10-001.hana.ondemand.com",
    "generated-password" : "********",
    "generated-user" : "********",
    "host" : "8fd6ac6ctrial-dev-salesorderapp-srv",
    "instances" : 1,
    "protocol" : "https"
  },
  "requiredDependencies" : [ {
    "majorSchemaVersion" : 3,
    "name" : "********",
    "properties" : { },
    "parameters" : { },
    "propertiesMetadata" : {
      "metadata" : { }
    },
    "parametersMetadata" : {
      "metadata" : { }
    }
  }, {
    "majorSchemaVersion" : 3,
    "name" : "salesorderapp-db",
    "properties" : { },
    "parameters" : { },
    "propertiesMetadata" : {
      "metadata" : { }
    },
    "parametersMetadata" : {
      "metadata" : { }
    }
  } ],
  "providedDependencies" : [ {
    "majorSchemaVersion" : 3,
    "name" : "srv-api",
    "isPublic" : false,
    "properties" : {
      "srv-url" : "https://8fd6ac6ctrial-dev-salesorderapp-srv.cfapps.us10-001.hana.ondemand.com"
    },
    "parameters" : { },
    "propertiesMetadata" : {
      "metadata" : { }
    },
    "parametersMetadata" : {
      "metadata" : { }
    }
  }, {
    "majorSchemaVersion" : 3,
    "name" : "salesorderapp-srv",
    "isPublic" : false,
    "properties" : { },
    "parameters" : { },
    "propertiesMetadata" : {
      "metadata" : { }
    },
    "parametersMetadata" : {
      "metadata" : { }
    }
  } ],
  "propertiesMetadata" : {
    "metadata" : { }
  },
  "parametersMetadata" : {
    "metadata" : { }
  },
  "deployedAfter" : [ ],
  "hooks" : [ ]
}, {
  "majorSchemaVersion" : 3,
  "name" : "salesorderapp-db-deployer",
  "type" : "com.sap.xs.hdi",
  "path" : "salesorderapp-db-deployer",
  "properties" : {
    "EXIT" : 1
  },
  "parameters" : {
    "app-name" : "salesorderapp-db-deployer",
    "buildpack" : "nodejs_buildpack",
    "default-app-name" : "salesorderapp-db-deployer",
    "default-host" : "8fd6ac6ctrial-dev-salesorderapp-db-deployer",
    "default-instances" : 1,
    "default-live-app-name" : "salesorderapp-db-deployer",
    "default-live-domain" : "cfapps.us10-001.hana.ondemand.com",
    "default-live-host" : "8fd6ac6ctrial-dev-salesorderapp-db-deployer",
    "default-live-uri" : "8fd6ac6ctrial-dev-salesorderapp-db-deployer.cfapps.us10-001.hana.ondemand.com",
    "default-live-url" : "https://8fd6ac6ctrial-dev-salesorderapp-db-deployer.cfapps.us10-001.hana.ondemand.com",
    "default-uri" : "8fd6ac6ctrial-dev-salesorderapp-db-deployer.cfapps.us10-001.hana.ondemand.com",
    "default-url" : "https://8fd6ac6ctrial-dev-salesorderapp-db-deployer.cfapps.us10-001.hana.ondemand.com",
    "dependency-type" : "hard",
    "domain" : "cfapps.us10-001.hana.ondemand.com",
    "generated-password" : "********",
    "generated-user" : "********",
    "host" : "8fd6ac6ctrial-dev-salesorderapp-db-deployer",
    "instances" : 1,
    "memory" : "256M",
    "no-route" : true,
    "no-start" : true,
    "protocol" : "https",
    "tasks" : [ {
      "command" : "npm start",
      "memory" : "256M",
      "name" : "deploy"
    } ]
  },
  "requiredDependencies" : [ {
    "majorSchemaVersion" : 3,
    "name" : "salesorderapp-db",
    "properties" : { },
    "parameters" : { },
    "propertiesMetadata" : {
      "metadata" : { }
    },
    "parametersMetadata" : {
      "metadata" : { }
    }
  } ],
  "providedDependencies" : [ {
    "majorSchemaVersion" : 3,
    "name" : "salesorderapp-db-deployer",
    "isPublic" : false,
    "properties" : { },
    "parameters" : { },
    "propertiesMetadata" : {
      "metadata" : { }
    },
    "parametersMetadata" : {
      "metadata" : { }
    }
  } ],
  "propertiesMetadata" : {
    "metadata" : { }
  },
  "parametersMetadata" : {
    "metadata" : { }
  },
  "deployedAfter" : [ ],
  "hooks" : [ ]
} ]#
#2026 07 22 03:56:20.013#Z#DEBUG#435a90b7-8581-11f1-952a-eeee0a8c50ce.OPERATION#flowable-async-job-executor-thread-2934#
Step "Compute Next Modules To Deploy" finished#
#2026 07 22 03:56:20.149#Z#DEBUG#435a90b7-8581-11f1-952a-eeee0a8c50ce.OPERATION#flowable-async-job-executor-thread-2939#
[ProcessDescriptorStep] Executing task "reprocessDescriptorTask" of process "4c30af0f-8581-11f1-952a-eeee0a8c50ce"...#
#2026 07 22 03:56:20.150#Z#DEBUG#435a90b7-8581-11f1-952a-eeee0a8c50ce.OPERATION#flowable-async-job-executor-thread-2939#
[ProcessDescriptorStep] Resolving properties and parameters in merged descriptor...#
#2026 07 22 03:56:20.153#Z#DEBUG#435a90b7-8581-11f1-952a-eeee0a8c50ce.OPERATION#flowable-async-job-executor-thread-2939#
[ProcessDescriptorStep] Subscriptions: [ ]#
#2026 07 22 03:56:20.158#Z#DEBUG#435a90b7-8581-11f1-952a-eeee0a8c50ce.OPERATION#flowable-async-job-executor-thread-2939#
[ProcessDescriptorStep] MTA modules: [salesorderapp-ui, salesorderapp-db-deployer, salesorderapp-srv]#
#2026 07 22 03:56:20.160#Z#DEBUG#435a90b7-8581-11f1-952a-eeee0a8c50ce.OPERATION#flowable-async-job-executor-thread-2939#
[ProcessDescriptorStep] Resolved deployment descriptor: {
  "majorSchemaVersion" : 3,
  "schemaVersion" : "3.3.0",
  "id" : "salesorderapp",
  "version" : "1.0.0",
  "modules" : [ {
    "majorSchemaVersion" : 3,
    "name" : "salesorderapp-ui",
    "type" : "javascript.nodejs",
    "path" : "salesorderapp-ui",
    "properties" : { },
    "parameters" : {
      "default-url" : "https://8fd6ac6ctrial-dev-salesorderapp-ui.cfapps.us10-001.hana.ondemand.com",
      "default-app-name" : "salesorderapp-ui",
      "generated-password" : "********",
      "default-live-url" : "https://8fd6ac6ctrial-dev-salesorderapp-ui.cfapps.us10-001.hana.ondemand.com",
      "default-uri" : "8fd6ac6ctrial-dev-salesorderapp-ui.cfapps.us10-001.hana.ondemand.com",
      "default-instances" : 1,
      "default-live-host" : "8fd6ac6ctrial-dev-salesorderapp-ui",
      "instances" : 1,
      "buildpack" : "nodejs_buildpack",
      "default-host" : "8fd6ac6ctrial-dev-salesorderapp-ui",
      "app-name" : "salesorderapp-ui",
      "default-live-uri" : "8fd6ac6ctrial-dev-salesorderapp-ui.cfapps.us10-001.hana.ondemand.com",
      "protocol" : "https",
      "default-live-app-name" : "salesorderapp-ui",
      "default-live-domain" : "cfapps.us10-001.hana.ondemand.com",
      "domain" : "cfapps.us10-001.hana.ondemand.com",
      "host" : "8fd6ac6ctrial-dev-salesorderapp-ui",
      "generated-user" : "********"
    },
    "requiredDependencies" : [ {
      "majorSchemaVersion" : 3,
      "name" : "srv-api",
      "group" : "destinations",
      "properties" : {
        "name" : "srv-api",
        "forwardAuthToken" : "********",
        "strictSSL" : true,
        "url" : "https://8fd6ac6ctrial-dev-salesorderapp-srv.cfapps.us10-001.hana.ondemand.com"
      },
      "parameters" : { },
      "propertiesMetadata" : {
        "metadata" : { }
      },
      "parametersMetadata" : {
        "metadata" : { }
      }
    }, {
      "majorSchemaVersion" : 3,
      "name" : "********",
      "properties" : { },
      "parameters" : { },
      "propertiesMetadata" : {
        "metadata" : { }
      },
      "parametersMetadata" : {
        "metadata" : { }
      }
    } ],
    "providedDependencies" : [ {
      "majorSchemaVersion" : 3,
      "name" : "salesorderapp-ui",
      "isPublic" : false,
      "properties" : { },
      "parameters" : { },
      "propertiesMetadata" : {
        "metadata" : { }
      },
      "parametersMetadata" : {
        "metadata" : { }
      }
    } ],
    "propertiesMetadata" : {
      "metadata" : { }
    },
    "parametersMetadata" : {
      "metadata" : { }
    },
    "hooks" : [ ]
  }, {
    "majorSchemaVersion" : 3,
    "name" : "salesorderapp-srv",
    "type" : "javascript.nodejs",
    "path" : "salesorderapp-srv",
    "properties" : { },
    "parameters" : {
      "default-url" : "https://8fd6ac6ctrial-dev-salesorderapp-srv.cfapps.us10-001.hana.ondemand.com",
      "default-app-name" : "salesorderapp-srv",
      "generated-password" : "********",
      "default-live-url" : "https://8fd6ac6ctrial-dev-salesorderapp-srv.cfapps.us10-001.hana.ondemand.com",
      "default-uri" : "8fd6ac6ctrial-dev-salesorderapp-srv.cfapps.us10-001.hana.ondemand.com",
      "default-instances" : 1,
      "default-live-host" : "8fd6ac6ctrial-dev-salesorderapp-srv",
      "instances" : 1,
      "buildpack" : "nodejs_buildpack",
      "default-host" : "8fd6ac6ctrial-dev-salesorderapp-srv",
      "app-name" : "salesorderapp-srv",
      "default-live-uri" : "8fd6ac6ctrial-dev-salesorderapp-srv.cfapps.us10-001.hana.ondemand.com",
      "protocol" : "https",
      "default-live-app-name" : "salesorderapp-srv",
      "default-live-domain" : "cfapps.us10-001.hana.ondemand.com",
      "domain" : "cfapps.us10-001.hana.ondemand.com",
      "host" : "8fd6ac6ctrial-dev-salesorderapp-srv",
      "generated-user" : "********"
    },
    "requiredDependencies" : [ {
      "majorSchemaVersion" : 3,
      "name" : "********",
      "properties" : { },
      "parameters" : { },
      "propertiesMetadata" : {
        "metadata" : { }
      },
      "parametersMetadata" : {
        "metadata" : { }
      }
    }, {
      "majorSchemaVersion" : 3,
      "name" : "salesorderapp-db",
      "properties" : { },
      "parameters" : { },
      "propertiesMetadata" : {
        "metadata" : { }
      },
      "parametersMetadata" : {
        "metadata" : { }
      }
    } ],
    "providedDependencies" : [ {
      "majorSchemaVersion" : 3,
      "name" : "srv-api",
      "isPublic" : false,
      "properties" : {
        "srv-url" : "https://8fd6ac6ctrial-dev-salesorderapp-srv.cfapps.us10-001.hana.ondemand.com"
      },
      "parameters" : { },
      "propertiesMetadata" : {
        "metadata" : { }
      },
      "parametersMetadata" : {
        "metadata" : { }
      }
    }, {
      "majorSchemaVersion" : 3,
      "name" : "salesorderapp-srv",
      "isPublic" : false,
      "properties" : { },
      "parameters" : { },
      "propertiesMetadata" : {
        "metadata" : { }
      },
      "parametersMetadata" : {
        "metadata" : { }
      }
    } ],
    "propertiesMetadata" : {
      "metadata" : { }
    },
    "parametersMetadata" : {
      "metadata" : { }
    },
    "hooks" : [ ]
  }, {
    "majorSchemaVersion" : 3,
    "name" : "salesorderapp-db-deployer",
    "type" : "com.sap.xs.hdi",
    "path" : "salesorderapp-db-deployer",
    "properties" : {
      "EXIT" : 1
    },
    "parameters" : {
      "default-url" : "https://8fd6ac6ctrial-dev-salesorderapp-db-deployer.cfapps.us10-001.hana.ondemand.com",
      "default-app-name" : "salesorderapp-db-deployer",
      "generated-password" : "********",
      "default-live-url" : "https://8fd6ac6ctrial-dev-salesorderapp-db-deployer.cfapps.us10-001.hana.ondemand.com",
      "default-uri" : "8fd6ac6ctrial-dev-salesorderapp-db-deployer.cfapps.us10-001.hana.ondemand.com",
      "memory" : "256M",
      "default-instances" : 1,
      "no-route" : true,
      "default-live-host" : "8fd6ac6ctrial-dev-salesorderapp-db-deployer",
      "instances" : 1,
      "buildpack" : "nodejs_buildpack",
      "default-host" : "8fd6ac6ctrial-dev-salesorderapp-db-deployer",
      "app-name" : "salesorderapp-db-deployer",
      "default-live-uri" : "8fd6ac6ctrial-dev-salesorderapp-db-deployer.cfapps.us10-001.hana.ondemand.com",
      "protocol" : "https",
      "default-live-app-name" : "salesorderapp-db-deployer",
      "default-live-domain" : "cfapps.us10-001.hana.ondemand.com",
      "dependency-type" : "hard",
      "domain" : "cfapps.us10-001.hana.ondemand.com",
      "host" : "8fd6ac6ctrial-dev-salesorderapp-db-deployer",
      "generated-user" : "********",
      "tasks" : [ {
        "command" : "npm start",
        "memory" : "256M",
        "name" : "deploy"
      } ],
      "no-start" : true
    },
    "requiredDependencies" : [ {
      "majorSchemaVersion" : 3,
      "name" : "salesorderapp-db",
      "properties" : { },
      "parameters" : { },
      "propertiesMetadata" : {
        "metadata" : { }
      },
      "parametersMetadata" : {
        "metadata" : { }
      }
    } ],
    "providedDependencies" : [ {
      "majorSchemaVersion" : 3,
      "name" : "salesorderapp-db-deployer",
      "isPublic" : false,
      "properties" : { },
      "parameters" : { },
      "propertiesMetadata" : {
        "metadata" : { }
      },
      "parametersMetadata" : {
        "metadata" : { }
      }
    } ],
    "propertiesMetadata" : {
      "metadata" : { }
    },
    "parametersMetadata" : {
      "metadata" : { }
    },
    "hooks" : [ ]
  } ],
  "resources" : [ {
    "majorSchemaVersion" : 3,
    "name" : "********",
    "type" : "org.cloudfoundry.managed-service",
    "properties" : { },
    "parameters" : {
      "generated-password" : "********",
      "path" : "./xs-security.json",
      "service-name" : "********",
      "service-plan" : "application",
      "service" : "xsuaa",
      "generated-user" : "********",
      "default-xsappname" : "********",
      "type" : "managed-service",
      "config" : {
        "oauth2-configuration" : "********",
        "tenant-mode" : "dedicated",
        "xsappname" : "salesorderapp-8fd6ac6ctrial-dev"
      },
      "default-service-name" : "********",
      "default-container-name" : "********"
    },
    "isActive" : true,
    "isOptional" : false,
    "propertiesMetadata" : {
      "metadata" : { }
    },
    "parametersMetadata" : {
      "metadata" : { }
    },
    "requiredDependencies" : [ ],
    "processedAfter" : [ ]
  }, {
    "majorSchemaVersion" : 3,
    "name" : "salesorderapp-db",
    "type" : "com.sap.xs.hdi-container",
    "properties" : { },
    "parameters" : {
      "generated-password" : "********",
      "service-name" : "salesorderapp-db",
      "service-plan" : "hdi-shared",
      "service" : "hana",
      "generated-user" : "********",
      "default-xsappname" : "salesorderapp-db",
      "type" : "managed-service",
      "default-service-name" : "salesorderapp-db",
      "default-container-name" : "8FD6AC6CTRIAL_DEV_SALESORDERAPP_DB"
    },
    "isActive" : true,
    "isOptional" : false,
    "propertiesMetadata" : {
      "metadata" : { }
    },
    "parametersMetadata" : {
      "metadata" : { }
    },
    "requiredDependencies" : [ ],
    "processedAfter" : [ ]
  } ],
  "parameters" : {
    "mta-id" : "salesorderapp",
    "authorization-url" : "********",
    "org-guid" : "26f8afbe-50d1-448f-81e9-c738b2504804",
    "org" : "8fd6ac6ctrial",
    "deploy-target" : "8fd6ac6ctrial dev",
    "enable-parallel-deployments" : true,
    "region-primary-domain" : "us10.hana.ondemand.com",
    "space" : "dev",
    "region-domain" : "us10-001.hana.ondemand.com",
    "xs-api-url" : "https://api.cf.us10-001.hana.ondemand.com",
    "deploy-url" : "deploy-service.cfapps.us10-001.hana.ondemand.com",
    "xs-type" : "CF",
    "default-domain" : "cfapps.us10-001.hana.ondemand.com",
    "mta-version" : "1.0.0",
    "xs-auth-url" : "********",
    "space-guid" : "a8460b67-b005-477e-a885-af01acf20eae",
    "user" : "********",
    "controller-url" : "https://api.cf.us10-001.hana.ondemand.com",
    "timestamp" : "20260722035605"
  },
  "parametersMetadata" : {
    "metadata" : { }
  }
}#
#2026 07 22 03:56:20.160#Z#DEBUG#435a90b7-8581-11f1-952a-eeee0a8c50ce.OPERATION#flowable-async-job-executor-thread-2939#
[ProcessDescriptorStep] Merged descriptor properties and parameters resolved#
#2026 07 22 03:56:20.160#Z#DEBUG#435a90b7-8581-11f1-952a-eeee0a8c50ce.OPERATION#flowable-async-job-executor-thread-2939#
Step "Re-Process Descriptor Step" finished#
#2026 07 22 03:56:20.186#Z#DEBUG#435a90b7-8581-11f1-952a-eeee0a8c50ce.OPERATION#flowable-async-job-executor-thread-2939#
[BuildApplicationDeployModelStep] Executing task "buildApplicationDeployModelTask" of process "4c30af0f-8581-11f1-952a-eeee0a8c50ce"...#
#2026 07 22 03:56:20.187#Z#DEBUG#435a90b7-8581-11f1-952a-eeee0a8c50ce.OPERATION#flowable-async-job-executor-thread-2939#
[BuildApplicationDeployModelStep] Building cloud deployment model for application "salesorderapp-srv"...#
#2026 07 22 03:56:20.191#Z#DEBUG#435a90b7-8581-11f1-952a-eeee0a8c50ce.OPERATION#flowable-async-job-executor-thread-2939#
[BuildApplicationDeployModelStep] No health-check-type is specified. Setting default type: port#
#2026 07 22 03:56:20.192#Z#INFO#435a90b7-8581-11f1-952a-eeee0a8c50ce.OPERATION#flowable-async-job-executor-thread-2939#
[BuildApplicationDeployModelStep] Building configuration entries for org 8fd6ac6ctrial, space dev, spaceId a8460b67-b005-477e-a885-af01acf20eae and namespace null!#
#2026 07 22 03:56:20.193#Z#DEBUG#435a90b7-8581-11f1-952a-eeee0a8c50ce.OPERATION#flowable-async-job-executor-thread-2939#
[BuildApplicationDeployModelStep] Configuration entries to publish: [ ]#
#2026 07 22 03:56:20.193#Z#DEBUG#435a90b7-8581-11f1-952a-eeee0a8c50ce.OPERATION#flowable-async-job-executor-thread-2939#
[BuildApplicationDeployModelStep] Cloud deployment model for application built#
#2026 07 22 03:56:20.193#Z#DEBUG#435a90b7-8581-11f1-952a-eeee0a8c50ce.OPERATION#flowable-async-job-executor-thread-2939#
Step "Build Application Deploy Model" finished#
#2026 07 22 03:56:20.225#Z#DEBUG#435a90b7-8581-11f1-952a-eeee0a8c50ce.OPERATION#flowable-async-job-executor-thread-2939#
[CreateOrUpdateAppStep] Executing task "createAppTask" of process "4c30af0f-8581-11f1-952a-eeee0a8c50ce"...#
#2026 07 22 03:56:20.226#Z#DEBUG#435a90b7-8581-11f1-952a-eeee0a8c50ce.OPERATION#flowable-async-job-executor-thread-2939#
[CreateOrUpdateAppStep] Getting application "salesorderapp-srv"...#
#2026 07 22 03:56:20.264#Z#INFO#435a90b7-8581-11f1-952a-eeee0a8c50ce.OPERATION#flowable-async-job-executor-thread-2939#
[CreateOrUpdateAppStep] Updating application "salesorderapp-srv"...#
#2026 07 22 03:56:20.269#Z#DEBUG#435a90b7-8581-11f1-952a-eeee0a8c50ce.OPERATION#flowable-async-job-executor-thread-2939#
[CreateOrUpdateAppStep] Getting process for application "c31c55a3-17d0-489b-89ee-f38467ab5577"...#
#2026 07 22 03:56:20.301#Z#DEBUG#435a90b7-8581-11f1-952a-eeee0a8c50ce.OPERATION#flowable-async-job-executor-thread-2939#
[CreateOrUpdateAppStep] Getting routes for application "c31c55a3-17d0-489b-89ee-f38467ab5577"...#
#2026 07 22 03:56:20.345#Z#DEBUG#435a90b7-8581-11f1-952a-eeee0a8c50ce.OPERATION#flowable-async-job-executor-thread-2939#
[CreateOrUpdateAppStep] Getting features for application "c31c55a3-17d0-489b-89ee-f38467ab5577"#
#2026 07 22 03:56:20.363#Z#DEBUG#435a90b7-8581-11f1-952a-eeee0a8c50ce.OPERATION#flowable-async-job-executor-thread-2939#
[CreateOrUpdateAppStep] Updating staging of application "salesorderapp-srv" to: {
  "buildpacks" : [ "nodejs_buildpack" ],
  "healthCheckType" : "port",
  "appFeatures" : { }
}#
#2026 07 22 03:56:20.547#Z#DEBUG#435a90b7-8581-11f1-952a-eeee0a8c50ce.OPERATION#flowable-async-job-executor-thread-2939#
[CreateOrUpdateAppStep] Application "salesorderapp-srv" updated#
#2026 07 22 03:56:20.547#Z#DEBUG#435a90b7-8581-11f1-952a-eeee0a8c50ce.OPERATION#flowable-async-job-executor-thread-2939#
[CreateOrUpdateAppStep] Getting environment of application "c31c55a3-17d0-489b-89ee-f38467ab5577"...#
#2026 07 22 03:56:20.613#Z#DEBUG#435a90b7-8581-11f1-952a-eeee0a8c50ce.OPERATION#flowable-async-job-executor-thread-2939#
[CreateOrUpdateAppStep] Application "salesorderapp-srv" updated#
#2026 07 22 03:56:20.613#Z#DEBUG#435a90b7-8581-11f1-952a-eeee0a8c50ce.OPERATION#flowable-async-job-executor-thread-2939#
Step "Create App" finished#
#2026 07 22 03:56:20.698#Z#DEBUG#435a90b7-8581-11f1-952a-eeee0a8c50ce.OPERATION#flowable-async-job-executor-thread-2939#
[CheckServiceBindingOperationStep] Executing task "checkForServiceBindingOperationInProgress" of process "4c8a6748-8581-11f1-952a-eeee0a8c50ce"...#
#2026 07 22 03:56:20.698#Z#DEBUG#435a90b7-8581-11f1-952a-eeee0a8c50ce.OPERATION#flowable-async-job-executor-thread-2939#
[CheckServiceBindingOperationStep] Checking for service binding operation in progress between app "salesorderapp-srv" and service instance "salesorderapp-auth"#
#2026 07 22 03:56:20.699#Z#DEBUG#435a90b7-8581-11f1-952a-eeee0a8c50ce.OPERATION#flowable-async-job-executor-thread-2939#
[CheckServiceBindingOperationStep] Getting application guid "salesorderapp-srv"...#
#2026 07 22 03:56:20.722#Z#DEBUG#435a90b7-8581-11f1-952a-eeee0a8c50ce.OPERATION#flowable-async-job-executor-thread-2939#
[CheckServiceBindingOperationStep] Getting GUID of required service instance "salesorderapp-auth"...#
#2026 07 22 03:56:20.753#Z#DEBUG#435a90b7-8581-11f1-952a-eeee0a8c50ce.OPERATION#flowable-async-job-executor-thread-2939#
[CheckServiceBindingOperationStep] Getting binding of service instance "d24a7cd2-09da-4b15-8ddd-0e1c366949d8" with application "c31c55a3-17d0-489b-89ee-f38467ab5577"...#
#2026 07 22 03:56:20.787#Z#DEBUG#435a90b7-8581-11f1-952a-eeee0a8c50ce.OPERATION#flowable-async-job-executor-thread-2939#
[CheckServiceBindingOperationStep] Service binding operation "837cab3b-e247-42c2-8388-8b5944649ff2" with type "create" is in state "succeeded"#
#2026 07 22 03:56:20.787#Z#DEBUG#435a90b7-8581-11f1-952a-eeee0a8c50ce.OPERATION#flowable-async-job-executor-thread-2939#
Step "Check For Service Binding Operation In Progress" finished#
#2026 07 22 03:56:20.813#Z#DEBUG#435a90b7-8581-11f1-952a-eeee0a8c50ce.OPERATION#flowable-async-job-executor-thread-2939#
[DetermineApplicationServiceBindingActionsStep] Executing task "determineApplicationServiceBindingActionsTask" of process "4c8a6748-8581-11f1-952a-eeee0a8c50ce"...#
#2026 07 22 03:56:20.815#Z#DEBUG#435a90b7-8581-11f1-952a-eeee0a8c50ce.OPERATION#flowable-async-job-executor-thread-2939#
[DetermineApplicationServiceBindingActionsStep] Determine bind/unbind operations of application "salesorderapp-srv" to service instance "salesorderapp-auth"#
#2026 07 22 03:56:20.815#Z#DEBUG#435a90b7-8581-11f1-952a-eeee0a8c50ce.OPERATION#flowable-async-job-executor-thread-2939#
[DetermineApplicationServiceBindingActionsStep] Getting application "salesorderapp-srv"...#
#2026 07 22 03:56:20.847#Z#DEBUG#435a90b7-8581-11f1-952a-eeee0a8c50ce.OPERATION#flowable-async-job-executor-thread-2939#
[DetermineApplicationServiceBindingActionsStep] Binding parameters for application "salesorderapp-srv": { }#
#2026 07 22 03:56:20.886#Z#DEBUG#435a90b7-8581-11f1-952a-eeee0a8c50ce.OPERATION#flowable-async-job-executor-thread-2939#
[DetermineApplicationServiceBindingActionsStep] Check should rebind application "salesorderapp-srv" and service instance "salesorderapp-auth"#
#2026 07 22 03:56:20.886#Z#DEBUG#435a90b7-8581-11f1-952a-eeee0a8c50ce.OPERATION#flowable-async-job-executor-thread-2939#
[DetermineApplicationServiceBindingActionsStep] Getting GUID of required service instance "salesorderapp-auth"...#
#2026 07 22 03:56:20.910#Z#DEBUG#435a90b7-8581-11f1-952a-eeee0a8c50ce.OPERATION#flowable-async-job-executor-thread-2939#
[DetermineApplicationServiceBindingActionsStep] Getting binding of service instance "d24a7cd2-09da-4b15-8ddd-0e1c366949d8" with application "c31c55a3-17d0-489b-89ee-f38467ab5577"...#
#2026 07 22 03:56:20.946#Z#DEBUG#435a90b7-8581-11f1-952a-eeee0a8c50ce.OPERATION#flowable-async-job-executor-thread-2939#
[DetermineApplicationServiceBindingActionsStep] Getting parameters of service binding "837cab3b-e247-42c2-8388-8b5944649ff2"...#
#2026 07 22 03:56:20.980#Z#WARN#435a90b7-8581-11f1-952a-eeee0a8c50ce.OPERATION#flowable-async-job-executor-thread-2939#
[DetermineApplicationServiceBindingActionsStep] Cannot retrieve parameters of binding between application "salesorderapp-srv" and service instance "salesorderapp-auth"#
#2026 07 22 03:56:20.981#Z#DEBUG#435a90b7-8581-11f1-952a-eeee0a8c50ce.OPERATION#flowable-async-job-executor-thread-2939#
[DetermineApplicationServiceBindingActionsStep] Calculated binding operations between application "salesorderapp-srv" and service instance "salesorderapp-auth": unbind - true bind - true#
#2026 07 22 03:56:20.981#Z#DEBUG#435a90b7-8581-11f1-952a-eeee0a8c50ce.OPERATION#flowable-async-job-executor-thread-2939#
Step "Determine Application Service Binding Actions" finished#
#2026 07 22 03:56:21.016#Z#DEBUG#435a90b7-8581-11f1-952a-eeee0a8c50ce.OPERATION#flowable-async-job-executor-thread-2939#
[UnbindServiceFromApplicationStep] Executing task "unbindServiceFromApplicationTask" of process "4c8a6748-8581-11f1-952a-eeee0a8c50ce"...#
#2026 07 22 03:56:21.018#Z#INFO#435a90b7-8581-11f1-952a-eeee0a8c50ce.OPERATION#flowable-async-job-executor-thread-2939#
[UnbindServiceFromApplicationStep] Unbinding service instance "salesorderapp-auth" from application "salesorderapp-srv"...#
#2026 07 22 03:56:21.023#Z#DEBUG#435a90b7-8581-11f1-952a-eeee0a8c50ce.OPERATION#flowable-async-job-executor-thread-2939#
[UnbindServiceFromApplicationStep] Unbinding application "salesorderapp-srv" from service instance "salesorderapp-auth"...#
#2026 07 22 03:56:21.157#Z#DEBUG#435a90b7-8581-11f1-952a-eeee0a8c50ce.OPERATION#flowable-async-job-executor-thread-2939#
Step "Unbind Service from Application" finished#
#2026 07 22 03:56:22.209#Z#DEBUG#435a90b7-8581-11f1-952a-eeee0a8c50ce.OPERATION#flowable-async-job-executor-thread-2938#
[ProcessDescriptorStep] Executing task "reprocessDescriptorTask" of process "4d6c62bd-8581-11f1-952a-eeee0a8c50ce"...#
#2026 07 22 03:56:22.209#Z#DEBUG#435a90b7-8581-11f1-952a-eeee0a8c50ce.OPERATION#flowable-async-job-executor-thread-2938#
[ProcessDescriptorStep] Resolving properties and parameters in merged descriptor...#
#2026 07 22 03:56:22.213#Z#DEBUG#435a90b7-8581-11f1-952a-eeee0a8c50ce.OPERATION#flowable-async-job-executor-thread-2938#
[ProcessDescriptorStep] Subscriptions: [ ]#
#2026 07 22 03:56:22.218#Z#DEBUG#435a90b7-8581-11f1-952a-eeee0a8c50ce.OPERATION#flowable-async-job-executor-thread-2938#
[ProcessDescriptorStep] MTA modules: [salesorderapp-ui, salesorderapp-db-deployer, salesorderapp-srv]#
#2026 07 22 03:56:22.220#Z#DEBUG#435a90b7-8581-11f1-952a-eeee0a8c50ce.OPERATION#flowable-async-job-executor-thread-2938#
[ProcessDescriptorStep] Resolved deployment descriptor: {
  "majorSchemaVersion" : 3,
  "schemaVersion" : "3.3.0",
  "id" : "salesorderapp",
  "version" : "1.0.0",
  "modules" : [ {
    "majorSchemaVersion" : 3,
    "name" : "salesorderapp-ui",
    "type" : "javascript.nodejs",
    "path" : "salesorderapp-ui",
    "properties" : { },
    "parameters" : {
      "default-url" : "https://8fd6ac6ctrial-dev-salesorderapp-ui.cfapps.us10-001.hana.ondemand.com",
      "default-app-name" : "salesorderapp-ui",
      "generated-password" : "********",
      "default-live-url" : "https://8fd6ac6ctrial-dev-salesorderapp-ui.cfapps.us10-001.hana.ondemand.com",
      "default-uri" : "8fd6ac6ctrial-dev-salesorderapp-ui.cfapps.us10-001.hana.ondemand.com",
      "default-instances" : 1,
      "default-live-host" : "8fd6ac6ctrial-dev-salesorderapp-ui",
      "instances" : 1,
      "buildpack" : "nodejs_buildpack",
      "default-host" : "8fd6ac6ctrial-dev-salesorderapp-ui",
      "app-name" : "salesorderapp-ui",
      "default-live-uri" : "8fd6ac6ctrial-dev-salesorderapp-ui.cfapps.us10-001.hana.ondemand.com",
      "protocol" : "https",
      "default-live-app-name" : "salesorderapp-ui",
      "default-live-domain" : "cfapps.us10-001.hana.ondemand.com",
      "domain" : "cfapps.us10-001.hana.ondemand.com",
      "host" : "8fd6ac6ctrial-dev-salesorderapp-ui",
      "generated-user" : "********"
    },
    "requiredDependencies" : [ {
      "majorSchemaVersion" : 3,
      "name" : "srv-api",
      "group" : "destinations",
      "properties" : {
        "name" : "srv-api",
        "forwardAuthToken" : "********",
        "strictSSL" : true,
        "url" : "https://8fd6ac6ctrial-dev-salesorderapp-srv.cfapps.us10-001.hana.ondemand.com"
      },
      "parameters" : { },
      "propertiesMetadata" : {
        "metadata" : { }
      },
      "parametersMetadata" : {
        "metadata" : { }
      }
    }, {
      "majorSchemaVersion" : 3,
      "name" : "********",
      "properties" : { },
      "parameters" : { },
      "propertiesMetadata" : {
        "metadata" : { }
      },
      "parametersMetadata" : {
        "metadata" : { }
      }
    } ],
    "providedDependencies" : [ {
      "majorSchemaVersion" : 3,
      "name" : "salesorderapp-ui",
      "isPublic" : false,
      "properties" : { },
      "parameters" : { },
      "propertiesMetadata" : {
        "metadata" : { }
      },
      "parametersMetadata" : {
        "metadata" : { }
      }
    } ],
    "propertiesMetadata" : {
      "metadata" : { }
    },
    "parametersMetadata" : {
      "metadata" : { }
    },
    "hooks" : [ ]
  }, {
    "majorSchemaVersion" : 3,
    "name" : "salesorderapp-srv",
    "type" : "javascript.nodejs",
    "path" : "salesorderapp-srv",
    "properties" : { },
    "parameters" : {
      "default-url" : "https://8fd6ac6ctrial-dev-salesorderapp-srv.cfapps.us10-001.hana.ondemand.com",
      "default-app-name" : "salesorderapp-srv",
      "generated-password" : "********",
      "default-live-url" : "https://8fd6ac6ctrial-dev-salesorderapp-srv.cfapps.us10-001.hana.ondemand.com",
      "default-uri" : "8fd6ac6ctrial-dev-salesorderapp-srv.cfapps.us10-001.hana.ondemand.com",
      "default-instances" : 1,
      "default-live-host" : "8fd6ac6ctrial-dev-salesorderapp-srv",
      "instances" : 1,
      "buildpack" : "nodejs_buildpack",
      "default-host" : "8fd6ac6ctrial-dev-salesorderapp-srv",
      "app-name" : "salesorderapp-srv",
      "default-live-uri" : "8fd6ac6ctrial-dev-salesorderapp-srv.cfapps.us10-001.hana.ondemand.com",
      "protocol" : "https",
      "default-live-app-name" : "salesorderapp-srv",
      "default-live-domain" : "cfapps.us10-001.hana.ondemand.com",
      "domain" : "cfapps.us10-001.hana.ondemand.com",
      "host" : "8fd6ac6ctrial-dev-salesorderapp-srv",
      "generated-user" : "********"
    },
    "requiredDependencies" : [ {
      "majorSchemaVersion" : 3,
      "name" : "********",
      "properties" : { },
      "parameters" : { },
      "propertiesMetadata" : {
        "metadata" : { }
      },
      "parametersMetadata" : {
        "metadata" : { }
      }
    }, {
      "majorSchemaVersion" : 3,
      "name" : "salesorderapp-db",
      "properties" : { },
      "parameters" : { },
      "propertiesMetadata" : {
        "metadata" : { }
      },
      "parametersMetadata" : {
        "metadata" : { }
      }
    } ],
    "providedDependencies" : [ {
      "majorSchemaVersion" : 3,
      "name" : "srv-api",
      "isPublic" : false,
      "properties" : {
        "srv-url" : "https://8fd6ac6ctrial-dev-salesorderapp-srv.cfapps.us10-001.hana.ondemand.com"
      },
      "parameters" : { },
      "propertiesMetadata" : {
        "metadata" : { }
      },
      "parametersMetadata" : {
        "metadata" : { }
      }
    }, {
      "majorSchemaVersion" : 3,
      "name" : "salesorderapp-srv",
      "isPublic" : false,
      "properties" : { },
      "parameters" : { },
      "propertiesMetadata" : {
        "metadata" : { }
      },
      "parametersMetadata" : {
        "metadata" : { }
      }
    } ],
    "propertiesMetadata" : {
      "metadata" : { }
    },
    "parametersMetadata" : {
      "metadata" : { }
    },
    "hooks" : [ ]
  }, {
    "majorSchemaVersion" : 3,
    "name" : "salesorderapp-db-deployer",
    "type" : "com.sap.xs.hdi",
    "path" : "salesorderapp-db-deployer",
    "properties" : {
      "EXIT" : 1
    },
    "parameters" : {
      "default-url" : "https://8fd6ac6ctrial-dev-salesorderapp-db-deployer.cfapps.us10-001.hana.ondemand.com",
      "default-app-name" : "salesorderapp-db-deployer",
      "generated-password" : "********",
      "default-live-url" : "https://8fd6ac6ctrial-dev-salesorderapp-db-deployer.cfapps.us10-001.hana.ondemand.com",
      "default-uri" : "8fd6ac6ctrial-dev-salesorderapp-db-deployer.cfapps.us10-001.hana.ondemand.com",
      "memory" : "256M",
      "default-instances" : 1,
      "no-route" : true,
      "default-live-host" : "8fd6ac6ctrial-dev-salesorderapp-db-deployer",
      "instances" : 1,
      "buildpack" : "nodejs_buildpack",
      "default-host" : "8fd6ac6ctrial-dev-salesorderapp-db-deployer",
      "app-name" : "salesorderapp-db-deployer",
      "default-live-uri" : "8fd6ac6ctrial-dev-salesorderapp-db-deployer.cfapps.us10-001.hana.ondemand.com",
      "protocol" : "https",
      "default-live-app-name" : "salesorderapp-db-deployer",
      "default-live-domain" : "cfapps.us10-001.hana.ondemand.com",
      "dependency-type" : "hard",
      "domain" : "cfapps.us10-001.hana.ondemand.com",
      "host" : "8fd6ac6ctrial-dev-salesorderapp-db-deployer",
      "generated-user" : "********",
      "tasks" : [ {
        "command" : "npm start",
        "memory" : "256M",
        "name" : "deploy"
      } ],
      "no-start" : true
    },
    "requiredDependencies" : [ {
      "majorSchemaVersion" : 3,
      "name" : "salesorderapp-db",
      "properties" : { },
      "parameters" : { },
      "propertiesMetadata" : {
        "metadata" : { }
      },
      "parametersMetadata" : {
        "metadata" : { }
      }
    } ],
    "providedDependencies" : [ {
      "majorSchemaVersion" : 3,
      "name" : "salesorderapp-db-deployer",
      "isPublic" : false,
      "properties" : { },
      "parameters" : { },
      "propertiesMetadata" : {
        "metadata" : { }
      },
      "parametersMetadata" : {
        "metadata" : { }
      }
    } ],
    "propertiesMetadata" : {
      "metadata" : { }
    },
    "parametersMetadata" : {
      "metadata" : { }
    },
    "hooks" : [ ]
  } ],
  "resources" : [ {
    "majorSchemaVersion" : 3,
    "name" : "********",
    "type" : "org.cloudfoundry.managed-service",
    "properties" : { },
    "parameters" : {
      "generated-password" : "********",
      "path" : "./xs-security.json",
      "service-name" : "********",
      "service-plan" : "application",
      "service" : "xsuaa",
      "generated-user" : "********",
      "default-xsappname" : "********",
      "type" : "managed-service",
      "config" : {
        "oauth2-configuration" : "********",
        "tenant-mode" : "dedicated",
        "xsappname" : "salesorderapp-8fd6ac6ctrial-dev"
      },
      "default-service-name" : "********",
      "default-container-name" : "********"
    },
    "isActive" : true,
    "isOptional" : false,
    "propertiesMetadata" : {
      "metadata" : { }
    },
    "parametersMetadata" : {
      "metadata" : { }
    },
    "requiredDependencies" : [ ],
    "processedAfter" : [ ]
  }, {
    "majorSchemaVersion" : 3,
    "name" : "salesorderapp-db",
    "type" : "com.sap.xs.hdi-container",
    "properties" : { },
    "parameters" : {
      "generated-password" : "********",
      "service-name" : "salesorderapp-db",
      "service-plan" : "hdi-shared",
      "service" : "hana",
      "generated-user" : "********",
      "default-xsappname" : "salesorderapp-db",
      "type" : "managed-service",
      "default-service-name" : "salesorderapp-db",
      "default-container-name" : "8FD6AC6CTRIAL_DEV_SALESORDERAPP_DB"
    },
    "isActive" : true,
    "isOptional" : false,
    "propertiesMetadata" : {
      "metadata" : { }
    },
    "parametersMetadata" : {
      "metadata" : { }
    },
    "requiredDependencies" : [ ],
    "processedAfter" : [ ]
  } ],
  "parameters" : {
    "mta-id" : "salesorderapp",
    "authorization-url" : "********",
    "org-guid" : "26f8afbe-50d1-448f-81e9-c738b2504804",
    "org" : "8fd6ac6ctrial",
    "deploy-target" : "8fd6ac6ctrial dev",
    "enable-parallel-deployments" : true,
    "region-primary-domain" : "us10.hana.ondemand.com",
    "space" : "dev",
    "region-domain" : "us10-001.hana.ondemand.com",
    "xs-api-url" : "https://api.cf.us10-001.hana.ondemand.com",
    "deploy-url" : "deploy-service.cfapps.us10-001.hana.ondemand.com",
    "xs-type" : "CF",
    "default-domain" : "cfapps.us10-001.hana.ondemand.com",
    "mta-version" : "1.0.0",
    "xs-auth-url" : "********",
    "space-guid" : "a8460b67-b005-477e-a885-af01acf20eae",
    "user" : "********",
    "controller-url" : "https://api.cf.us10-001.hana.ondemand.com",
    "timestamp" : "20260722035605"
  },
  "parametersMetadata" : {
    "metadata" : { }
  }
}#
#2026 07 22 03:56:22.220#Z#DEBUG#435a90b7-8581-11f1-952a-eeee0a8c50ce.OPERATION#flowable-async-job-executor-thread-2938#
[ProcessDescriptorStep] Merged descriptor properties and parameters resolved#
#2026 07 22 03:56:22.220#Z#DEBUG#435a90b7-8581-11f1-952a-eeee0a8c50ce.OPERATION#flowable-async-job-executor-thread-2938#
Step "Re-Process Descriptor Step" finished#
#2026 07 22 03:56:22.245#Z#DEBUG#435a90b7-8581-11f1-952a-eeee0a8c50ce.OPERATION#flowable-async-job-executor-thread-2938#
[BuildApplicationDeployModelStep] Executing task "buildApplicationDeployModelTask" of process "4d6c62bd-8581-11f1-952a-eeee0a8c50ce"...#
#2026 07 22 03:56:22.247#Z#DEBUG#435a90b7-8581-11f1-952a-eeee0a8c50ce.OPERATION#flowable-async-job-executor-thread-2938#
[BuildApplicationDeployModelStep] Building cloud deployment model for application "salesorderapp-db-deployer"...#
#2026 07 22 03:56:22.251#Z#DEBUG#435a90b7-8581-11f1-952a-eeee0a8c50ce.OPERATION#flowable-async-job-executor-thread-2938#
[BuildApplicationDeployModelStep] No health-check-type is specified. Setting default type: port#
#2026 07 22 03:56:22.251#Z#INFO#435a90b7-8581-11f1-952a-eeee0a8c50ce.OPERATION#flowable-async-job-executor-thread-2938#
[BuildApplicationDeployModelStep] Building configuration entries for org 8fd6ac6ctrial, space dev, spaceId a8460b67-b005-477e-a885-af01acf20eae and namespace null!#
#2026 07 22 03:56:22.252#Z#DEBUG#435a90b7-8581-11f1-952a-eeee0a8c50ce.OPERATION#flowable-async-job-executor-thread-2938#
[BuildApplicationDeployModelStep] Configuration entries to publish: [ ]#
#2026 07 22 03:56:22.252#Z#DEBUG#435a90b7-8581-11f1-952a-eeee0a8c50ce.OPERATION#flowable-async-job-executor-thread-2938#
[BuildApplicationDeployModelStep] Cloud deployment model for application built#
#2026 07 22 03:56:22.252#Z#DEBUG#435a90b7-8581-11f1-952a-eeee0a8c50ce.OPERATION#flowable-async-job-executor-thread-2938#
Step "Build Application Deploy Model" finished#
#2026 07 22 03:56:22.176#Z#DEBUG#435a90b7-8581-11f1-952a-eeee0a8c50ce.OPERATION#flowable-async-job-executor-thread-2934#
[CheckServiceBindingOperationStep] Executing task "checkForServiceBindingOperationInProgress" of process "4d6b50b5-8581-11f1-952a-eeee0a8c50ce"...#
#2026 07 22 03:56:22.177#Z#DEBUG#435a90b7-8581-11f1-952a-eeee0a8c50ce.OPERATION#flowable-async-job-executor-thread-2934#
[CheckServiceBindingOperationStep] Checking for service binding operation in progress between app "salesorderapp-srv" and service instance "salesorderapp-db"#
#2026 07 22 03:56:22.177#Z#DEBUG#435a90b7-8581-11f1-952a-eeee0a8c50ce.OPERATION#flowable-async-job-executor-thread-2934#
[CheckServiceBindingOperationStep] Getting application guid "salesorderapp-srv"...#
#2026 07 22 03:56:22.206#Z#DEBUG#435a90b7-8581-11f1-952a-eeee0a8c50ce.OPERATION#flowable-async-job-executor-thread-2934#
[CheckServiceBindingOperationStep] Getting GUID of required service instance "salesorderapp-db"...#
#2026 07 22 03:56:22.237#Z#DEBUG#435a90b7-8581-11f1-952a-eeee0a8c50ce.OPERATION#flowable-async-job-executor-thread-2934#
[CheckServiceBindingOperationStep] Getting binding of service instance "f39742e5-7e27-4e83-94cf-0059342f8001" with application "c31c55a3-17d0-489b-89ee-f38467ab5577"...#
#2026 07 22 03:56:22.267#Z#DEBUG#435a90b7-8581-11f1-952a-eeee0a8c50ce.OPERATION#flowable-async-job-executor-thread-2934#
[CheckServiceBindingOperationStep] Service binding operation "a53fe62f-40c0-429a-b8de-035efef75f6d" with type "create" is in state "succeeded"#
#2026 07 22 03:56:22.267#Z#DEBUG#435a90b7-8581-11f1-952a-eeee0a8c50ce.OPERATION#flowable-async-job-executor-thread-2934#
Step "Check For Service Binding Operation In Progress" finished#
#2026 07 22 03:56:22.441#Z#DEBUG#435a90b7-8581-11f1-952a-eeee0a8c50ce.OPERATION#flowable-async-job-executor-thread-1724#
[ProcessDescriptorStep] Executing task "reprocessDescriptorTask" of process "4d8ce347-8581-11f1-87aa-eeee0a901e24"...#
#2026 07 22 03:56:22.442#Z#DEBUG#435a90b7-8581-11f1-952a-eeee0a8c50ce.OPERATION#flowable-async-job-executor-thread-1724#
[ProcessDescriptorStep] Resolving properties and parameters in merged descriptor...#
#2026 07 22 03:56:22.447#Z#DEBUG#435a90b7-8581-11f1-952a-eeee0a8c50ce.OPERATION#flowable-async-job-executor-thread-1724#
[ProcessDescriptorStep] Subscriptions: [ ]#
#2026 07 22 03:56:22.455#Z#DEBUG#435a90b7-8581-11f1-952a-eeee0a8c50ce.OPERATION#flowable-async-job-executor-thread-1724#
[ProcessDescriptorStep] MTA modules: [salesorderapp-ui, salesorderapp-db-deployer, salesorderapp-srv]#
#2026 07 22 03:56:22.458#Z#DEBUG#435a90b7-8581-11f1-952a-eeee0a8c50ce.OPERATION#flowable-async-job-executor-thread-1724#
[ProcessDescriptorStep] Resolved deployment descriptor: {
  "majorSchemaVersion" : 3,
  "schemaVersion" : "3.3.0",
  "id" : "salesorderapp",
  "version" : "1.0.0",
  "modules" : [ {
    "majorSchemaVersion" : 3,
    "name" : "salesorderapp-ui",
    "type" : "javascript.nodejs",
    "path" : "salesorderapp-ui",
    "properties" : { },
    "parameters" : {
      "default-url" : "https://8fd6ac6ctrial-dev-salesorderapp-ui.cfapps.us10-001.hana.ondemand.com",
      "default-app-name" : "salesorderapp-ui",
      "generated-password" : "********",
      "default-live-url" : "https://8fd6ac6ctrial-dev-salesorderapp-ui.cfapps.us10-001.hana.ondemand.com",
      "default-uri" : "8fd6ac6ctrial-dev-salesorderapp-ui.cfapps.us10-001.hana.ondemand.com",
      "default-instances" : 1,
      "default-live-host" : "8fd6ac6ctrial-dev-salesorderapp-ui",
      "instances" : 1,
      "buildpack" : "nodejs_buildpack",
      "default-host" : "8fd6ac6ctrial-dev-salesorderapp-ui",
      "app-name" : "salesorderapp-ui",
      "default-live-uri" : "8fd6ac6ctrial-dev-salesorderapp-ui.cfapps.us10-001.hana.ondemand.com",
      "protocol" : "https",
      "default-live-app-name" : "salesorderapp-ui",
      "default-live-domain" : "cfapps.us10-001.hana.ondemand.com",
      "domain" : "cfapps.us10-001.hana.ondemand.com",
      "host" : "8fd6ac6ctrial-dev-salesorderapp-ui",
      "generated-user" : "********"
    },
    "requiredDependencies" : [ {
      "majorSchemaVersion" : 3,
      "name" : "srv-api",
      "group" : "destinations",
      "properties" : {
        "name" : "srv-api",
        "forwardAuthToken" : "********",
        "strictSSL" : true,
        "url" : "https://8fd6ac6ctrial-dev-salesorderapp-srv.cfapps.us10-001.hana.ondemand.com"
      },
      "parameters" : { },
      "propertiesMetadata" : {
        "metadata" : { }
      },
      "parametersMetadata" : {
        "metadata" : { }
      }
    }, {
      "majorSchemaVersion" : 3,
      "name" : "********",
      "properties" : { },
      "parameters" : { },
      "propertiesMetadata" : {
        "metadata" : { }
      },
      "parametersMetadata" : {
        "metadata" : { }
      }
    } ],
    "providedDependencies" : [ {
      "majorSchemaVersion" : 3,
      "name" : "salesorderapp-ui",
      "isPublic" : false,
      "properties" : { },
      "parameters" : { },
      "propertiesMetadata" : {
        "metadata" : { }
      },
      "parametersMetadata" : {
        "metadata" : { }
      }
    } ],
    "propertiesMetadata" : {
      "metadata" : { }
    },
    "parametersMetadata" : {
      "metadata" : { }
    },
    "hooks" : [ ]
  }, {
    "majorSchemaVersion" : 3,
    "name" : "salesorderapp-srv",
    "type" : "javascript.nodejs",
    "path" : "salesorderapp-srv",
    "properties" : { },
    "parameters" : {
      "default-url" : "https://8fd6ac6ctrial-dev-salesorderapp-srv.cfapps.us10-001.hana.ondemand.com",
      "default-app-name" : "salesorderapp-srv",
      "generated-password" : "********",
      "default-live-url" : "https://8fd6ac6ctrial-dev-salesorderapp-srv.cfapps.us10-001.hana.ondemand.com",
      "default-uri" : "8fd6ac6ctrial-dev-salesorderapp-srv.cfapps.us10-001.hana.ondemand.com",
      "default-instances" : 1,
      "default-live-host" : "8fd6ac6ctrial-dev-salesorderapp-srv",
      "instances" : 1,
      "buildpack" : "nodejs_buildpack",
      "default-host" : "8fd6ac6ctrial-dev-salesorderapp-srv",
      "app-name" : "salesorderapp-srv",
      "default-live-uri" : "8fd6ac6ctrial-dev-salesorderapp-srv.cfapps.us10-001.hana.ondemand.com",
      "protocol" : "https",
      "default-live-app-name" : "salesorderapp-srv",
      "default-live-domain" : "cfapps.us10-001.hana.ondemand.com",
      "domain" : "cfapps.us10-001.hana.ondemand.com",
      "host" : "8fd6ac6ctrial-dev-salesorderapp-srv",
      "generated-user" : "********"
    },
    "requiredDependencies" : [ {
      "majorSchemaVersion" : 3,
      "name" : "********",
      "properties" : { },
      "parameters" : { },
      "propertiesMetadata" : {
        "metadata" : { }
      },
      "parametersMetadata" : {
        "metadata" : { }
      }
    }, {
      "majorSchemaVersion" : 3,
      "name" : "salesorderapp-db",
      "properties" : { },
      "parameters" : { },
      "propertiesMetadata" : {
        "metadata" : { }
      },
      "parametersMetadata" : {
        "metadata" : { }
      }
    } ],
    "providedDependencies" : [ {
      "majorSchemaVersion" : 3,
      "name" : "srv-api",
      "isPublic" : false,
      "properties" : {
        "srv-url" : "https://8fd6ac6ctrial-dev-salesorderapp-srv.cfapps.us10-001.hana.ondemand.com"
      },
      "parameters" : { },
      "propertiesMetadata" : {
        "metadata" : { }
      },
      "parametersMetadata" : {
        "metadata" : { }
      }
    }, {
      "majorSchemaVersion" : 3,
      "name" : "salesorderapp-srv",
      "isPublic" : false,
      "properties" : { },
      "parameters" : { },
      "propertiesMetadata" : {
        "metadata" : { }
      },
      "parametersMetadata" : {
        "metadata" : { }
      }
    } ],
    "propertiesMetadata" : {
      "metadata" : { }
    },
    "parametersMetadata" : {
      "metadata" : { }
    },
    "hooks" : [ ]
  }, {
    "majorSchemaVersion" : 3,
    "name" : "salesorderapp-db-deployer",
    "type" : "com.sap.xs.hdi",
    "path" : "salesorderapp-db-deployer",
    "properties" : {
      "EXIT" : 1
    },
    "parameters" : {
      "default-url" : "https://8fd6ac6ctrial-dev-salesorderapp-db-deployer.cfapps.us10-001.hana.ondemand.com",
      "default-app-name" : "salesorderapp-db-deployer",
      "generated-password" : "********",
      "default-live-url" : "https://8fd6ac6ctrial-dev-salesorderapp-db-deployer.cfapps.us10-001.hana.ondemand.com",
      "default-uri" : "8fd6ac6ctrial-dev-salesorderapp-db-deployer.cfapps.us10-001.hana.ondemand.com",
      "memory" : "256M",
      "default-instances" : 1,
      "no-route" : true,
      "default-live-host" : "8fd6ac6ctrial-dev-salesorderapp-db-deployer",
      "instances" : 1,
      "buildpack" : "nodejs_buildpack",
      "default-host" : "8fd6ac6ctrial-dev-salesorderapp-db-deployer",
      "app-name" : "salesorderapp-db-deployer",
      "default-live-uri" : "8fd6ac6ctrial-dev-salesorderapp-db-deployer.cfapps.us10-001.hana.ondemand.com",
      "protocol" : "https",
      "default-live-app-name" : "salesorderapp-db-deployer",
      "default-live-domain" : "cfapps.us10-001.hana.ondemand.com",
      "dependency-type" : "hard",
      "domain" : "cfapps.us10-001.hana.ondemand.com",
      "host" : "8fd6ac6ctrial-dev-salesorderapp-db-deployer",
      "generated-user" : "********",
      "tasks" : [ {
        "command" : "npm start",
        "memory" : "256M",
        "name" : "deploy"
      } ],
      "no-start" : true
    },
    "requiredDependencies" : [ {
      "majorSchemaVersion" : 3,
      "name" : "salesorderapp-db",
      "properties" : { },
      "parameters" : { },
      "propertiesMetadata" : {
        "metadata" : { }
      },
      "parametersMetadata" : {
        "metadata" : { }
      }
    } ],
    "providedDependencies" : [ {
      "majorSchemaVersion" : 3,
      "name" : "salesorderapp-db-deployer",
      "isPublic" : false,
      "properties" : { },
      "parameters" : { },
      "propertiesMetadata" : {
        "metadata" : { }
      },
      "parametersMetadata" : {
        "metadata" : { }
      }
    } ],
    "propertiesMetadata" : {
      "metadata" : { }
    },
    "parametersMetadata" : {
      "metadata" : { }
    },
    "hooks" : [ ]
  } ],
  "resources" : [ {
    "majorSchemaVersion" : 3,
    "name" : "********",
    "type" : "org.cloudfoundry.managed-service",
    "properties" : { },
    "parameters" : {
      "generated-password" : "********",
      "path" : "./xs-security.json",
      "service-name" : "********",
      "service-plan" : "application",
      "service" : "xsuaa",
      "generated-user" : "********",
      "default-xsappname" : "********",
      "type" : "managed-service",
      "config" : {
        "oauth2-configuration" : "********",
        "tenant-mode" : "dedicated",
        "xsappname" : "salesorderapp-8fd6ac6ctrial-dev"
      },
      "default-service-name" : "********",
      "default-container-name" : "********"
    },
    "isActive" : true,
    "isOptional" : false,
    "propertiesMetadata" : {
      "metadata" : { }
    },
    "parametersMetadata" : {
      "metadata" : { }
    },
    "requiredDependencies" : [ ],
    "processedAfter" : [ ]
  }, {
    "majorSchemaVersion" : 3,
    "name" : "salesorderapp-db",
    "type" : "com.sap.xs.hdi-container",
    "properties" : { },
    "parameters" : {
      "generated-password" : "********",
      "service-name" : "salesorderapp-db",
      "service-plan" : "hdi-shared",
      "service" : "hana",
      "generated-user" : "********",
      "default-xsappname" : "salesorderapp-db",
      "type" : "managed-service",
      "default-service-name" : "salesorderapp-db",
      "default-container-name" : "8FD6AC6CTRIAL_DEV_SALESORDERAPP_DB"
    },
    "isActive" : true,
    "isOptional" : false,
    "propertiesMetadata" : {
      "metadata" : { }
    },
    "parametersMetadata" : {
      "metadata" : { }
    },
    "requiredDependencies" : [ ],
    "processedAfter" : [ ]
  } ],
  "parameters" : {
    "mta-id" : "salesorderapp",
    "authorization-url" : "********",
    "org-guid" : "26f8afbe-50d1-448f-81e9-c738b2504804",
    "org" : "8fd6ac6ctrial",
    "deploy-target" : "8fd6ac6ctrial dev",
    "enable-parallel-deployments" : true,
    "region-primary-domain" : "us10.hana.ondemand.com",
    "space" : "dev",
    "region-domain" : "us10-001.hana.ondemand.com",
    "xs-api-url" : "https://api.cf.us10-001.hana.ondemand.com",
    "deploy-url" : "deploy-service.cfapps.us10-001.hana.ondemand.com",
    "xs-type" : "CF",
    "default-domain" : "cfapps.us10-001.hana.ondemand.com",
    "mta-version" : "1.0.0",
    "xs-auth-url" : "********",
    "space-guid" : "a8460b67-b005-477e-a885-af01acf20eae",
    "user" : "********",
    "controller-url" : "https://api.cf.us10-001.hana.ondemand.com",
    "timestamp" : "20260722035605"
  },
  "parametersMetadata" : {
    "metadata" : { }
  }
}#
#2026 07 22 03:56:22.459#Z#DEBUG#435a90b7-8581-11f1-952a-eeee0a8c50ce.OPERATION#flowable-async-job-executor-thread-1724#
[ProcessDescriptorStep] Merged descriptor properties and parameters resolved#
#2026 07 22 03:56:22.459#Z#DEBUG#435a90b7-8581-11f1-952a-eeee0a8c50ce.OPERATION#flowable-async-job-executor-thread-1724#
Step "Re-Process Descriptor Step" finished#
#2026 07 22 03:56:22.500#Z#DEBUG#435a90b7-8581-11f1-952a-eeee0a8c50ce.OPERATION#flowable-async-job-executor-thread-1725#
[BuildApplicationDeployModelStep] Executing task "buildApplicationDeployModelTask" of process "4d8ce347-8581-11f1-87aa-eeee0a901e24"...#
#2026 07 22 03:56:22.504#Z#DEBUG#435a90b7-8581-11f1-952a-eeee0a8c50ce.OPERATION#flowable-async-job-executor-thread-1725#
[BuildApplicationDeployModelStep] Building cloud deployment model for application "salesorderapp-ui"...#
#2026 07 22 03:56:22.573#Z#DEBUG#435a90b7-8581-11f1-952a-eeee0a8c50ce.OPERATION#flowable-async-job-executor-thread-1725#
[BuildApplicationDeployModelStep] No health-check-type is specified. Setting default type: port#
#2026 07 22 03:56:22.574#Z#INFO#435a90b7-8581-11f1-952a-eeee0a8c50ce.OPERATION#flowable-async-job-executor-thread-1725#
[BuildApplicationDeployModelStep] Building configuration entries for org 8fd6ac6ctrial, space dev, spaceId a8460b67-b005-477e-a885-af01acf20eae and namespace null!#
#2026 07 22 03:56:22.575#Z#DEBUG#435a90b7-8581-11f1-952a-eeee0a8c50ce.OPERATION#flowable-async-job-executor-thread-1725#
[BuildApplicationDeployModelStep] Configuration entries to publish: [ ]#
#2026 07 22 03:56:22.575#Z#DEBUG#435a90b7-8581-11f1-952a-eeee0a8c50ce.OPERATION#flowable-async-job-executor-thread-1725#
[BuildApplicationDeployModelStep] Cloud deployment model for application built#
#2026 07 22 03:56:22.575#Z#DEBUG#435a90b7-8581-11f1-952a-eeee0a8c50ce.OPERATION#flowable-async-job-executor-thread-1725#
Step "Build Application Deploy Model" finished#
#2026 07 22 03:56:22.290#Z#DEBUG#435a90b7-8581-11f1-952a-eeee0a8c50ce.OPERATION#flowable-async-job-executor-thread-2933#
[CreateOrUpdateAppStep] Executing task "createAppTask" of process "4d6c62bd-8581-11f1-952a-eeee0a8c50ce"...#
#2026 07 22 03:56:22.292#Z#DEBUG#435a90b7-8581-11f1-952a-eeee0a8c50ce.OPERATION#flowable-async-job-executor-thread-2933#
[CreateOrUpdateAppStep] Getting application "salesorderapp-db-deployer"...#
#2026 07 22 03:56:22.322#Z#INFO#435a90b7-8581-11f1-952a-eeee0a8c50ce.OPERATION#flowable-async-job-executor-thread-2933#
[CreateOrUpdateAppStep] Updating application "salesorderapp-db-deployer"...#
#2026 07 22 03:56:22.327#Z#DEBUG#435a90b7-8581-11f1-952a-eeee0a8c50ce.OPERATION#flowable-async-job-executor-thread-2933#
[CreateOrUpdateAppStep] Getting process for application "17409ad2-339a-413e-b379-b8d048f39a95"...#
#2026 07 22 03:56:22.360#Z#DEBUG#435a90b7-8581-11f1-952a-eeee0a8c50ce.OPERATION#flowable-async-job-executor-thread-2933#
[CreateOrUpdateAppStep] Getting routes for application "17409ad2-339a-413e-b379-b8d048f39a95"...#
#2026 07 22 03:56:22.399#Z#DEBUG#435a90b7-8581-11f1-952a-eeee0a8c50ce.OPERATION#flowable-async-job-executor-thread-2933#
[CreateOrUpdateAppStep] Getting features for application "17409ad2-339a-413e-b379-b8d048f39a95"#
#2026 07 22 03:56:22.422#Z#DEBUG#435a90b7-8581-11f1-952a-eeee0a8c50ce.OPERATION#flowable-async-job-executor-thread-2933#
[CreateOrUpdateAppStep] Updating staging of application "salesorderapp-db-deployer" to: {
  "buildpacks" : [ "nodejs_buildpack" ],
  "healthCheckType" : "port",
  "appFeatures" : { }
}#
#2026 07 22 03:56:22.600#Z#DEBUG#435a90b7-8581-11f1-952a-eeee0a8c50ce.OPERATION#flowable-async-job-executor-thread-2933#
[CreateOrUpdateAppStep] Application "salesorderapp-db-deployer" updated#
#2026 07 22 03:56:22.600#Z#DEBUG#435a90b7-8581-11f1-952a-eeee0a8c50ce.OPERATION#flowable-async-job-executor-thread-2933#
[CreateOrUpdateAppStep] Getting environment of application "17409ad2-339a-413e-b379-b8d048f39a95"...#
#2026 07 22 03:56:22.665#Z#DEBUG#435a90b7-8581-11f1-952a-eeee0a8c50ce.OPERATION#flowable-async-job-executor-thread-2933#
[CreateOrUpdateAppStep] Application "salesorderapp-db-deployer" updated#
#2026 07 22 03:56:22.665#Z#DEBUG#435a90b7-8581-11f1-952a-eeee0a8c50ce.OPERATION#flowable-async-job-executor-thread-2933#
Step "Create App" finished#
#2026 07 22 03:56:22.294#Z#DEBUG#435a90b7-8581-11f1-952a-eeee0a8c50ce.OPERATION#flowable-async-job-executor-thread-2934#
[DetermineApplicationServiceBindingActionsStep] Executing task "determineApplicationServiceBindingActionsTask" of process "4d6b50b5-8581-11f1-952a-eeee0a8c50ce"...#
#2026 07 22 03:56:22.296#Z#DEBUG#435a90b7-8581-11f1-952a-eeee0a8c50ce.OPERATION#flowable-async-job-executor-thread-2934#
[DetermineApplicationServiceBindingActionsStep] Determine bind/unbind operations of application "salesorderapp-srv" to service instance "salesorderapp-db"#
#2026 07 22 03:56:22.296#Z#DEBUG#435a90b7-8581-11f1-952a-eeee0a8c50ce.OPERATION#flowable-async-job-executor-thread-2934#
[DetermineApplicationServiceBindingActionsStep] Getting application "salesorderapp-srv"...#
#2026 07 22 03:56:22.322#Z#DEBUG#435a90b7-8581-11f1-952a-eeee0a8c50ce.OPERATION#flowable-async-job-executor-thread-2934#
[DetermineApplicationServiceBindingActionsStep] Binding parameters for application "salesorderapp-srv": { }#
#2026 07 22 03:56:22.361#Z#DEBUG#435a90b7-8581-11f1-952a-eeee0a8c50ce.OPERATION#flowable-async-job-executor-thread-2934#
[DetermineApplicationServiceBindingActionsStep] Check should rebind application "salesorderapp-srv" and service instance "salesorderapp-db"#
#2026 07 22 03:56:22.361#Z#DEBUG#435a90b7-8581-11f1-952a-eeee0a8c50ce.OPERATION#flowable-async-job-executor-thread-2934#
[DetermineApplicationServiceBindingActionsStep] Getting GUID of required service instance "salesorderapp-db"...#
#2026 07 22 03:56:22.398#Z#DEBUG#435a90b7-8581-11f1-952a-eeee0a8c50ce.OPERATION#flowable-async-job-executor-thread-2934#
[DetermineApplicationServiceBindingActionsStep] Getting binding of service instance "f39742e5-7e27-4e83-94cf-0059342f8001" with application "c31c55a3-17d0-489b-89ee-f38467ab5577"...#
#2026 07 22 03:56:22.464#Z#DEBUG#435a90b7-8581-11f1-952a-eeee0a8c50ce.OPERATION#flowable-async-job-executor-thread-2934#
[DetermineApplicationServiceBindingActionsStep] Getting parameters of service binding "a53fe62f-40c0-429a-b8de-035efef75f6d"...#
#2026 07 22 03:56:22.725#Z#INFO#435a90b7-8581-11f1-952a-eeee0a8c50ce.OPERATION#flowable-async-job-executor-thread-2934#
[DetermineApplicationServiceBindingActionsStep] Service instance "salesorderapp-db" will not be rebound to application "salesorderapp-srv" because the binding parameters are not modified#
#2026 07 22 03:56:22.729#Z#DEBUG#435a90b7-8581-11f1-952a-eeee0a8c50ce.OPERATION#flowable-async-job-executor-thread-2934#
[DetermineApplicationServiceBindingActionsStep] Calculated binding operations between application "salesorderapp-srv" and service instance "salesorderapp-db": unbind - false bind - false#
#2026 07 22 03:56:22.729#Z#DEBUG#435a90b7-8581-11f1-952a-eeee0a8c50ce.OPERATION#flowable-async-job-executor-thread-2934#
Step "Determine Application Service Binding Actions" finished#
#2026 07 22 03:56:22.750#Z#DEBUG#435a90b7-8581-11f1-952a-eeee0a8c50ce.OPERATION#flowable-async-job-executor-thread-2933#
[CheckServiceBindingOperationStep] Executing task "checkForServiceBindingOperationInProgress" of process "4dc334aa-8581-11f1-952a-eeee0a8c50ce"...#
#2026 07 22 03:56:22.751#Z#DEBUG#435a90b7-8581-11f1-952a-eeee0a8c50ce.OPERATION#flowable-async-job-executor-thread-2933#
[CheckServiceBindingOperationStep] Checking for service binding operation in progress between app "salesorderapp-db-deployer" and service instance "salesorderapp-db"#
#2026 07 22 03:56:22.751#Z#DEBUG#435a90b7-8581-11f1-952a-eeee0a8c50ce.OPERATION#flowable-async-job-executor-thread-2933#
[CheckServiceBindingOperationStep] Getting application guid "salesorderapp-db-deployer"...#
#2026 07 22 03:56:22.783#Z#DEBUG#435a90b7-8581-11f1-952a-eeee0a8c50ce.OPERATION#flowable-async-job-executor-thread-2933#
[CheckServiceBindingOperationStep] Getting GUID of required service instance "salesorderapp-db"...#
#2026 07 22 03:56:22.814#Z#DEBUG#435a90b7-8581-11f1-952a-eeee0a8c50ce.OPERATION#flowable-async-job-executor-thread-2933#
[CheckServiceBindingOperationStep] Getting binding of service instance "f39742e5-7e27-4e83-94cf-0059342f8001" with application "17409ad2-339a-413e-b379-b8d048f39a95"...#
#2026 07 22 03:56:22.846#Z#DEBUG#435a90b7-8581-11f1-952a-eeee0a8c50ce.OPERATION#flowable-async-job-executor-thread-2933#
[CheckServiceBindingOperationStep] Service binding operation "af5532eb-9cb5-45fe-a525-0abc3c84f38b" with type "create" is in state "succeeded"#
#2026 07 22 03:56:22.846#Z#DEBUG#435a90b7-8581-11f1-952a-eeee0a8c50ce.OPERATION#flowable-async-job-executor-thread-2933#
Step "Check For Service Binding Operation In Progress" finished#
#2026 07 22 03:56:22.623#Z#DEBUG#435a90b7-8581-11f1-952a-eeee0a8c50ce.OPERATION#flowable-async-job-executor-thread-1726#
[CreateOrUpdateAppStep] Executing task "createAppTask" of process "4d8ce347-8581-11f1-87aa-eeee0a901e24"...#
#2026 07 22 03:56:22.626#Z#DEBUG#435a90b7-8581-11f1-952a-eeee0a8c50ce.OPERATION#flowable-async-job-executor-thread-1726#
[CreateOrUpdateAppStep] Getting application "salesorderapp-ui"...#
#2026 07 22 03:56:22.674#Z#INFO#435a90b7-8581-11f1-952a-eeee0a8c50ce.OPERATION#flowable-async-job-executor-thread-1726#
[CreateOrUpdateAppStep] Updating application "salesorderapp-ui"...#
#2026 07 22 03:56:22.682#Z#DEBUG#435a90b7-8581-11f1-952a-eeee0a8c50ce.OPERATION#flowable-async-job-executor-thread-1726#
[CreateOrUpdateAppStep] Getting process for application "af43ed23-8273-4aa0-a6ba-24f0f480a965"...#
#2026 07 22 03:56:22.718#Z#DEBUG#435a90b7-8581-11f1-952a-eeee0a8c50ce.OPERATION#flowable-async-job-executor-thread-1726#
[CreateOrUpdateAppStep] Getting routes for application "af43ed23-8273-4aa0-a6ba-24f0f480a965"...#
#2026 07 22 03:56:22.751#Z#DEBUG#435a90b7-8581-11f1-952a-eeee0a8c50ce.OPERATION#flowable-async-job-executor-thread-1726#
[CreateOrUpdateAppStep] Getting features for application "af43ed23-8273-4aa0-a6ba-24f0f480a965"#
#2026 07 22 03:56:22.774#Z#DEBUG#435a90b7-8581-11f1-952a-eeee0a8c50ce.OPERATION#flowable-async-job-executor-thread-1726#
[CreateOrUpdateAppStep] Updating staging of application "salesorderapp-ui" to: {
  "buildpacks" : [ "nodejs_buildpack" ],
  "healthCheckType" : "port",
  "appFeatures" : { }
}#
#2026 07 22 03:56:22.955#Z#DEBUG#435a90b7-8581-11f1-952a-eeee0a8c50ce.OPERATION#flowable-async-job-executor-thread-1726#
[CreateOrUpdateAppStep] Application "salesorderapp-ui" updated#
#2026 07 22 03:56:22.955#Z#DEBUG#435a90b7-8581-11f1-952a-eeee0a8c50ce.OPERATION#flowable-async-job-executor-thread-1726#
[CreateOrUpdateAppStep] Getting environment of application "af43ed23-8273-4aa0-a6ba-24f0f480a965"...#
#2026 07 22 03:56:23.020#Z#DEBUG#435a90b7-8581-11f1-952a-eeee0a8c50ce.OPERATION#flowable-async-job-executor-thread-1726#
[CreateOrUpdateAppStep] Application "salesorderapp-ui" updated#
#2026 07 22 03:56:23.020#Z#DEBUG#435a90b7-8581-11f1-952a-eeee0a8c50ce.OPERATION#flowable-async-job-executor-thread-1726#
Step "Create App" finished#
#2026 07 22 03:56:22.874#Z#DEBUG#435a90b7-8581-11f1-952a-eeee0a8c50ce.OPERATION#flowable-async-job-executor-thread-2933#
[DetermineApplicationServiceBindingActionsStep] Executing task "determineApplicationServiceBindingActionsTask" of process "4dc334aa-8581-11f1-952a-eeee0a8c50ce"...#
#2026 07 22 03:56:22.875#Z#DEBUG#435a90b7-8581-11f1-952a-eeee0a8c50ce.OPERATION#flowable-async-job-executor-thread-2933#
[DetermineApplicationServiceBindingActionsStep] Determine bind/unbind operations of application "salesorderapp-db-deployer" to service instance "salesorderapp-db"#
#2026 07 22 03:56:22.875#Z#DEBUG#435a90b7-8581-11f1-952a-eeee0a8c50ce.OPERATION#flowable-async-job-executor-thread-2933#
[DetermineApplicationServiceBindingActionsStep] Getting application "salesorderapp-db-deployer"...#
#2026 07 22 03:56:22.911#Z#DEBUG#435a90b7-8581-11f1-952a-eeee0a8c50ce.OPERATION#flowable-async-job-executor-thread-2933#
[DetermineApplicationServiceBindingActionsStep] Binding parameters for application "salesorderapp-db-deployer": { }#
#2026 07 22 03:56:22.945#Z#DEBUG#435a90b7-8581-11f1-952a-eeee0a8c50ce.OPERATION#flowable-async-job-executor-thread-2933#
[DetermineApplicationServiceBindingActionsStep] Check should rebind application "salesorderapp-db-deployer" and service instance "salesorderapp-db"#
#2026 07 22 03:56:22.945#Z#DEBUG#435a90b7-8581-11f1-952a-eeee0a8c50ce.OPERATION#flowable-async-job-executor-thread-2933#
[DetermineApplicationServiceBindingActionsStep] Getting GUID of required service instance "salesorderapp-db"...#
#2026 07 22 03:56:22.977#Z#DEBUG#435a90b7-8581-11f1-952a-eeee0a8c50ce.OPERATION#flowable-async-job-executor-thread-2933#
[DetermineApplicationServiceBindingActionsStep] Getting binding of service instance "f39742e5-7e27-4e83-94cf-0059342f8001" with application "17409ad2-339a-413e-b379-b8d048f39a95"...#
#2026 07 22 03:56:23.003#Z#DEBUG#435a90b7-8581-11f1-952a-eeee0a8c50ce.OPERATION#flowable-async-job-executor-thread-2933#
[DetermineApplicationServiceBindingActionsStep] Getting parameters of service binding "af5532eb-9cb5-45fe-a525-0abc3c84f38b"...#
#2026 07 22 03:56:23.233#Z#INFO#435a90b7-8581-11f1-952a-eeee0a8c50ce.OPERATION#flowable-async-job-executor-thread-2933#
[DetermineApplicationServiceBindingActionsStep] Service instance "salesorderapp-db" will not be rebound to application "salesorderapp-db-deployer" because the binding parameters are not modified#
#2026 07 22 03:56:23.238#Z#DEBUG#435a90b7-8581-11f1-952a-eeee0a8c50ce.OPERATION#flowable-async-job-executor-thread-2933#
[DetermineApplicationServiceBindingActionsStep] Calculated binding operations between application "salesorderapp-db-deployer" and service instance "salesorderapp-db": unbind - false bind - false#
#2026 07 22 03:56:23.238#Z#DEBUG#435a90b7-8581-11f1-952a-eeee0a8c50ce.OPERATION#flowable-async-job-executor-thread-2933#
Step "Determine Application Service Binding Actions" finished#
#2026 07 22 03:56:23.145#Z#DEBUG#435a90b7-8581-11f1-952a-eeee0a8c50ce.OPERATION#flowable-async-job-executor-thread-1728#
[CheckServiceBindingOperationStep] Executing task "checkForServiceBindingOperationInProgress" of process "4dfd098a-8581-11f1-87aa-eeee0a901e24"...#
#2026 07 22 03:56:23.146#Z#DEBUG#435a90b7-8581-11f1-952a-eeee0a8c50ce.OPERATION#flowable-async-job-executor-thread-1728#
[CheckServiceBindingOperationStep] Checking for service binding operation in progress between app "salesorderapp-ui" and service instance "salesorderapp-auth"#
#2026 07 22 03:56:23.147#Z#DEBUG#435a90b7-8581-11f1-952a-eeee0a8c50ce.OPERATION#flowable-async-job-executor-thread-1728#
[CheckServiceBindingOperationStep] Getting application guid "salesorderapp-ui"...#
#2026 07 22 03:56:23.180#Z#DEBUG#435a90b7-8581-11f1-952a-eeee0a8c50ce.OPERATION#flowable-async-job-executor-thread-1728#
[CheckServiceBindingOperationStep] Getting GUID of required service instance "salesorderapp-auth"...#
#2026 07 22 03:56:23.210#Z#DEBUG#435a90b7-8581-11f1-952a-eeee0a8c50ce.OPERATION#flowable-async-job-executor-thread-1728#
[CheckServiceBindingOperationStep] Getting binding of service instance "d24a7cd2-09da-4b15-8ddd-0e1c366949d8" with application "af43ed23-8273-4aa0-a6ba-24f0f480a965"...#
#2026 07 22 03:56:23.245#Z#DEBUG#435a90b7-8581-11f1-952a-eeee0a8c50ce.OPERATION#flowable-async-job-executor-thread-1728#
[CheckServiceBindingOperationStep] Service binding operation "edc6152f-3c2f-4f2e-b749-f998c8595a5a" with type "create" is in state "succeeded"#
#2026 07 22 03:56:23.245#Z#DEBUG#435a90b7-8581-11f1-952a-eeee0a8c50ce.OPERATION#flowable-async-job-executor-thread-1728#
Step "Check For Service Binding Operation In Progress" finished#
#2026 07 22 03:56:23.334#Z#DEBUG#435a90b7-8581-11f1-952a-eeee0a8c50ce.OPERATION#flowable-async-job-executor-thread-2933#
[DetermineVcapServicesPropertiesChangedStep] Executing task "determineVcapServicesPropertiesChangedTask" of process "4e1c514f-8581-11f1-952a-eeee0a8c50ce"...#
#2026 07 22 03:56:23.336#Z#DEBUG#435a90b7-8581-11f1-952a-eeee0a8c50ce.OPERATION#flowable-async-job-executor-thread-2933#
[DetermineVcapServicesPropertiesChangedStep] VCAP_SERVICES properties for application "salesorderapp-db-deployer" changed: false#
#2026 07 22 03:56:23.336#Z#DEBUG#435a90b7-8581-11f1-952a-eeee0a8c50ce.OPERATION#flowable-async-job-executor-thread-2933#
Step "Determine vcap services properties changed" finished#
#2026 07 22 03:56:23.285#Z#DEBUG#435a90b7-8581-11f1-952a-eeee0a8c50ce.OPERATION#flowable-async-job-executor-thread-1728#
[DetermineApplicationServiceBindingActionsStep] Executing task "determineApplicationServiceBindingActionsTask" of process "4dfd098a-8581-11f1-87aa-eeee0a901e24"...#
#2026 07 22 03:56:23.288#Z#DEBUG#435a90b7-8581-11f1-952a-eeee0a8c50ce.OPERATION#flowable-async-job-executor-thread-1728#
[DetermineApplicationServiceBindingActionsStep] Determine bind/unbind operations of application "salesorderapp-ui" to service instance "salesorderapp-auth"#
#2026 07 22 03:56:23.288#Z#DEBUG#435a90b7-8581-11f1-952a-eeee0a8c50ce.OPERATION#flowable-async-job-executor-thread-1728#
[DetermineApplicationServiceBindingActionsStep] Getting application "salesorderapp-ui"...#
#2026 07 22 03:56:23.318#Z#DEBUG#435a90b7-8581-11f1-952a-eeee0a8c50ce.OPERATION#flowable-async-job-executor-thread-1728#
[DetermineApplicationServiceBindingActionsStep] Binding parameters for application "salesorderapp-ui": { }#
#2026 07 22 03:56:23.351#Z#DEBUG#435a90b7-8581-11f1-952a-eeee0a8c50ce.OPERATION#flowable-async-job-executor-thread-1728#
[DetermineApplicationServiceBindingActionsStep] Check should rebind application "salesorderapp-ui" and service instance "salesorderapp-auth"#
#2026 07 22 03:56:23.351#Z#DEBUG#435a90b7-8581-11f1-952a-eeee0a8c50ce.OPERATION#flowable-async-job-executor-thread-1728#
[DetermineApplicationServiceBindingActionsStep] Getting GUID of required service instance "salesorderapp-auth"...#
#2026 07 22 03:56:23.385#Z#DEBUG#435a90b7-8581-11f1-952a-eeee0a8c50ce.OPERATION#flowable-async-job-executor-thread-1728#
[DetermineApplicationServiceBindingActionsStep] Getting binding of service instance "d24a7cd2-09da-4b15-8ddd-0e1c366949d8" with application "af43ed23-8273-4aa0-a6ba-24f0f480a965"...#
#2026 07 22 03:56:23.420#Z#DEBUG#435a90b7-8581-11f1-952a-eeee0a8c50ce.OPERATION#flowable-async-job-executor-thread-1728#
[DetermineApplicationServiceBindingActionsStep] Getting parameters of service binding "edc6152f-3c2f-4f2e-b749-f998c8595a5a"...#
#2026 07 22 03:56:23.453#Z#WARN#435a90b7-8581-11f1-952a-eeee0a8c50ce.OPERATION#flowable-async-job-executor-thread-1728#
[DetermineApplicationServiceBindingActionsStep] Cannot retrieve parameters of binding between application "salesorderapp-ui" and service instance "salesorderapp-auth"#
#2026 07 22 03:56:23.455#Z#DEBUG#435a90b7-8581-11f1-952a-eeee0a8c50ce.OPERATION#flowable-async-job-executor-thread-1728#
[DetermineApplicationServiceBindingActionsStep] Calculated binding operations between application "salesorderapp-ui" and service instance "salesorderapp-auth": unbind - true bind - true#
#2026 07 22 03:56:23.455#Z#DEBUG#435a90b7-8581-11f1-952a-eeee0a8c50ce.OPERATION#flowable-async-job-executor-thread-1728#
Step "Determine Application Service Binding Actions" finished#
#2026 07 22 03:56:23.364#Z#DEBUG#435a90b7-8581-11f1-952a-eeee0a8c50ce.OPERATION#flowable-async-job-executor-thread-2933#
[UploadAppStep] Executing task "uploadAppTask" of process "4e1c514f-8581-11f1-952a-eeee0a8c50ce"...#
#2026 07 22 03:56:23.365#Z#DEBUG#435a90b7-8581-11f1-952a-eeee0a8c50ce.OPERATION#flowable-async-job-executor-thread-2933#
[UploadAppStep] Application upload timeout is default one: 3,600 seconds#
#2026 07 22 03:56:23.365#Z#INFO#435a90b7-8581-11f1-952a-eeee0a8c50ce.OPERATION#flowable-async-job-executor-thread-2933#
[UploadAppStep] Uploading application "salesorderapp-db-deployer"...#
#2026 07 22 03:56:23.371#Z#DEBUG#435a90b7-8581-11f1-952a-eeee0a8c50ce.OPERATION#flowable-async-job-executor-thread-2933#
[UploadAppStep] Getting application "salesorderapp-db-deployer"...#
#2026 07 22 03:56:23.396#Z#DEBUG#435a90b7-8581-11f1-952a-eeee0a8c50ce.OPERATION#flowable-async-job-executor-thread-2933#
[UploadAppStep] Getting environment of application "17409ad2-339a-413e-b379-b8d048f39a95"...#
#2026 07 22 03:56:23.424#Z#INFO#435a90b7-8581-11f1-952a-eeee0a8c50ce.OPERATION#flowable-async-job-executor-thread-2933#
[UploadAppStep] Calculating application digest: "salesorderapp-db-deployer"#
#2026 07 22 03:56:23.587#Z#DEBUG#435a90b7-8581-11f1-952a-eeee0a8c50ce.OPERATION#flowable-async-job-executor-thread-2933#
Step "Upload App" finished#
#2026 07 22 03:56:23.502#Z#DEBUG#435a90b7-8581-11f1-952a-eeee0a8c50ce.OPERATION#flowable-async-job-executor-thread-1728#
[UnbindServiceFromApplicationStep] Executing task "unbindServiceFromApplicationTask" of process "4dfd098a-8581-11f1-87aa-eeee0a901e24"...#
#2026 07 22 03:56:23.506#Z#INFO#435a90b7-8581-11f1-952a-eeee0a8c50ce.OPERATION#flowable-async-job-executor-thread-1728#
[UnbindServiceFromApplicationStep] Unbinding service instance "salesorderapp-auth" from application "salesorderapp-ui"...#
#2026 07 22 03:56:23.511#Z#DEBUG#435a90b7-8581-11f1-952a-eeee0a8c50ce.OPERATION#flowable-async-job-executor-thread-1728#
[UnbindServiceFromApplicationStep] Unbinding application "salesorderapp-ui" from service instance "salesorderapp-auth"...#
#2026 07 22 03:56:23.657#Z#DEBUG#435a90b7-8581-11f1-952a-eeee0a8c50ce.OPERATION#flowable-async-job-executor-thread-1728#
Step "Unbind Service from Application" finished#
#2026 07 22 03:56:29.664#Z#DEBUG#435a90b7-8581-11f1-952a-eeee0a8c50ce.OPERATION#flowable-async-job-executor-thread-2948#
[UnbindServiceFromApplicationStep] Executing task "unbindServiceFromApplicationTask" of process "4dfd098a-8581-11f1-87aa-eeee0a901e24"...#
#2026 07 22 03:56:29.668#Z#DEBUG#435a90b7-8581-11f1-952a-eeee0a8c50ce.OPERATION#flowable-async-job-executor-thread-2948#
[UnbindServiceFromApplicationStep] Getting async job "522f500c-d2bc-4fd0-b41c-2df3c950e7c3"#
#2026 07 22 03:56:29.695#Z#DEBUG#435a90b7-8581-11f1-952a-eeee0a8c50ce.OPERATION#flowable-async-job-executor-thread-2948#
[UnbindServiceFromApplicationStep] Getting service instance "salesorderapp-auth"...#
#2026 07 22 03:56:29.816#Z#DEBUG#435a90b7-8581-11f1-952a-eeee0a8c50ce.OPERATION#flowable-async-job-executor-thread-2942#
[UnbindServiceFromApplicationStep] Executing task "unbindServiceFromApplicationTask" of process "4c8a6748-8581-11f1-952a-eeee0a8c50ce"...#
#2026 07 22 03:56:29.817#Z#DEBUG#435a90b7-8581-11f1-952a-eeee0a8c50ce.OPERATION#flowable-async-job-executor-thread-2948#
[UnbindServiceFromApplicationStep] Async service binding operation with id "522f500c-d2bc-4fd0-b41c-2df3c950e7c3" finished#
#2026 07 22 03:56:29.818#Z#DEBUG#435a90b7-8581-11f1-952a-eeee0a8c50ce.OPERATION#flowable-async-job-executor-thread-2942#
[UnbindServiceFromApplicationStep] Getting async job "0bee84fd-d5e8-4d64-a625-6d4f0b11c53d"#
#2026 07 22 03:56:29.820#Z#DEBUG#435a90b7-8581-11f1-952a-eeee0a8c50ce.OPERATION#flowable-async-job-executor-thread-2948#
Step "Unbind Service from Application" finished#
#2026 07 22 03:56:29.845#Z#DEBUG#435a90b7-8581-11f1-952a-eeee0a8c50ce.OPERATION#flowable-async-job-executor-thread-2942#
[UnbindServiceFromApplicationStep] Getting service instance "salesorderapp-auth"...#
#2026 07 22 03:56:29.980#Z#DEBUG#435a90b7-8581-11f1-952a-eeee0a8c50ce.OPERATION#flowable-async-job-executor-thread-2942#
[UnbindServiceFromApplicationStep] Async service binding operation with id "0bee84fd-d5e8-4d64-a625-6d4f0b11c53d" finished#
#2026 07 22 03:56:29.983#Z#DEBUG#435a90b7-8581-11f1-952a-eeee0a8c50ce.OPERATION#flowable-async-job-executor-thread-2942#
Step "Unbind Service from Application" finished#
#2026 07 22 03:56:29.882#Z#DEBUG#435a90b7-8581-11f1-952a-eeee0a8c50ce.OPERATION#flowable-async-job-executor-thread-2943#
[BindServiceToApplicationStep] Executing task "bindServiceToApplicationTask" of process "4dfd098a-8581-11f1-87aa-eeee0a901e24"...#
#2026 07 22 03:56:29.884#Z#INFO#435a90b7-8581-11f1-952a-eeee0a8c50ce.OPERATION#flowable-async-job-executor-thread-2943#
[BindServiceToApplicationStep] Binding service instance "salesorderapp-auth" to application "salesorderapp-ui"...#
#2026 07 22 03:56:29.890#Z#DEBUG#435a90b7-8581-11f1-952a-eeee0a8c50ce.OPERATION#flowable-async-job-executor-thread-2943#
[BindServiceToApplicationStep] Binding service instance "salesorderapp-auth" to application "salesorderapp-ui" with parameters: { }#
#2026 07 22 03:56:30.015#Z#DEBUG#435a90b7-8581-11f1-952a-eeee0a8c50ce.OPERATION#flowable-async-job-executor-thread-2943#
Step "Bind Service to Application" finished#
#2026 07 22 03:56:29.644#Z#DEBUG#435a90b7-8581-11f1-952a-eeee0a8c50ce.OPERATION#flowable-async-job-executor-thread-2944#
[UploadAppStep] Executing task "uploadAppTask" of process "4e1c514f-8581-11f1-952a-eeee0a8c50ce"...#
#2026 07 22 03:56:29.645#Z#DEBUG#435a90b7-8581-11f1-952a-eeee0a8c50ce.OPERATION#flowable-async-job-executor-thread-2944#
[UploadAppStep] Application upload timeout is default one: 3,600 seconds#
#2026 07 22 03:56:29.647#Z#DEBUG#435a90b7-8581-11f1-952a-eeee0a8c50ce.OPERATION#pool-21-thread-4#
[UploadAppStep] Upload of application: salesorderapp-db-deployer started on instance: 0#
#2026 07 22 03:56:29.647#Z#DEBUG#435a90b7-8581-11f1-952a-eeee0a8c50ce.OPERATION#pool-21-thread-4#
[UploadAppStep] Uploading file "salesorderapp-db-deployer/data.zip" for application "salesorderapp-db-deployer"#
#2026 07 22 03:56:29.768#Z#INFO#435a90b7-8581-11f1-952a-eeee0a8c50ce.OPERATION#pool-21-thread-4#
[UploadAppStep] Time elapsed for app binary download: 120 in millis#
#2026 07 22 03:56:29.768#Z#INFO#435a90b7-8581-11f1-952a-eeee0a8c50ce.OPERATION#pool-21-thread-4#
[UploadAppStep] Size of app salesorderapp-db-deployer is 2,454,654 bytes#
#2026 07 22 03:56:29.768#Z#DEBUG#435a90b7-8581-11f1-952a-eeee0a8c50ce.OPERATION#pool-21-thread-4#
[UploadAppStep] Asynchronously uploading binaries for application "salesorderapp-db-deployer"...#
#2026 07 22 03:56:29.965#Z#INFO#435a90b7-8581-11f1-952a-eeee0a8c50ce.OPERATION#pool-21-thread-4#
[UploadAppStep] Started async upload of application "salesorderapp-db-deployer"#
#2026 07 22 03:56:29.970#Z#INFO#435a90b7-8581-11f1-952a-eeee0a8c50ce.OPERATION#flowable-async-job-executor-thread-2944#
[UploadAppStep] Time elapsed for upload: 325 in millis#
#2026 07 22 03:56:29.970#Z#DEBUG#435a90b7-8581-11f1-952a-eeee0a8c50ce.OPERATION#flowable-async-job-executor-thread-2944#
[UploadAppStep] Getting application "salesorderapp-db-deployer"...#
#2026 07 22 03:56:29.994#Z#DEBUG#435a90b7-8581-11f1-952a-eeee0a8c50ce.OPERATION#flowable-async-job-executor-thread-2944#
[UploadAppStep] Getting environment of application "17409ad2-339a-413e-b379-b8d048f39a95"...#
#2026 07 22 03:56:29.995#Z#DEBUG#435a90b7-8581-11f1-952a-eeee0a8c50ce.OPERATION#App upload monitor: 654702a6-45c4-4310-883b-6735589ba885#
[UploadAppStep] Upload status: PROCESSING_UPLOAD#
#2026 07 22 03:56:30.033#Z#DEBUG#435a90b7-8581-11f1-952a-eeee0a8c50ce.OPERATION#flowable-async-job-executor-thread-2944#
[UploadAppStep] Updating environment of application "salesorderapp-db-deployer"#
#2026 07 22 03:56:30.109#Z#DEBUG#435a90b7-8581-11f1-952a-eeee0a8c50ce.OPERATION#flowable-async-job-executor-thread-2944#
Step "Upload App" finished#
#2026 07 22 03:56:30.017#Z#DEBUG#435a90b7-8581-11f1-952a-eeee0a8c50ce.OPERATION#flowable-async-job-executor-thread-2942#
[BindServiceToApplicationStep] Executing task "bindServiceToApplicationTask" of process "4c8a6748-8581-11f1-952a-eeee0a8c50ce"...#
#2026 07 22 03:56:30.019#Z#INFO#435a90b7-8581-11f1-952a-eeee0a8c50ce.OPERATION#flowable-async-job-executor-thread-2942#
[BindServiceToApplicationStep] Binding service instance "salesorderapp-auth" to application "salesorderapp-srv"...#
#2026 07 22 03:56:30.024#Z#DEBUG#435a90b7-8581-11f1-952a-eeee0a8c50ce.OPERATION#flowable-async-job-executor-thread-2942#
[BindServiceToApplicationStep] Binding service instance "salesorderapp-auth" to application "salesorderapp-srv" with parameters: { }#
#2026 07 22 03:56:30.155#Z#DEBUG#435a90b7-8581-11f1-952a-eeee0a8c50ce.OPERATION#flowable-async-job-executor-thread-2942#
Step "Bind Service to Application" finished#
#2026 07 22 03:56:35.022#Z#DEBUG#435a90b7-8581-11f1-952a-eeee0a8c50ce.OPERATION#App upload monitor: 654702a6-45c4-4310-883b-6735589ba885#
[UploadAppStep] Upload status: READY#
#2026 07 22 03:56:39.782#Z#DEBUG#435a90b7-8581-11f1-952a-eeee0a8c50ce.OPERATION#flowable-async-job-executor-thread-2950#
[UploadAppStep] Executing task "uploadAppTask" of process "4e1c514f-8581-11f1-952a-eeee0a8c50ce"...#
#2026 07 22 03:56:39.783#Z#DEBUG#435a90b7-8581-11f1-952a-eeee0a8c50ce.OPERATION#flowable-async-job-executor-thread-2950#
[UploadAppStep] Application upload timeout is default one: 3,600 seconds#
#2026 07 22 03:56:39.783#Z#DEBUG#435a90b7-8581-11f1-952a-eeee0a8c50ce.OPERATION#flowable-async-job-executor-thread-2950#
[UploadAppStep] Checking upload status of application "salesorderapp-db-deployer"...#
#2026 07 22 03:56:39.785#Z#DEBUG#435a90b7-8581-11f1-952a-eeee0a8c50ce.OPERATION#flowable-async-job-executor-thread-2950#
[UploadAppStep] Getting package "654702a6-45c4-4310-883b-6735589ba885"...#
#2026 07 22 03:56:39.816#Z#DEBUG#435a90b7-8581-11f1-952a-eeee0a8c50ce.OPERATION#flowable-async-job-executor-thread-2950#
[UploadAppStep] Application "salesorderapp-db-deployer" uploaded#
#2026 07 22 03:56:39.817#Z#DEBUG#435a90b7-8581-11f1-952a-eeee0a8c50ce.OPERATION#flowable-async-job-executor-thread-2950#
Step "Upload App" finished#
#2026 07 22 03:56:39.875#Z#DEBUG#435a90b7-8581-11f1-952a-eeee0a8c50ce.OPERATION#flowable-async-job-executor-thread-2955#
[ScaleAppStep] Executing task "scaleAppTask" of process "4e1c514f-8581-11f1-952a-eeee0a8c50ce"...#
#2026 07 22 03:56:39.877#Z#DEBUG#435a90b7-8581-11f1-952a-eeee0a8c50ce.OPERATION#flowable-async-job-executor-thread-2955#
[ScaleAppStep] Scaling application "salesorderapp-db-deployer"...#
#2026 07 22 03:56:39.877#Z#DEBUG#435a90b7-8581-11f1-952a-eeee0a8c50ce.OPERATION#flowable-async-job-executor-thread-2955#
[ScaleAppStep] Getting application guid "salesorderapp-db-deployer"...#
#2026 07 22 03:56:39.901#Z#DEBUG#435a90b7-8581-11f1-952a-eeee0a8c50ce.OPERATION#flowable-async-job-executor-thread-2955#
[ScaleAppStep] Getting process for application "17409ad2-339a-413e-b379-b8d048f39a95"...#
#2026 07 22 03:56:39.931#Z#DEBUG#435a90b7-8581-11f1-952a-eeee0a8c50ce.OPERATION#flowable-async-job-executor-thread-2955#
[ScaleAppStep] Application "salesorderapp-db-deployer" scaled#
#2026 07 22 03:56:39.931#Z#DEBUG#435a90b7-8581-11f1-952a-eeee0a8c50ce.OPERATION#flowable-async-job-executor-thread-2955#
Step "Scale App" finished#
#2026 07 22 03:56:39.790#Z#DEBUG#435a90b7-8581-11f1-952a-eeee0a8c50ce.OPERATION#flowable-async-job-executor-thread-2949#
[BindServiceToApplicationStep] Executing task "bindServiceToApplicationTask" of process "4c8a6748-8581-11f1-952a-eeee0a8c50ce"...#
#2026 07 22 03:56:39.792#Z#DEBUG#435a90b7-8581-11f1-952a-eeee0a8c50ce.OPERATION#flowable-async-job-executor-thread-2949#
[BindServiceToApplicationStep] Getting async job "07e8da1a-87ee-4cf9-9295-a108b803f716"#
#2026 07 22 03:56:39.822#Z#DEBUG#435a90b7-8581-11f1-952a-eeee0a8c50ce.OPERATION#flowable-async-job-executor-thread-2949#
[BindServiceToApplicationStep] Getting service instance "salesorderapp-auth"...#
#2026 07 22 03:56:39.949#Z#DEBUG#435a90b7-8581-11f1-952a-eeee0a8c50ce.OPERATION#flowable-async-job-executor-thread-2949#
[BindServiceToApplicationStep] Async service binding operation with id "07e8da1a-87ee-4cf9-9295-a108b803f716" finished#
#2026 07 22 03:56:39.950#Z#DEBUG#435a90b7-8581-11f1-952a-eeee0a8c50ce.OPERATION#flowable-async-job-executor-thread-2949#
Step "Bind Service to Application" finished#
#2026 07 22 03:56:39.955#Z#DEBUG#435a90b7-8581-11f1-952a-eeee0a8c50ce.OPERATION#flowable-async-job-executor-thread-2955#
[DetermineDesiredStateAchievingActionsStep] Executing task "determineDesiredStateAchievingActionsTask" of process "4e1c514f-8581-11f1-952a-eeee0a8c50ce"...#
#2026 07 22 03:56:39.957#Z#DEBUG#435a90b7-8581-11f1-952a-eeee0a8c50ce.OPERATION#flowable-async-job-executor-thread-2955#
[DetermineDesiredStateAchievingActionsStep] Getting application "salesorderapp-db-deployer"...#
#2026 07 22 03:56:39.987#Z#DEBUG#435a90b7-8581-11f1-952a-eeee0a8c50ce.OPERATION#flowable-async-job-executor-thread-2955#
[DetermineDesiredStateAchievingActionsStep] Getting instances for application "salesorderapp-db-deployer"...#
#2026 07 22 03:56:39.987#Z#DEBUG#435a90b7-8581-11f1-952a-eeee0a8c50ce.OPERATION#flowable-async-job-executor-thread-2955#
[DetermineDesiredStateAchievingActionsStep] Getting environment of application "17409ad2-339a-413e-b379-b8d048f39a95"...#
#2026 07 22 03:56:40.036#Z#DEBUG#435a90b7-8581-11f1-952a-eeee0a8c50ce.OPERATION#flowable-async-job-executor-thread-2955#
[DetermineDesiredStateAchievingActionsStep] Current state of application salesorderapp-db-deployer: STOPPED#
#2026 07 22 03:56:40.036#Z#DEBUG#435a90b7-8581-11f1-952a-eeee0a8c50ce.OPERATION#flowable-async-job-executor-thread-2955#
[DetermineDesiredStateAchievingActionsStep] Desired state of application salesorderapp-db-deployer: STOPPED#
#2026 07 22 03:56:40.036#Z#DEBUG#435a90b7-8581-11f1-952a-eeee0a8c50ce.OPERATION#flowable-async-job-executor-thread-2955#
[DetermineDesiredStateAchievingActionsStep] Actions that should be executed on application salesorderapp-db-deployer: [STAGE]#
#2026 07 22 03:56:40.036#Z#DEBUG#435a90b7-8581-11f1-952a-eeee0a8c50ce.OPERATION#flowable-async-job-executor-thread-2955#
Step "Determine Desired State Achieving Actions" finished#
#2026 07 22 03:56:39.819#Z#DEBUG#435a90b7-8581-11f1-952a-eeee0a8c50ce.OPERATION#flowable-async-job-executor-thread-1597#
[BindServiceToApplicationStep] Executing task "bindServiceToApplicationTask" of process "4dfd098a-8581-11f1-87aa-eeee0a901e24"...#
#2026 07 22 03:56:39.889#Z#DEBUG#435a90b7-8581-11f1-952a-eeee0a8c50ce.OPERATION#flowable-async-job-executor-thread-1597#
[BindServiceToApplicationStep] Getting async job "646442a0-feab-4bbd-9cf9-61b0fda46ef5"#
#2026 07 22 03:56:39.936#Z#DEBUG#435a90b7-8581-11f1-952a-eeee0a8c50ce.OPERATION#flowable-async-job-executor-thread-1597#
[BindServiceToApplicationStep] Getting service instance "salesorderapp-auth"...#
#2026 07 22 03:56:40.064#Z#DEBUG#435a90b7-8581-11f1-952a-eeee0a8c50ce.OPERATION#flowable-async-job-executor-thread-1597#
[BindServiceToApplicationStep] Async service binding operation with id "646442a0-feab-4bbd-9cf9-61b0fda46ef5" finished#
#2026 07 22 03:56:40.066#Z#DEBUG#435a90b7-8581-11f1-952a-eeee0a8c50ce.OPERATION#flowable-async-job-executor-thread-1597#
Step "Bind Service to Application" finished#
#2026 07 22 03:56:40.076#Z#DEBUG#435a90b7-8581-11f1-952a-eeee0a8c50ce.OPERATION#flowable-async-job-executor-thread-2949#
[DetermineVcapServicesPropertiesChangedStep] Executing task "determineVcapServicesPropertiesChangedTask" of process "581543fd-8581-11f1-952a-eeee0a8c50ce"...#
#2026 07 22 03:56:40.078#Z#DEBUG#435a90b7-8581-11f1-952a-eeee0a8c50ce.OPERATION#flowable-async-job-executor-thread-2949#
[DetermineVcapServicesPropertiesChangedStep] VCAP_SERVICES properties for application "salesorderapp-srv" changed: true#
#2026 07 22 03:56:40.078#Z#DEBUG#435a90b7-8581-11f1-952a-eeee0a8c50ce.OPERATION#flowable-async-job-executor-thread-2949#
Step "Determine vcap services properties changed" finished#
#2026 07 22 03:56:40.220#Z#DEBUG#435a90b7-8581-11f1-952a-eeee0a8c50ce.OPERATION#flowable-async-job-executor-thread-1599#
[DetermineVcapServicesPropertiesChangedStep] Executing task "determineVcapServicesPropertiesChangedTask" of process "58291a20-8581-11f1-9480-eeee0a8b0f3e"...#
#2026 07 22 03:56:40.222#Z#DEBUG#435a90b7-8581-11f1-952a-eeee0a8c50ce.OPERATION#flowable-async-job-executor-thread-1599#
[DetermineVcapServicesPropertiesChangedStep] VCAP_SERVICES properties for application "salesorderapp-ui" changed: true#
#2026 07 22 03:56:40.222#Z#DEBUG#435a90b7-8581-11f1-952a-eeee0a8c50ce.OPERATION#flowable-async-job-executor-thread-1599#
Step "Determine vcap services properties changed" finished#
#2026 07 22 03:56:40.108#Z#DEBUG#435a90b7-8581-11f1-952a-eeee0a8c50ce.OPERATION#flowable-async-job-executor-thread-2949#
[UploadAppStep] Executing task "uploadAppTask" of process "581543fd-8581-11f1-952a-eeee0a8c50ce"...#
#2026 07 22 03:56:40.109#Z#DEBUG#435a90b7-8581-11f1-952a-eeee0a8c50ce.OPERATION#flowable-async-job-executor-thread-2949#
[UploadAppStep] Application upload timeout is default one: 3,600 seconds#
#2026 07 22 03:56:40.109#Z#INFO#435a90b7-8581-11f1-952a-eeee0a8c50ce.OPERATION#flowable-async-job-executor-thread-2949#
[UploadAppStep] Uploading application "salesorderapp-srv"...#
#2026 07 22 03:56:40.115#Z#DEBUG#435a90b7-8581-11f1-952a-eeee0a8c50ce.OPERATION#flowable-async-job-executor-thread-2949#
[UploadAppStep] Getting application "salesorderapp-srv"...#
#2026 07 22 03:56:40.145#Z#DEBUG#435a90b7-8581-11f1-952a-eeee0a8c50ce.OPERATION#flowable-async-job-executor-thread-2949#
[UploadAppStep] Getting environment of application "c31c55a3-17d0-489b-89ee-f38467ab5577"...#
#2026 07 22 03:56:40.175#Z#INFO#435a90b7-8581-11f1-952a-eeee0a8c50ce.OPERATION#flowable-async-job-executor-thread-2949#
[UploadAppStep] Calculating application digest: "salesorderapp-srv"#
#2026 07 22 03:56:40.343#Z#DEBUG#435a90b7-8581-11f1-952a-eeee0a8c50ce.OPERATION#flowable-async-job-executor-thread-2949#
Step "Upload App" finished#
#2026 07 22 03:56:40.265#Z#DEBUG#435a90b7-8581-11f1-952a-eeee0a8c50ce.OPERATION#flowable-async-job-executor-thread-1600#
[UploadAppStep] Executing task "uploadAppTask" of process "58291a20-8581-11f1-9480-eeee0a8b0f3e"...#
#2026 07 22 03:56:40.266#Z#DEBUG#435a90b7-8581-11f1-952a-eeee0a8c50ce.OPERATION#flowable-async-job-executor-thread-1600#
[UploadAppStep] Application upload timeout is default one: 3,600 seconds#
#2026 07 22 03:56:40.266#Z#INFO#435a90b7-8581-11f1-952a-eeee0a8c50ce.OPERATION#flowable-async-job-executor-thread-1600#
[UploadAppStep] Uploading application "salesorderapp-ui"...#
#2026 07 22 03:56:40.273#Z#DEBUG#435a90b7-8581-11f1-952a-eeee0a8c50ce.OPERATION#flowable-async-job-executor-thread-1600#
[UploadAppStep] Getting application "salesorderapp-ui"...#
#2026 07 22 03:56:40.305#Z#DEBUG#435a90b7-8581-11f1-952a-eeee0a8c50ce.OPERATION#flowable-async-job-executor-thread-1600#
[UploadAppStep] Getting environment of application "af43ed23-8273-4aa0-a6ba-24f0f480a965"...#
#2026 07 22 03:56:40.343#Z#INFO#435a90b7-8581-11f1-952a-eeee0a8c50ce.OPERATION#flowable-async-job-executor-thread-1600#
[UploadAppStep] Calculating application digest: "salesorderapp-ui"#
#2026 07 22 03:56:40.455#Z#DEBUG#435a90b7-8581-11f1-952a-eeee0a8c50ce.OPERATION#flowable-async-job-executor-thread-1600#
Step "Upload App" finished#
#2026 07 22 03:56:40.069#Z#DEBUG#435a90b7-8581-11f1-952a-eeee0a8c50ce.OPERATION#flowable-async-job-executor-thread-2955#
[StageAppStep] Executing task "stageAppTask" of process "4e1c514f-8581-11f1-952a-eeee0a8c50ce"...#
#2026 07 22 03:56:40.070#Z#DEBUG#435a90b7-8581-11f1-952a-eeee0a8c50ce.OPERATION#flowable-async-job-executor-thread-2955#
[StageAppStep] Application stage timeout is default one: 3,600 seconds#
#2026 07 22 03:56:40.072#Z#INFO#435a90b7-8581-11f1-952a-eeee0a8c50ce.OPERATION#flowable-async-job-executor-thread-2955#
[StageAppStep] Staging application "salesorderapp-db-deployer"...#
#2026 07 22 03:56:40.078#Z#DEBUG#435a90b7-8581-11f1-952a-eeee0a8c50ce.OPERATION#flowable-async-job-executor-thread-2955#
[StageAppStep] Creating build for package "654702a6-45c4-4310-883b-6735589ba885"...#
#2026 07 22 03:56:40.522#Z#DEBUG#435a90b7-8581-11f1-952a-eeee0a8c50ce.OPERATION#flowable-async-job-executor-thread-2955#
Step "Stage App" finished#
#2026 07 22 03:56:49.889#Z#DEBUG#435a90b7-8581-11f1-952a-eeee0a8c50ce.OPERATION#flowable-async-job-executor-thread-2959#
[StageAppStep] Executing task "stageAppTask" of process "4e1c514f-8581-11f1-952a-eeee0a8c50ce"...#
#2026 07 22 03:56:49.889#Z#DEBUG#435a90b7-8581-11f1-952a-eeee0a8c50ce.OPERATION#flowable-async-job-executor-thread-2959#
[StageAppStep] Application stage timeout is default one: 3,600 seconds#
#2026 07 22 03:56:49.890#Z#DEBUG#435a90b7-8581-11f1-952a-eeee0a8c50ce.OPERATION#flowable-async-job-executor-thread-2959#
[StageAppStep] Checking status of application "salesorderapp-db-deployer"...#
#2026 07 22 03:56:49.890#Z#DEBUG#435a90b7-8581-11f1-952a-eeee0a8c50ce.OPERATION#flowable-async-job-executor-thread-2959#
[StageAppStep] Getting build "765bec09-d8f5-4ed7-a2ef-d97ac7f4ea61"...#
#2026 07 22 03:56:49.925#Z#DEBUG#435a90b7-8581-11f1-952a-eeee0a8c50ce.OPERATION#flowable-async-job-executor-thread-2959#
[StageAppStep] Staging status of application "salesorderapp-db-deployer": PENDING#
#2026 07 22 03:56:49.926#Z#DEBUG#435a90b7-8581-11f1-952a-eeee0a8c50ce.OPERATION#flowable-async-job-executor-thread-2959#
[StageAppStep] Getting application guid "salesorderapp-db-deployer"...#
#2026 07 22 03:56:50.057#Z#DEBUG#435a90b7-8581-11f1-952a-eeee0a8c50ce.OPERATION#flowable-async-job-executor-thread-2959#
Step "Stage App" finished#
#2026 07 22 03:56:49.871#Z#DEBUG#435a90b7-8581-11f1-952a-eeee0a8c50ce.OPERATION#flowable-async-job-executor-thread-2957#
[UploadAppStep] Executing task "uploadAppTask" of process "58291a20-8581-11f1-9480-eeee0a8b0f3e"...#
#2026 07 22 03:56:49.872#Z#DEBUG#435a90b7-8581-11f1-952a-eeee0a8c50ce.OPERATION#flowable-async-job-executor-thread-2957#
[UploadAppStep] Application upload timeout is default one: 3,600 seconds#
#2026 07 22 03:56:49.874#Z#DEBUG#435a90b7-8581-11f1-952a-eeee0a8c50ce.OPERATION#pool-21-thread-4#
[UploadAppStep] Upload of application: salesorderapp-ui started on instance: 0#
#2026 07 22 03:56:49.874#Z#DEBUG#435a90b7-8581-11f1-952a-eeee0a8c50ce.OPERATION#pool-21-thread-4#
[UploadAppStep] Uploading file "salesorderapp-ui/data.zip" for application "salesorderapp-ui"#
#2026 07 22 03:56:49.986#Z#INFO#435a90b7-8581-11f1-952a-eeee0a8c50ce.OPERATION#pool-21-thread-4#
[UploadAppStep] Time elapsed for app binary download: 111 in millis#
#2026 07 22 03:56:49.987#Z#INFO#435a90b7-8581-11f1-952a-eeee0a8c50ce.OPERATION#pool-21-thread-4#
[UploadAppStep] Size of app salesorderapp-ui is 7,674,868 bytes#
#2026 07 22 03:56:49.987#Z#DEBUG#435a90b7-8581-11f1-952a-eeee0a8c50ce.OPERATION#pool-21-thread-4#
[UploadAppStep] Asynchronously uploading binaries for application "salesorderapp-ui"...#
#2026 07 22 03:56:50.260#Z#INFO#435a90b7-8581-11f1-952a-eeee0a8c50ce.OPERATION#pool-21-thread-4#
[UploadAppStep] Started async upload of application "salesorderapp-ui"#
#2026 07 22 03:56:50.266#Z#INFO#435a90b7-8581-11f1-952a-eeee0a8c50ce.OPERATION#flowable-async-job-executor-thread-2957#
[UploadAppStep] Time elapsed for upload: 393 in millis#
#2026 07 22 03:56:50.266#Z#DEBUG#435a90b7-8581-11f1-952a-eeee0a8c50ce.OPERATION#flowable-async-job-executor-thread-2957#
[UploadAppStep] Getting application "salesorderapp-ui"...#
#2026 07 22 03:56:50.287#Z#DEBUG#435a90b7-8581-11f1-952a-eeee0a8c50ce.OPERATION#App upload monitor: 8f5877c2-625d-4c5c-8ea7-00936f495962#
[UploadAppStep] Upload status: PROCESSING_UPLOAD#
#2026 07 22 03:56:50.298#Z#DEBUG#435a90b7-8581-11f1-952a-eeee0a8c50ce.OPERATION#flowable-async-job-executor-thread-2957#
[UploadAppStep] Getting environment of application "af43ed23-8273-4aa0-a6ba-24f0f480a965"...#
#2026 07 22 03:56:50.339#Z#DEBUG#435a90b7-8581-11f1-952a-eeee0a8c50ce.OPERATION#flowable-async-job-executor-thread-2957#
[UploadAppStep] Updating environment of application "salesorderapp-ui"#
#2026 07 22 03:56:50.411#Z#DEBUG#435a90b7-8581-11f1-952a-eeee0a8c50ce.OPERATION#flowable-async-job-executor-thread-2957#
Step "Upload App" finished#
#2026 07 22 03:56:49.883#Z#DEBUG#435a90b7-8581-11f1-952a-eeee0a8c50ce.OPERATION#flowable-async-job-executor-thread-1604#
[UploadAppStep] Executing task "uploadAppTask" of process "581543fd-8581-11f1-952a-eeee0a8c50ce"...#
#2026 07 22 03:56:49.884#Z#DEBUG#435a90b7-8581-11f1-952a-eeee0a8c50ce.OPERATION#flowable-async-job-executor-thread-1604#
[UploadAppStep] Application upload timeout is default one: 3,600 seconds#
#2026 07 22 03:56:49.887#Z#DEBUG#435a90b7-8581-11f1-952a-eeee0a8c50ce.OPERATION#pool-21-thread-6#
[UploadAppStep] Upload of application: salesorderapp-srv started on instance: 2#
#2026 07 22 03:56:49.887#Z#DEBUG#435a90b7-8581-11f1-952a-eeee0a8c50ce.OPERATION#pool-21-thread-6#
[UploadAppStep] Uploading file "salesorderapp-srv/data.zip" for application "salesorderapp-srv"#
#2026 07 22 03:56:50.187#Z#INFO#435a90b7-8581-11f1-952a-eeee0a8c50ce.OPERATION#pool-21-thread-6#
[UploadAppStep] Time elapsed for app binary download: 299 in millis#
#2026 07 22 03:56:50.187#Z#INFO#435a90b7-8581-11f1-952a-eeee0a8c50ce.OPERATION#pool-21-thread-6#
[UploadAppStep] Size of app salesorderapp-srv is 7,399,664 bytes#
#2026 07 22 03:56:50.187#Z#DEBUG#435a90b7-8581-11f1-952a-eeee0a8c50ce.OPERATION#pool-21-thread-6#
[UploadAppStep] Asynchronously uploading binaries for application "salesorderapp-srv"...#
#2026 07 22 03:56:50.477#Z#INFO#435a90b7-8581-11f1-952a-eeee0a8c50ce.OPERATION#pool-21-thread-6#
[UploadAppStep] Started async upload of application "salesorderapp-srv"#
#2026 07 22 03:56:50.484#Z#INFO#435a90b7-8581-11f1-952a-eeee0a8c50ce.OPERATION#flowable-async-job-executor-thread-1604#
[UploadAppStep] Time elapsed for upload: 599 in millis#
#2026 07 22 03:56:50.485#Z#DEBUG#435a90b7-8581-11f1-952a-eeee0a8c50ce.OPERATION#flowable-async-job-executor-thread-1604#
[UploadAppStep] Getting application "salesorderapp-srv"...#
#2026 07 22 03:56:50.498#Z#DEBUG#435a90b7-8581-11f1-952a-eeee0a8c50ce.OPERATION#App upload monitor: ee6b6ad9-750c-4d72-af3c-d4aa408bf068#
[UploadAppStep] Upload status: PROCESSING_UPLOAD#
#2026 07 22 03:56:50.516#Z#DEBUG#435a90b7-8581-11f1-952a-eeee0a8c50ce.OPERATION#flowable-async-job-executor-thread-1604#
[UploadAppStep] Getting environment of application "c31c55a3-17d0-489b-89ee-f38467ab5577"...#
#2026 07 22 03:56:50.548#Z#DEBUG#435a90b7-8581-11f1-952a-eeee0a8c50ce.OPERATION#flowable-async-job-executor-thread-1604#
[UploadAppStep] Updating environment of application "salesorderapp-srv"#
#2026 07 22 03:56:50.634#Z#DEBUG#435a90b7-8581-11f1-952a-eeee0a8c50ce.OPERATION#flowable-async-job-executor-thread-1604#
Step "Upload App" finished#
#2026 07 22 03:56:55.312#Z#DEBUG#435a90b7-8581-11f1-952a-eeee0a8c50ce.OPERATION#App upload monitor: 8f5877c2-625d-4c5c-8ea7-00936f495962#
[UploadAppStep] Upload status: READY#
#2026 07 22 03:56:59.910#Z#DEBUG#435a90b7-8581-11f1-952a-eeee0a8c50ce.OPERATION#flowable-async-job-executor-thread-2969#
[UploadAppStep] Executing task "uploadAppTask" of process "581543fd-8581-11f1-952a-eeee0a8c50ce"...#
#2026 07 22 03:56:59.912#Z#DEBUG#435a90b7-8581-11f1-952a-eeee0a8c50ce.OPERATION#flowable-async-job-executor-thread-2969#
[UploadAppStep] Application upload timeout is default one: 3,600 seconds#
#2026 07 22 03:56:59.912#Z#DEBUG#435a90b7-8581-11f1-952a-eeee0a8c50ce.OPERATION#flowable-async-job-executor-thread-2969#
[UploadAppStep] Checking upload status of application "salesorderapp-srv"...#
#2026 07 22 03:56:59.913#Z#DEBUG#435a90b7-8581-11f1-952a-eeee0a8c50ce.OPERATION#flowable-async-job-executor-thread-2969#
[UploadAppStep] Getting package "ee6b6ad9-750c-4d72-af3c-d4aa408bf068"...#
#2026 07 22 03:56:59.935#Z#DEBUG#435a90b7-8581-11f1-952a-eeee0a8c50ce.OPERATION#flowable-async-job-executor-thread-2971#
[UploadAppStep] Executing task "uploadAppTask" of process "58291a20-8581-11f1-9480-eeee0a8b0f3e"...#
#2026 07 22 03:56:59.936#Z#DEBUG#435a90b7-8581-11f1-952a-eeee0a8c50ce.OPERATION#flowable-async-job-executor-thread-2971#
[UploadAppStep] Application upload timeout is default one: 3,600 seconds#
#2026 07 22 03:56:59.936#Z#DEBUG#435a90b7-8581-11f1-952a-eeee0a8c50ce.OPERATION#flowable-async-job-executor-thread-2971#
[UploadAppStep] Checking upload status of application "salesorderapp-ui"...#
#2026 07 22 03:56:59.937#Z#DEBUG#435a90b7-8581-11f1-952a-eeee0a8c50ce.OPERATION#flowable-async-job-executor-thread-2971#
[UploadAppStep] Getting package "8f5877c2-625d-4c5c-8ea7-00936f495962"...#
#2026 07 22 03:56:59.945#Z#DEBUG#435a90b7-8581-11f1-952a-eeee0a8c50ce.OPERATION#flowable-async-job-executor-thread-2969#
[UploadAppStep] Application "salesorderapp-srv" uploaded#
#2026 07 22 03:56:59.946#Z#DEBUG#435a90b7-8581-11f1-952a-eeee0a8c50ce.OPERATION#flowable-async-job-executor-thread-2969#
Step "Upload App" finished#
#2026 07 22 03:56:59.963#Z#DEBUG#435a90b7-8581-11f1-952a-eeee0a8c50ce.OPERATION#flowable-async-job-executor-thread-2971#
[UploadAppStep] Application "salesorderapp-ui" uploaded#
#2026 07 22 03:56:59.964#Z#DEBUG#435a90b7-8581-11f1-952a-eeee0a8c50ce.OPERATION#flowable-async-job-executor-thread-2971#
Step "Upload App" finished#
#2026 07 22 03:56:59.978#Z#DEBUG#435a90b7-8581-11f1-952a-eeee0a8c50ce.OPERATION#flowable-async-job-executor-thread-2969#
[ScaleAppStep] Executing task "scaleAppTask" of process "581543fd-8581-11f1-952a-eeee0a8c50ce"...#
#2026 07 22 03:56:59.980#Z#DEBUG#435a90b7-8581-11f1-952a-eeee0a8c50ce.OPERATION#flowable-async-job-executor-thread-2969#
[ScaleAppStep] Scaling application "salesorderapp-srv"...#
#2026 07 22 03:56:59.980#Z#DEBUG#435a90b7-8581-11f1-952a-eeee0a8c50ce.OPERATION#flowable-async-job-executor-thread-2969#
[ScaleAppStep] Getting application guid "salesorderapp-srv"...#
#2026 07 22 03:56:59.995#Z#DEBUG#435a90b7-8581-11f1-952a-eeee0a8c50ce.OPERATION#flowable-async-job-executor-thread-2971#
[ScaleAppStep] Executing task "scaleAppTask" of process "58291a20-8581-11f1-9480-eeee0a8b0f3e"...#
#2026 07 22 03:56:59.997#Z#DEBUG#435a90b7-8581-11f1-952a-eeee0a8c50ce.OPERATION#flowable-async-job-executor-thread-2971#
[ScaleAppStep] Scaling application "salesorderapp-ui"...#
#2026 07 22 03:56:59.997#Z#DEBUG#435a90b7-8581-11f1-952a-eeee0a8c50ce.OPERATION#flowable-async-job-executor-thread-2971#
[ScaleAppStep] Getting application guid "salesorderapp-ui"...#
#2026 07 22 03:57:00.021#Z#DEBUG#435a90b7-8581-11f1-952a-eeee0a8c50ce.OPERATION#flowable-async-job-executor-thread-2969#
[ScaleAppStep] Getting process for application "c31c55a3-17d0-489b-89ee-f38467ab5577"...#
#2026 07 22 03:57:00.032#Z#DEBUG#435a90b7-8581-11f1-952a-eeee0a8c50ce.OPERATION#flowable-async-job-executor-thread-2971#
[ScaleAppStep] Getting process for application "af43ed23-8273-4aa0-a6ba-24f0f480a965"...#
#2026 07 22 03:57:00.076#Z#DEBUG#435a90b7-8581-11f1-952a-eeee0a8c50ce.OPERATION#flowable-async-job-executor-thread-2971#
[ScaleAppStep] Application "salesorderapp-ui" scaled#
#2026 07 22 03:57:00.076#Z#DEBUG#435a90b7-8581-11f1-952a-eeee0a8c50ce.OPERATION#flowable-async-job-executor-thread-2971#
Step "Scale App" finished#
#2026 07 22 03:57:00.083#Z#DEBUG#435a90b7-8581-11f1-952a-eeee0a8c50ce.OPERATION#flowable-async-job-executor-thread-2969#
[ScaleAppStep] Application "salesorderapp-srv" scaled#
#2026 07 22 03:57:00.083#Z#DEBUG#435a90b7-8581-11f1-952a-eeee0a8c50ce.OPERATION#flowable-async-job-executor-thread-2969#
Step "Scale App" finished#
#2026 07 22 03:56:59.984#Z#DEBUG#435a90b7-8581-11f1-952a-eeee0a8c50ce.OPERATION#flowable-async-job-executor-thread-1741#
[StageAppStep] Executing task "stageAppTask" of process "4e1c514f-8581-11f1-952a-eeee0a8c50ce"...#
#2026 07 22 03:56:59.985#Z#DEBUG#435a90b7-8581-11f1-952a-eeee0a8c50ce.OPERATION#flowable-async-job-executor-thread-1741#
[StageAppStep] Application stage timeout is default one: 3,600 seconds#
#2026 07 22 03:56:59.986#Z#DEBUG#435a90b7-8581-11f1-952a-eeee0a8c50ce.OPERATION#flowable-async-job-executor-thread-1741#
[StageAppStep] Checking status of application "salesorderapp-db-deployer"...#
#2026 07 22 03:56:59.986#Z#DEBUG#435a90b7-8581-11f1-952a-eeee0a8c50ce.OPERATION#flowable-async-job-executor-thread-1741#
[StageAppStep] Getting build "765bec09-d8f5-4ed7-a2ef-d97ac7f4ea61"...#
#2026 07 22 03:57:00.050#Z#DEBUG#435a90b7-8581-11f1-952a-eeee0a8c50ce.OPERATION#flowable-async-job-executor-thread-1741#
[StageAppStep] Staging status of application "salesorderapp-db-deployer": PENDING#
#2026 07 22 03:57:00.052#Z#DEBUG#435a90b7-8581-11f1-952a-eeee0a8c50ce.OPERATION#flowable-async-job-executor-thread-1741#
[StageAppStep] Getting application guid "salesorderapp-db-deployer"...#
#2026 07 22 03:57:00.150#Z#DEBUG#435a90b7-8581-11f1-952a-eeee0a8c50ce.OPERATION#flowable-async-job-executor-thread-1741#
Step "Stage App" finished#
#2026 07 22 03:57:00.108#Z#DEBUG#435a90b7-8581-11f1-952a-eeee0a8c50ce.OPERATION#flowable-async-job-executor-thread-2971#
[DetermineDesiredStateAchievingActionsStep] Executing task "determineDesiredStateAchievingActionsTask" of process "58291a20-8581-11f1-9480-eeee0a8b0f3e"...#
#2026 07 22 03:57:00.110#Z#DEBUG#435a90b7-8581-11f1-952a-eeee0a8c50ce.OPERATION#flowable-async-job-executor-thread-2971#
[DetermineDesiredStateAchievingActionsStep] Getting application "salesorderapp-ui"...#
#2026 07 22 03:57:00.115#Z#DEBUG#435a90b7-8581-11f1-952a-eeee0a8c50ce.OPERATION#flowable-async-job-executor-thread-2969#
[DetermineDesiredStateAchievingActionsStep] Executing task "determineDesiredStateAchievingActionsTask" of process "581543fd-8581-11f1-952a-eeee0a8c50ce"...#
#2026 07 22 03:57:00.117#Z#DEBUG#435a90b7-8581-11f1-952a-eeee0a8c50ce.OPERATION#flowable-async-job-executor-thread-2969#
[DetermineDesiredStateAchievingActionsStep] Getting application "salesorderapp-srv"...#
#2026 07 22 03:57:00.138#Z#DEBUG#435a90b7-8581-11f1-952a-eeee0a8c50ce.OPERATION#flowable-async-job-executor-thread-2971#
[DetermineDesiredStateAchievingActionsStep] Getting instances for application "salesorderapp-ui"...#
#2026 07 22 03:57:00.139#Z#DEBUG#435a90b7-8581-11f1-952a-eeee0a8c50ce.OPERATION#flowable-async-job-executor-thread-2971#
[DetermineDesiredStateAchievingActionsStep] Getting environment of application "af43ed23-8273-4aa0-a6ba-24f0f480a965"...#
#2026 07 22 03:57:00.144#Z#DEBUG#435a90b7-8581-11f1-952a-eeee0a8c50ce.OPERATION#flowable-async-job-executor-thread-2969#
[DetermineDesiredStateAchievingActionsStep] Getting instances for application "salesorderapp-srv"...#
#2026 07 22 03:57:00.144#Z#DEBUG#435a90b7-8581-11f1-952a-eeee0a8c50ce.OPERATION#flowable-async-job-executor-thread-2969#
[DetermineDesiredStateAchievingActionsStep] Getting environment of application "c31c55a3-17d0-489b-89ee-f38467ab5577"...#
#2026 07 22 03:57:00.181#Z#DEBUG#435a90b7-8581-11f1-952a-eeee0a8c50ce.OPERATION#flowable-async-job-executor-thread-2971#
[DetermineDesiredStateAchievingActionsStep] Current state of application salesorderapp-ui: STOPPED#
#2026 07 22 03:57:00.181#Z#DEBUG#435a90b7-8581-11f1-952a-eeee0a8c50ce.OPERATION#flowable-async-job-executor-thread-2971#
[DetermineDesiredStateAchievingActionsStep] Desired state of application salesorderapp-ui: STARTED#
#2026 07 22 03:57:00.181#Z#DEBUG#435a90b7-8581-11f1-952a-eeee0a8c50ce.OPERATION#flowable-async-job-executor-thread-2971#
[DetermineDesiredStateAchievingActionsStep] Actions that should be executed on application salesorderapp-ui: [STAGE, START]#
#2026 07 22 03:57:00.181#Z#DEBUG#435a90b7-8581-11f1-952a-eeee0a8c50ce.OPERATION#flowable-async-job-executor-thread-2971#
Step "Determine Desired State Achieving Actions" finished#
#2026 07 22 03:57:00.185#Z#DEBUG#435a90b7-8581-11f1-952a-eeee0a8c50ce.OPERATION#flowable-async-job-executor-thread-2969#
[DetermineDesiredStateAchievingActionsStep] Current state of application salesorderapp-srv: STOPPED#
#2026 07 22 03:57:00.185#Z#DEBUG#435a90b7-8581-11f1-952a-eeee0a8c50ce.OPERATION#flowable-async-job-executor-thread-2969#
[DetermineDesiredStateAchievingActionsStep] Desired state of application salesorderapp-srv: STARTED#
#2026 07 22 03:57:00.185#Z#DEBUG#435a90b7-8581-11f1-952a-eeee0a8c50ce.OPERATION#flowable-async-job-executor-thread-2969#
[DetermineDesiredStateAchievingActionsStep] Actions that should be executed on application salesorderapp-srv: [STAGE, START]#
#2026 07 22 03:57:00.185#Z#DEBUG#435a90b7-8581-11f1-952a-eeee0a8c50ce.OPERATION#flowable-async-job-executor-thread-2969#
Step "Determine Desired State Achieving Actions" finished#
#2026 07 22 03:56:55.520#Z#DEBUG#435a90b7-8581-11f1-952a-eeee0a8c50ce.OPERATION#App upload monitor: ee6b6ad9-750c-4d72-af3c-d4aa408bf068#
[UploadAppStep] Upload status: PROCESSING_UPLOAD#
#2026 07 22 03:57:00.549#Z#DEBUG#435a90b7-8581-11f1-952a-eeee0a8c50ce.OPERATION#App upload monitor: ee6b6ad9-750c-4d72-af3c-d4aa408bf068#
[UploadAppStep] Upload status: READY#
#2026 07 22 03:57:00.215#Z#DEBUG#435a90b7-8581-11f1-952a-eeee0a8c50ce.OPERATION#flowable-async-job-executor-thread-2970#
[StageAppStep] Executing task "stageAppTask" of process "58291a20-8581-11f1-9480-eeee0a8b0f3e"...#
#2026 07 22 03:57:00.216#Z#DEBUG#435a90b7-8581-11f1-952a-eeee0a8c50ce.OPERATION#flowable-async-job-executor-thread-2970#
[StageAppStep] Application stage timeout is default one: 3,600 seconds#
#2026 07 22 03:57:00.217#Z#DEBUG#435a90b7-8581-11f1-952a-eeee0a8c50ce.OPERATION#flowable-async-job-executor-thread-2969#
[StageAppStep] Executing task "stageAppTask" of process "581543fd-8581-11f1-952a-eeee0a8c50ce"...#
#2026 07 22 03:57:00.217#Z#INFO#435a90b7-8581-11f1-952a-eeee0a8c50ce.OPERATION#flowable-async-job-executor-thread-2970#
[StageAppStep] Staging application "salesorderapp-ui"...#
#2026 07 22 03:57:00.218#Z#DEBUG#435a90b7-8581-11f1-952a-eeee0a8c50ce.OPERATION#flowable-async-job-executor-thread-2969#
[StageAppStep] Application stage timeout is default one: 3,600 seconds#
#2026 07 22 03:57:00.220#Z#INFO#435a90b7-8581-11f1-952a-eeee0a8c50ce.OPERATION#flowable-async-job-executor-thread-2969#
[StageAppStep] Staging application "salesorderapp-srv"...#
#2026 07 22 03:57:00.222#Z#DEBUG#435a90b7-8581-11f1-952a-eeee0a8c50ce.OPERATION#flowable-async-job-executor-thread-2970#
[StageAppStep] Creating build for package "8f5877c2-625d-4c5c-8ea7-00936f495962"...#
#2026 07 22 03:57:00.225#Z#DEBUG#435a90b7-8581-11f1-952a-eeee0a8c50ce.OPERATION#flowable-async-job-executor-thread-2969#
[StageAppStep] Creating build for package "ee6b6ad9-750c-4d72-af3c-d4aa408bf068"...#
#2026 07 22 03:57:00.612#Z#DEBUG#435a90b7-8581-11f1-952a-eeee0a8c50ce.OPERATION#flowable-async-job-executor-thread-2970#
Step "Stage App" finished#
#2026 07 22 03:57:00.731#Z#DEBUG#435a90b7-8581-11f1-952a-eeee0a8c50ce.OPERATION#flowable-async-job-executor-thread-2969#
Step "Stage App" finished#
#2026 07 22 03:57:09.988#Z#DEBUG#435a90b7-8581-11f1-952a-eeee0a8c50ce.OPERATION#flowable-async-job-executor-thread-2978#
[StageAppStep] Executing task "stageAppTask" of process "4e1c514f-8581-11f1-952a-eeee0a8c50ce"...#
#2026 07 22 03:57:09.989#Z#DEBUG#435a90b7-8581-11f1-952a-eeee0a8c50ce.OPERATION#flowable-async-job-executor-thread-2978#
[StageAppStep] Application stage timeout is default one: 3,600 seconds#
#2026 07 22 03:57:09.990#Z#DEBUG#435a90b7-8581-11f1-952a-eeee0a8c50ce.OPERATION#flowable-async-job-executor-thread-2978#
[StageAppStep] Checking status of application "salesorderapp-db-deployer"...#
#2026 07 22 03:57:09.990#Z#DEBUG#435a90b7-8581-11f1-952a-eeee0a8c50ce.OPERATION#flowable-async-job-executor-thread-2978#
[StageAppStep] Getting build "765bec09-d8f5-4ed7-a2ef-d97ac7f4ea61"...#
#2026 07 22 03:57:10.038#Z#DEBUG#435a90b7-8581-11f1-952a-eeee0a8c50ce.OPERATION#flowable-async-job-executor-thread-2973#
[StageAppStep] Executing task "stageAppTask" of process "581543fd-8581-11f1-952a-eeee0a8c50ce"...#
#2026 07 22 03:57:10.039#Z#DEBUG#435a90b7-8581-11f1-952a-eeee0a8c50ce.OPERATION#flowable-async-job-executor-thread-2973#
[StageAppStep] Application stage timeout is default one: 3,600 seconds#
#2026 07 22 03:57:10.039#Z#DEBUG#435a90b7-8581-11f1-952a-eeee0a8c50ce.OPERATION#flowable-async-job-executor-thread-2973#
[StageAppStep] Checking status of application "salesorderapp-srv"...#
#2026 07 22 03:57:10.040#Z#DEBUG#435a90b7-8581-11f1-952a-eeee0a8c50ce.OPERATION#flowable-async-job-executor-thread-2973#
[StageAppStep] Getting build "7cd4b240-e8b0-4589-bd18-ee5156588723"...#
#2026 07 22 03:57:10.040#Z#DEBUG#435a90b7-8581-11f1-952a-eeee0a8c50ce.OPERATION#flowable-async-job-executor-thread-2974#
[StageAppStep] Executing task "stageAppTask" of process "58291a20-8581-11f1-9480-eeee0a8b0f3e"...#
#2026 07 22 03:57:10.041#Z#DEBUG#435a90b7-8581-11f1-952a-eeee0a8c50ce.OPERATION#flowable-async-job-executor-thread-2974#
[StageAppStep] Application stage timeout is default one: 3,600 seconds#
#2026 07 22 03:57:10.041#Z#DEBUG#435a90b7-8581-11f1-952a-eeee0a8c50ce.OPERATION#flowable-async-job-executor-thread-2974#
[StageAppStep] Checking status of application "salesorderapp-ui"...#
#2026 07 22 03:57:10.041#Z#DEBUG#435a90b7-8581-11f1-952a-eeee0a8c50ce.OPERATION#flowable-async-job-executor-thread-2974#
[StageAppStep] Getting build "a1c435af-f1f7-427c-8b70-abd5a77eb93a"...#
#2026 07 22 03:57:10.042#Z#DEBUG#435a90b7-8581-11f1-952a-eeee0a8c50ce.OPERATION#flowable-async-job-executor-thread-2978#
[StageAppStep] Staging status of application "salesorderapp-db-deployer": PENDING#
#2026 07 22 03:57:10.044#Z#DEBUG#435a90b7-8581-11f1-952a-eeee0a8c50ce.OPERATION#flowable-async-job-executor-thread-2978#
[StageAppStep] Getting application guid "salesorderapp-db-deployer"...#
#2026 07 22 03:57:10.073#Z#DEBUG#435a90b7-8581-11f1-952a-eeee0a8c50ce.OPERATION#flowable-async-job-executor-thread-2973#
[StageAppStep] Staging status of application "salesorderapp-srv": PENDING#
#2026 07 22 03:57:10.073#Z#DEBUG#435a90b7-8581-11f1-952a-eeee0a8c50ce.OPERATION#flowable-async-job-executor-thread-2973#
[StageAppStep] Getting application guid "salesorderapp-srv"...#
#2026 07 22 03:57:10.076#Z#DEBUG#435a90b7-8581-11f1-952a-eeee0a8c50ce.OPERATION#flowable-async-job-executor-thread-2974#
[StageAppStep] Staging status of application "salesorderapp-ui": PENDING#
#2026 07 22 03:57:10.077#Z#DEBUG#435a90b7-8581-11f1-952a-eeee0a8c50ce.OPERATION#flowable-async-job-executor-thread-2974#
[StageAppStep] Getting application guid "salesorderapp-ui"...#
#2026 07 22 03:57:10.138#Z#DEBUG#435a90b7-8581-11f1-952a-eeee0a8c50ce.OPERATION#flowable-async-job-executor-thread-2978#
Step "Stage App" finished#
#2026 07 22 03:57:10.159#Z#DEBUG#435a90b7-8581-11f1-952a-eeee0a8c50ce.OPERATION#flowable-async-job-executor-thread-2973#
Step "Stage App" finished#
#2026 07 22 03:57:10.182#Z#DEBUG#435a90b7-8581-11f1-952a-eeee0a8c50ce.OPERATION#flowable-async-job-executor-thread-2974#
Step "Stage App" finished#
#2026 07 22 03:57:20.183#Z#DEBUG#435a90b7-8581-11f1-952a-eeee0a8c50ce.OPERATION#flowable-async-job-executor-thread-2985#
Step "Stage App" finished#
#2026 07 22 03:57:20.058#Z#DEBUG#435a90b7-8581-11f1-952a-eeee0a8c50ce.OPERATION#flowable-async-job-executor-thread-2985#
[StageAppStep] Executing task "stageAppTask" of process "581543fd-8581-11f1-952a-eeee0a8c50ce"...#
#2026 07 22 03:57:20.060#Z#DEBUG#435a90b7-8581-11f1-952a-eeee0a8c50ce.OPERATION#flowable-async-job-executor-thread-2985#
[StageAppStep] Application stage timeout is default one: 3,600 seconds#
#2026 07 22 03:57:20.061#Z#DEBUG#435a90b7-8581-11f1-952a-eeee0a8c50ce.OPERATION#flowable-async-job-executor-thread-2985#
[StageAppStep] Checking status of application "salesorderapp-srv"...#
#2026 07 22 03:57:20.061#Z#DEBUG#435a90b7-8581-11f1-952a-eeee0a8c50ce.OPERATION#flowable-async-job-executor-thread-2985#
[StageAppStep] Getting build "7cd4b240-e8b0-4589-bd18-ee5156588723"...#
#2026 07 22 03:57:20.062#Z#DEBUG#435a90b7-8581-11f1-952a-eeee0a8c50ce.OPERATION#flowable-async-job-executor-thread-2987#
[StageAppStep] Executing task "stageAppTask" of process "58291a20-8581-11f1-9480-eeee0a8b0f3e"...#
#2026 07 22 03:57:20.063#Z#DEBUG#435a90b7-8581-11f1-952a-eeee0a8c50ce.OPERATION#flowable-async-job-executor-thread-2987#
[StageAppStep] Application stage timeout is default one: 3,600 seconds#
#2026 07 22 03:57:20.064#Z#DEBUG#435a90b7-8581-11f1-952a-eeee0a8c50ce.OPERATION#flowable-async-job-executor-thread-2987#
[StageAppStep] Checking status of application "salesorderapp-ui"...#
#2026 07 22 03:57:20.064#Z#DEBUG#435a90b7-8581-11f1-952a-eeee0a8c50ce.OPERATION#flowable-async-job-executor-thread-2987#
[StageAppStep] Getting build "a1c435af-f1f7-427c-8b70-abd5a77eb93a"...#
#2026 07 22 03:57:20.091#Z#DEBUG#435a90b7-8581-11f1-952a-eeee0a8c50ce.OPERATION#flowable-async-job-executor-thread-2985#
[StageAppStep] Staging status of application "salesorderapp-srv": PENDING#
#2026 07 22 03:57:20.092#Z#DEBUG#435a90b7-8581-11f1-952a-eeee0a8c50ce.OPERATION#flowable-async-job-executor-thread-2985#
[StageAppStep] Getting application guid "salesorderapp-srv"...#
#2026 07 22 03:57:20.093#Z#DEBUG#435a90b7-8581-11f1-952a-eeee0a8c50ce.OPERATION#flowable-async-job-executor-thread-2981#
[StageAppStep] Executing task "stageAppTask" of process "4e1c514f-8581-11f1-952a-eeee0a8c50ce"...#
#2026 07 22 03:57:20.094#Z#DEBUG#435a90b7-8581-11f1-952a-eeee0a8c50ce.OPERATION#flowable-async-job-executor-thread-2981#
[StageAppStep] Application stage timeout is default one: 3,600 seconds#
#2026 07 22 03:57:20.095#Z#DEBUG#435a90b7-8581-11f1-952a-eeee0a8c50ce.OPERATION#flowable-async-job-executor-thread-2981#
[StageAppStep] Checking status of application "salesorderapp-db-deployer"...#
#2026 07 22 03:57:20.095#Z#DEBUG#435a90b7-8581-11f1-952a-eeee0a8c50ce.OPERATION#flowable-async-job-executor-thread-2981#
[StageAppStep] Getting build "765bec09-d8f5-4ed7-a2ef-d97ac7f4ea61"...#
#2026 07 22 03:57:20.100#Z#DEBUG#435a90b7-8581-11f1-952a-eeee0a8c50ce.OPERATION#flowable-async-job-executor-thread-2987#
[StageAppStep] Staging status of application "salesorderapp-ui": PENDING#
#2026 07 22 03:57:20.101#Z#DEBUG#435a90b7-8581-11f1-952a-eeee0a8c50ce.OPERATION#flowable-async-job-executor-thread-2987#
[StageAppStep] Getting application guid "salesorderapp-ui"...#
#2026 07 22 03:57:20.127#Z#DEBUG#435a90b7-8581-11f1-952a-eeee0a8c50ce.OPERATION#flowable-async-job-executor-thread-2981#
[StageAppStep] Staging status of application "salesorderapp-db-deployer": STAGED#
#2026 07 22 03:57:20.128#Z#DEBUG#435a90b7-8581-11f1-952a-eeee0a8c50ce.OPERATION#flowable-async-job-executor-thread-2981#
[StageAppStep] Getting application guid "salesorderapp-db-deployer"...#
#2026 07 22 03:57:20.181#Z#DEBUG#435a90b7-8581-11f1-952a-eeee0a8c50ce.OPERATION#flowable-async-job-executor-thread-2987#
Step "Stage App" finished#
#2026 07 22 03:57:20.228#Z#DEBUG#435a90b7-8581-11f1-952a-eeee0a8c50ce.OPERATION#flowable-async-job-executor-thread-2981#
[StageAppStep] Getting build "765bec09-d8f5-4ed7-a2ef-d97ac7f4ea61"...#
#2026 07 22 03:57:20.259#Z#DEBUG#435a90b7-8581-11f1-952a-eeee0a8c50ce.OPERATION#flowable-async-job-executor-thread-2981#
[StageAppStep] Binding droplet "cd55cdae-841b-413a-838f-aa63a13cef7c" to application "17409ad2-339a-413e-b379-b8d048f39a95"...#
#2026 07 22 03:57:20.307#Z#INFO#435a90b7-8581-11f1-952a-eeee0a8c50ce.OPERATION#flowable-async-job-executor-thread-2981#
[StageAppStep] Application "salesorderapp-db-deployer" staged#
#2026 07 22 03:57:20.314#Z#DEBUG#435a90b7-8581-11f1-952a-eeee0a8c50ce.OPERATION#flowable-async-job-executor-thread-2981#
Step "Stage App" finished#
#2026 07 22 03:57:20.388#Z#DEBUG#435a90b7-8581-11f1-952a-eeee0a8c50ce.OPERATION#flowable-async-job-executor-thread-2981#
[PrepareToExecuteTasksStep] Executing task "prepareToExecuteTasksTask" of process "701dea71-8581-11f1-952a-eeee0a8c50ce"...#
#2026 07 22 03:57:20.390#Z#DEBUG#435a90b7-8581-11f1-952a-eeee0a8c50ce.OPERATION#flowable-async-job-executor-thread-2981#
Step "Prepare To Execute Tasks" finished#
#2026 07 22 03:57:20.420#Z#DEBUG#435a90b7-8581-11f1-952a-eeee0a8c50ce.OPERATION#flowable-async-job-executor-thread-2981#
[ExecuteTaskStep] Executing task "executeTaskTask" of process "701dea71-8581-11f1-952a-eeee0a8c50ce"...#
#2026 07 22 03:57:20.421#Z#DEBUG#435a90b7-8581-11f1-952a-eeee0a8c50ce.OPERATION#flowable-async-job-executor-thread-2981#
[ExecuteTaskStep] Application task execution timeout is default one: 43,200 seconds#
#2026 07 22 03:57:20.423#Z#INFO#435a90b7-8581-11f1-952a-eeee0a8c50ce.OPERATION#flowable-async-job-executor-thread-2981#
[ExecuteTaskStep] Executing task "deploy" on application "salesorderapp-db-deployer"...#
#2026 07 22 03:57:20.427#Z#DEBUG#435a90b7-8581-11f1-952a-eeee0a8c50ce.OPERATION#flowable-async-job-executor-thread-2981#
[ExecuteTaskStep] Running task on application "salesorderapp-db-deployer": {
  "name" : "deploy",
  "command" : "npm start",
  "limits" : {
    "memory" : 256
  }
}#
#2026 07 22 03:57:20.783#Z#DEBUG#435a90b7-8581-11f1-952a-eeee0a8c50ce.OPERATION#flowable-async-job-executor-thread-2981#
Step "Execute Task" finished#
#2026 07 22 03:57:30.105#Z#DEBUG#435a90b7-8581-11f1-952a-eeee0a8c50ce.OPERATION#flowable-async-job-executor-thread-2993#
[ExecuteTaskStep] Executing task "executeTaskTask" of process "701dea71-8581-11f1-952a-eeee0a8c50ce"...#
#2026 07 22 03:57:30.106#Z#DEBUG#435a90b7-8581-11f1-952a-eeee0a8c50ce.OPERATION#flowable-async-job-executor-thread-2993#
[ExecuteTaskStep] Application task execution timeout is default one: 43,200 seconds#
#2026 07 22 03:57:30.108#Z#DEBUG#435a90b7-8581-11f1-952a-eeee0a8c50ce.OPERATION#flowable-async-job-executor-thread-2993#
[ExecuteTaskStep] Getting task "425c6879-88a4-4ce3-b3cb-d1187c8572ad"...#
#2026 07 22 03:57:30.134#Z#DEBUG#435a90b7-8581-11f1-952a-eeee0a8c50ce.OPERATION#flowable-async-job-executor-thread-2993#
[ExecuteTaskStep] Task execution status: running#
#2026 07 22 03:57:30.135#Z#DEBUG#435a90b7-8581-11f1-952a-eeee0a8c50ce.OPERATION#flowable-async-job-executor-thread-2993#
[ExecuteTaskStep] Getting application guid "salesorderapp-db-deployer"...#
#2026 07 22 03:57:30.197#Z#DEBUG#435a90b7-8581-11f1-952a-eeee0a8c50ce.OPERATION#flowable-async-job-executor-thread-2993#
Step "Execute Task" finished#
#2026 07 22 03:57:30.137#Z#DEBUG#435a90b7-8581-11f1-952a-eeee0a8c50ce.OPERATION#flowable-async-job-executor-thread-2995#
[StageAppStep] Executing task "stageAppTask" of process "581543fd-8581-11f1-952a-eeee0a8c50ce"...#
#2026 07 22 03:57:30.138#Z#DEBUG#435a90b7-8581-11f1-952a-eeee0a8c50ce.OPERATION#flowable-async-job-executor-thread-2995#
[StageAppStep] Application stage timeout is default one: 3,600 seconds#
#2026 07 22 03:57:30.139#Z#DEBUG#435a90b7-8581-11f1-952a-eeee0a8c50ce.OPERATION#flowable-async-job-executor-thread-2995#
[StageAppStep] Checking status of application "salesorderapp-srv"...#
#2026 07 22 03:57:30.139#Z#DEBUG#435a90b7-8581-11f1-952a-eeee0a8c50ce.OPERATION#flowable-async-job-executor-thread-2995#
[StageAppStep] Getting build "7cd4b240-e8b0-4589-bd18-ee5156588723"...#
#2026 07 22 03:57:30.171#Z#DEBUG#435a90b7-8581-11f1-952a-eeee0a8c50ce.OPERATION#flowable-async-job-executor-thread-2995#
[StageAppStep] Staging status of application "salesorderapp-srv": STAGED#
#2026 07 22 03:57:30.172#Z#DEBUG#435a90b7-8581-11f1-952a-eeee0a8c50ce.OPERATION#flowable-async-job-executor-thread-2995#
[StageAppStep] Getting application guid "salesorderapp-srv"...#
#2026 07 22 03:57:30.299#Z#DEBUG#435a90b7-8581-11f1-952a-eeee0a8c50ce.OPERATION#flowable-async-job-executor-thread-2995#
[StageAppStep] Getting build "7cd4b240-e8b0-4589-bd18-ee5156588723"...#
#2026 07 22 03:57:30.329#Z#DEBUG#435a90b7-8581-11f1-952a-eeee0a8c50ce.OPERATION#flowable-async-job-executor-thread-2995#
[StageAppStep] Binding droplet "edc651c8-d87d-466c-91ed-c1acdb9471b3" to application "c31c55a3-17d0-489b-89ee-f38467ab5577"...#
#2026 07 22 03:57:30.376#Z#INFO#435a90b7-8581-11f1-952a-eeee0a8c50ce.OPERATION#flowable-async-job-executor-thread-2995#
[StageAppStep] Application "salesorderapp-srv" staged#
#2026 07 22 03:57:30.382#Z#DEBUG#435a90b7-8581-11f1-952a-eeee0a8c50ce.OPERATION#flowable-async-job-executor-thread-2995#
Step "Stage App" finished#
#2026 07 22 03:57:30.171#Z#DEBUG#435a90b7-8581-11f1-952a-eeee0a8c50ce.OPERATION#flowable-async-job-executor-thread-1750#
[StageAppStep] Executing task "stageAppTask" of process "58291a20-8581-11f1-9480-eeee0a8b0f3e"...#
#2026 07 22 03:57:30.172#Z#DEBUG#435a90b7-8581-11f1-952a-eeee0a8c50ce.OPERATION#flowable-async-job-executor-thread-1750#
[StageAppStep] Application stage timeout is default one: 3,600 seconds#
#2026 07 22 03:57:30.174#Z#DEBUG#435a90b7-8581-11f1-952a-eeee0a8c50ce.OPERATION#flowable-async-job-executor-thread-1750#
[StageAppStep] Checking status of application "salesorderapp-ui"...#
#2026 07 22 03:57:30.174#Z#DEBUG#435a90b7-8581-11f1-952a-eeee0a8c50ce.OPERATION#flowable-async-job-executor-thread-1750#
[StageAppStep] Getting build "a1c435af-f1f7-427c-8b70-abd5a77eb93a"...#
#2026 07 22 03:57:30.209#Z#DEBUG#435a90b7-8581-11f1-952a-eeee0a8c50ce.OPERATION#flowable-async-job-executor-thread-1750#
[StageAppStep] Staging status of application "salesorderapp-ui": STAGED#
#2026 07 22 03:57:30.210#Z#DEBUG#435a90b7-8581-11f1-952a-eeee0a8c50ce.OPERATION#flowable-async-job-executor-thread-1750#
[StageAppStep] Getting application guid "salesorderapp-ui"...#
#2026 07 22 03:57:30.318#Z#DEBUG#435a90b7-8581-11f1-952a-eeee0a8c50ce.OPERATION#flowable-async-job-executor-thread-1750#
[StageAppStep] Getting build "a1c435af-f1f7-427c-8b70-abd5a77eb93a"...#
#2026 07 22 03:57:30.348#Z#DEBUG#435a90b7-8581-11f1-952a-eeee0a8c50ce.OPERATION#flowable-async-job-executor-thread-1750#
[StageAppStep] Binding droplet "2a73a6f2-763d-487b-b317-8c77f1de560d" to application "af43ed23-8273-4aa0-a6ba-24f0f480a965"...#
#2026 07 22 03:57:30.408#Z#INFO#435a90b7-8581-11f1-952a-eeee0a8c50ce.OPERATION#flowable-async-job-executor-thread-1750#
[StageAppStep] Application "salesorderapp-ui" staged#
#2026 07 22 03:57:30.417#Z#DEBUG#435a90b7-8581-11f1-952a-eeee0a8c50ce.OPERATION#flowable-async-job-executor-thread-1750#
Step "Stage App" finished#
#2026 07 22 03:57:30.418#Z#DEBUG#435a90b7-8581-11f1-952a-eeee0a8c50ce.OPERATION#flowable-async-job-executor-thread-2995#
[RestartAppStep] Executing task "startAppTask" of process "581543fd-8581-11f1-952a-eeee0a8c50ce"...#
#2026 07 22 03:57:30.420#Z#DEBUG#435a90b7-8581-11f1-952a-eeee0a8c50ce.OPERATION#flowable-async-job-executor-thread-2995#
[RestartAppStep] Application start timeout is default one: 3,600 seconds#
#2026 07 22 03:57:30.421#Z#DEBUG#435a90b7-8581-11f1-952a-eeee0a8c50ce.OPERATION#flowable-async-job-executor-thread-2995#
[RestartAppStep] Getting application "salesorderapp-srv"...#
#2026 07 22 03:57:30.454#Z#INFO#435a90b7-8581-11f1-952a-eeee0a8c50ce.OPERATION#flowable-async-job-executor-thread-2995#
[RestartAppStep] Starting application "salesorderapp-srv"...#
#2026 07 22 03:57:30.460#Z#DEBUG#435a90b7-8581-11f1-952a-eeee0a8c50ce.OPERATION#flowable-async-job-executor-thread-2995#
[RestartAppStep] Starting application "salesorderapp-srv"...#
#2026 07 22 03:57:30.691#Z#DEBUG#435a90b7-8581-11f1-952a-eeee0a8c50ce.OPERATION#flowable-async-job-executor-thread-2995#
Step "Start App" finished#
#2026 07 22 03:57:30.472#Z#DEBUG#435a90b7-8581-11f1-952a-eeee0a8c50ce.OPERATION#flowable-async-job-executor-thread-1750#
[RestartAppStep] Executing task "startAppTask" of process "58291a20-8581-11f1-9480-eeee0a8b0f3e"...#
#2026 07 22 03:57:30.475#Z#DEBUG#435a90b7-8581-11f1-952a-eeee0a8c50ce.OPERATION#flowable-async-job-executor-thread-1750#
[RestartAppStep] Application start timeout is default one: 3,600 seconds#
#2026 07 22 03:57:30.477#Z#DEBUG#435a90b7-8581-11f1-952a-eeee0a8c50ce.OPERATION#flowable-async-job-executor-thread-1750#
[RestartAppStep] Getting application "salesorderapp-ui"...#
#2026 07 22 03:57:30.512#Z#INFO#435a90b7-8581-11f1-952a-eeee0a8c50ce.OPERATION#flowable-async-job-executor-thread-1750#
[RestartAppStep] Starting application "salesorderapp-ui"...#
#2026 07 22 03:57:30.518#Z#DEBUG#435a90b7-8581-11f1-952a-eeee0a8c50ce.OPERATION#flowable-async-job-executor-thread-1750#
[RestartAppStep] Starting application "salesorderapp-ui"...#
#2026 07 22 03:57:30.809#Z#DEBUG#435a90b7-8581-11f1-952a-eeee0a8c50ce.OPERATION#flowable-async-job-executor-thread-1750#
Step "Start App" finished#
#2026 07 22 03:57:40.186#Z#DEBUG#435a90b7-8581-11f1-952a-eeee0a8c50ce.OPERATION#flowable-async-job-executor-thread-3004#
[RestartAppStep] Executing task "startAppTask" of process "765ae65d-8581-11f1-87aa-eeee0a901e24"...#
#2026 07 22 03:57:40.190#Z#DEBUG#435a90b7-8581-11f1-952a-eeee0a8c50ce.OPERATION#flowable-async-job-executor-thread-3004#
[RestartAppStep] Application start timeout is default one: 3,600 seconds#
#2026 07 22 03:57:40.191#Z#DEBUG#435a90b7-8581-11f1-952a-eeee0a8c50ce.OPERATION#flowable-async-job-executor-thread-3004#
[RestartAppStep] Checking status of application "salesorderapp-ui"...#
#2026 07 22 03:57:40.191#Z#DEBUG#435a90b7-8581-11f1-952a-eeee0a8c50ce.OPERATION#flowable-async-job-executor-thread-3004#
[RestartAppStep] Getting application "salesorderapp-ui"...#
#2026 07 22 03:57:40.218#Z#DEBUG#435a90b7-8581-11f1-952a-eeee0a8c50ce.OPERATION#flowable-async-job-executor-thread-2998#
[RestartAppStep] Executing task "startAppTask" of process "76489749-8581-11f1-952a-eeee0a8c50ce"...#
#2026 07 22 03:57:40.220#Z#DEBUG#435a90b7-8581-11f1-952a-eeee0a8c50ce.OPERATION#flowable-async-job-executor-thread-2998#
[RestartAppStep] Application start timeout is default one: 3,600 seconds#
#2026 07 22 03:57:40.220#Z#DEBUG#435a90b7-8581-11f1-952a-eeee0a8c50ce.OPERATION#flowable-async-job-executor-thread-2998#
[RestartAppStep] Checking status of application "salesorderapp-srv"...#
#2026 07 22 03:57:40.220#Z#DEBUG#435a90b7-8581-11f1-952a-eeee0a8c50ce.OPERATION#flowable-async-job-executor-thread-2998#
[RestartAppStep] Getting application "salesorderapp-srv"...#
#2026 07 22 03:57:40.230#Z#DEBUG#435a90b7-8581-11f1-952a-eeee0a8c50ce.OPERATION#flowable-async-job-executor-thread-3004#
[RestartAppStep] Getting instances for application "salesorderapp-ui"...#
#2026 07 22 03:57:40.250#Z#DEBUG#435a90b7-8581-11f1-952a-eeee0a8c50ce.OPERATION#flowable-async-job-executor-thread-2998#
[RestartAppStep] Getting instances for application "salesorderapp-srv"...#
#2026 07 22 03:57:40.269#Z#DEBUG#435a90b7-8581-11f1-952a-eeee0a8c50ce.OPERATION#flowable-async-job-executor-thread-3004#
[RestartAppStep] Application "salesorderapp-ui": 0 of 1 instances running (1 starting)#
#2026 07 22 03:57:40.283#Z#DEBUG#435a90b7-8581-11f1-952a-eeee0a8c50ce.OPERATION#flowable-async-job-executor-thread-2998#
[RestartAppStep] Application "salesorderapp-srv": 1 of 1 instances running (1 running)#
#2026 07 22 03:57:40.314#Z#DEBUG#435a90b7-8581-11f1-952a-eeee0a8c50ce.OPERATION#flowable-async-job-executor-thread-2998#
[RestartAppStep] Getting routes for application "c31c55a3-17d0-489b-89ee-f38467ab5577"...#
#2026 07 22 03:57:40.328#Z#DEBUG#435a90b7-8581-11f1-952a-eeee0a8c50ce.OPERATION#flowable-async-job-executor-thread-3004#
Step "Start App" finished#
#2026 07 22 03:57:40.203#Z#DEBUG#435a90b7-8581-11f1-952a-eeee0a8c50ce.OPERATION#flowable-async-job-executor-thread-1619#
[ExecuteTaskStep] Executing task "executeTaskTask" of process "701dea71-8581-11f1-952a-eeee0a8c50ce"...#
#2026 07 22 03:57:40.205#Z#DEBUG#435a90b7-8581-11f1-952a-eeee0a8c50ce.OPERATION#flowable-async-job-executor-thread-1619#
[ExecuteTaskStep] Application task execution timeout is default one: 43,200 seconds#
#2026 07 22 03:57:40.207#Z#DEBUG#435a90b7-8581-11f1-952a-eeee0a8c50ce.OPERATION#flowable-async-job-executor-thread-1619#
[ExecuteTaskStep] Getting task "425c6879-88a4-4ce3-b3cb-d1187c8572ad"...#
#2026 07 22 03:57:40.239#Z#DEBUG#435a90b7-8581-11f1-952a-eeee0a8c50ce.OPERATION#flowable-async-job-executor-thread-1619#
[ExecuteTaskStep] Task execution status: succeeded#
#2026 07 22 03:57:40.241#Z#DEBUG#435a90b7-8581-11f1-952a-eeee0a8c50ce.OPERATION#flowable-async-job-executor-thread-1619#
[ExecuteTaskStep] Getting application guid "salesorderapp-db-deployer"...#
#2026 07 22 03:57:40.341#Z#DEBUG#435a90b7-8581-11f1-952a-eeee0a8c50ce.OPERATION#flowable-async-job-executor-thread-1619#
Step "Execute Task" finished#
#2026 07 22 03:57:40.346#Z#INFO#435a90b7-8581-11f1-952a-eeee0a8c50ce.OPERATION#flowable-async-job-executor-thread-2998#
[RestartAppStep] Application "salesorderapp-srv" started and available at "8fd6ac6ctrial-dev-salesorderapp-srv.cfapps.us10-001.hana.ondemand.com"#
#2026 07 22 03:57:40.353#Z#DEBUG#435a90b7-8581-11f1-952a-eeee0a8c50ce.OPERATION#flowable-async-job-executor-thread-2998#
Step "Start App" finished#
#2026 07 22 03:57:40.392#Z#DEBUG#435a90b7-8581-11f1-952a-eeee0a8c50ce.OPERATION#flowable-async-job-executor-thread-1620#
[IncrementIndexStep] Executing task "incrementTaskIndexTask" of process "701dea71-8581-11f1-952a-eeee0a8c50ce"...#
#2026 07 22 03:57:40.396#Z#DEBUG#435a90b7-8581-11f1-952a-eeee0a8c50ce.OPERATION#flowable-async-job-executor-thread-1620#
Step "Increment Task Index" finished#
#2026 07 22 03:57:40.489#Z#DEBUG#435a90b7-8581-11f1-952a-eeee0a8c50ce.OPERATION#flowable-async-job-executor-thread-1621#
[PublishConfigurationEntriesStep] Executing task "publishProvidedDependenciesTask" of process "4e1c514f-8581-11f1-952a-eeee0a8c50ce"...#
#2026 07 22 03:57:40.490#Z#DEBUG#435a90b7-8581-11f1-952a-eeee0a8c50ce.OPERATION#flowable-async-job-executor-thread-1621#
[PublishConfigurationEntriesStep] Publishing public provided dependencies for application "salesorderapp-db-deployer"...#
#2026 07 22 03:57:40.491#Z#DEBUG#435a90b7-8581-11f1-952a-eeee0a8c50ce.OPERATION#flowable-async-job-executor-thread-1621#
[PublishConfigurationEntriesStep] No public provided dependencies for publishing#
#2026 07 22 03:57:40.491#Z#DEBUG#435a90b7-8581-11f1-952a-eeee0a8c50ce.OPERATION#flowable-async-job-executor-thread-1621#
Step "Publish Provided Dependencies" finished#
#2026 07 22 03:57:40.535#Z#DEBUG#435a90b7-8581-11f1-952a-eeee0a8c50ce.OPERATION#flowable-async-job-executor-thread-1622#
[CreateOrUpdateServiceBrokerStep] Executing task "createOrUpdateServiceBrokerTask" of process "4e1c514f-8581-11f1-952a-eeee0a8c50ce"...#
#2026 07 22 03:57:40.537#Z#DEBUG#435a90b7-8581-11f1-952a-eeee0a8c50ce.OPERATION#flowable-async-job-executor-thread-1622#
[CreateOrUpdateServiceBrokerStep] Creating service brokers...#
#2026 07 22 03:57:40.538#Z#DEBUG#435a90b7-8581-11f1-952a-eeee0a8c50ce.OPERATION#flowable-async-job-executor-thread-1622#
Step "Create Or Update Service Broker " finished#
#2026 07 22 03:57:50.257#Z#DEBUG#435a90b7-8581-11f1-952a-eeee0a8c50ce.OPERATION#flowable-async-job-executor-thread-3005#
[RestartAppStep] Executing task "startAppTask" of process "7c073b34-8581-11f1-952a-eeee0a8c50ce"...#
#2026 07 22 03:57:50.258#Z#DEBUG#435a90b7-8581-11f1-952a-eeee0a8c50ce.OPERATION#flowable-async-job-executor-thread-3005#
[RestartAppStep] Application start timeout is default one: 3,600 seconds#
#2026 07 22 03:57:50.260#Z#DEBUG#435a90b7-8581-11f1-952a-eeee0a8c50ce.OPERATION#flowable-async-job-executor-thread-3005#
[RestartAppStep] Checking status of application "salesorderapp-ui"...#
#2026 07 22 03:57:50.260#Z#DEBUG#435a90b7-8581-11f1-952a-eeee0a8c50ce.OPERATION#flowable-async-job-executor-thread-3005#
[RestartAppStep] Getting instances for application "salesorderapp-ui"...#
#2026 07 22 03:57:50.276#Z#DEBUG#435a90b7-8581-11f1-952a-eeee0a8c50ce.OPERATION#flowable-async-job-executor-thread-3004#
[RestartAppStep] Executing task "startAppTask" of process "7c0ae4cf-8581-11f1-952a-eeee0a8c50ce"...#
#2026 07 22 03:57:50.278#Z#DEBUG#435a90b7-8581-11f1-952a-eeee0a8c50ce.OPERATION#flowable-async-job-executor-thread-3004#
[RestartAppStep] Application start timeout is default one: 3,600 seconds#
#2026 07 22 03:57:50.280#Z#DEBUG#435a90b7-8581-11f1-952a-eeee0a8c50ce.OPERATION#flowable-async-job-executor-thread-3004#
Step "Start App" finished#
#2026 07 22 03:57:50.309#Z#DEBUG#435a90b7-8581-11f1-952a-eeee0a8c50ce.OPERATION#flowable-async-job-executor-thread-3005#
[RestartAppStep] Application "salesorderapp-ui": 0 of 1 instances running (1 starting)#
#2026 07 22 03:57:50.344#Z#DEBUG#435a90b7-8581-11f1-952a-eeee0a8c50ce.OPERATION#flowable-async-job-executor-thread-3005#
Step "Start App" finished#
#2026 07 22 03:57:50.368#Z#DEBUG#435a90b7-8581-11f1-952a-eeee0a8c50ce.OPERATION#flowable-async-job-executor-thread-3004#
[PrepareToExecuteTasksStep] Executing task "prepareToExecuteTasksTask" of process "81fc8025-8581-11f1-952a-eeee0a8c50ce"...#
#2026 07 22 03:57:50.369#Z#DEBUG#435a90b7-8581-11f1-952a-eeee0a8c50ce.OPERATION#flowable-async-job-executor-thread-3004#
Step "Prepare To Execute Tasks" finished#
#2026 07 22 03:57:50.432#Z#DEBUG#435a90b7-8581-11f1-952a-eeee0a8c50ce.OPERATION#flowable-async-job-executor-thread-3004#
[PublishConfigurationEntriesStep] Executing task "publishProvidedDependenciesTask" of process "81f5f054-8581-11f1-952a-eeee0a8c50ce"...#
#2026 07 22 03:57:50.433#Z#DEBUG#435a90b7-8581-11f1-952a-eeee0a8c50ce.OPERATION#flowable-async-job-executor-thread-3004#
[PublishConfigurationEntriesStep] Publishing public provided dependencies for application "salesorderapp-srv"...#
#2026 07 22 03:57:50.434#Z#DEBUG#435a90b7-8581-11f1-952a-eeee0a8c50ce.OPERATION#flowable-async-job-executor-thread-3004#
[PublishConfigurationEntriesStep] No public provided dependencies for publishing#
#2026 07 22 03:57:50.434#Z#DEBUG#435a90b7-8581-11f1-952a-eeee0a8c50ce.OPERATION#flowable-async-job-executor-thread-3004#
Step "Publish Provided Dependencies" finished#
#2026 07 22 03:57:50.463#Z#DEBUG#435a90b7-8581-11f1-952a-eeee0a8c50ce.OPERATION#flowable-async-job-executor-thread-3004#
[CreateOrUpdateServiceBrokerStep] Executing task "createOrUpdateServiceBrokerTask" of process "81f5f054-8581-11f1-952a-eeee0a8c50ce"...#
#2026 07 22 03:57:50.464#Z#DEBUG#435a90b7-8581-11f1-952a-eeee0a8c50ce.OPERATION#flowable-async-job-executor-thread-3004#
[CreateOrUpdateServiceBrokerStep] Creating service brokers...#
#2026 07 22 03:57:50.465#Z#DEBUG#435a90b7-8581-11f1-952a-eeee0a8c50ce.OPERATION#flowable-async-job-executor-thread-3004#
Step "Create Or Update Service Broker " finished#
#2026 07 22 03:58:00.534#Z#DEBUG#435a90b7-8581-11f1-952a-eeee0a8c50ce.OPERATION#flowable-async-job-executor-thread-3011#
[RestartAppStep] Executing task "startAppTask" of process "81ff8d75-8581-11f1-952a-eeee0a8c50ce"...#
#2026 07 22 03:58:00.537#Z#DEBUG#435a90b7-8581-11f1-952a-eeee0a8c50ce.OPERATION#flowable-async-job-executor-thread-3011#
[RestartAppStep] Application start timeout is default one: 3,600 seconds#
#2026 07 22 03:58:00.538#Z#DEBUG#435a90b7-8581-11f1-952a-eeee0a8c50ce.OPERATION#flowable-async-job-executor-thread-3011#
[RestartAppStep] Checking status of application "salesorderapp-ui"...#
#2026 07 22 03:58:00.538#Z#DEBUG#435a90b7-8581-11f1-952a-eeee0a8c50ce.OPERATION#flowable-async-job-executor-thread-3011#
[RestartAppStep] Getting instances for application "salesorderapp-ui"...#
#2026 07 22 03:58:00.592#Z#DEBUG#435a90b7-8581-11f1-952a-eeee0a8c50ce.OPERATION#flowable-async-job-executor-thread-3011#
[RestartAppStep] Application "salesorderapp-ui": 0 of 1 instances running (1 starting)#
#2026 07 22 03:58:00.624#Z#DEBUG#435a90b7-8581-11f1-952a-eeee0a8c50ce.OPERATION#flowable-async-job-executor-thread-3011#
Step "Start App" finished#
#2026 07 22 03:58:10.457#Z#DEBUG#435a90b7-8581-11f1-952a-eeee0a8c50ce.OPERATION#flowable-async-job-executor-thread-3017#
[RestartAppStep] Executing task "startAppTask" of process "88202749-8581-11f1-952a-eeee0a8c50ce"...#
#2026 07 22 03:58:10.459#Z#DEBUG#435a90b7-8581-11f1-952a-eeee0a8c50ce.OPERATION#flowable-async-job-executor-thread-3017#
[RestartAppStep] Application start timeout is default one: 3,600 seconds#
#2026 07 22 03:58:10.461#Z#DEBUG#435a90b7-8581-11f1-952a-eeee0a8c50ce.OPERATION#flowable-async-job-executor-thread-3017#
[RestartAppStep] Checking status of application "salesorderapp-ui"...#
#2026 07 22 03:58:10.461#Z#DEBUG#435a90b7-8581-11f1-952a-eeee0a8c50ce.OPERATION#flowable-async-job-executor-thread-3017#
[RestartAppStep] Getting instances for application "salesorderapp-ui"...#
#2026 07 22 03:58:10.512#Z#DEBUG#435a90b7-8581-11f1-952a-eeee0a8c50ce.OPERATION#flowable-async-job-executor-thread-3017#
[RestartAppStep] Application "salesorderapp-ui": 0 of 1 instances running (1 starting)#
#2026 07 22 03:58:10.573#Z#DEBUG#435a90b7-8581-11f1-952a-eeee0a8c50ce.OPERATION#flowable-async-job-executor-thread-3017#
Step "Start App" finished#
#2026 07 22 03:58:20.522#Z#DEBUG#435a90b7-8581-11f1-952a-eeee0a8c50ce.OPERATION#flowable-async-job-executor-thread-3024#
[RestartAppStep] Executing task "startAppTask" of process "8e0fee4d-8581-11f1-952a-eeee0a8c50ce"...#
#2026 07 22 03:58:20.524#Z#DEBUG#435a90b7-8581-11f1-952a-eeee0a8c50ce.OPERATION#flowable-async-job-executor-thread-3024#
[RestartAppStep] Application start timeout is default one: 3,600 seconds#
#2026 07 22 03:58:20.524#Z#DEBUG#435a90b7-8581-11f1-952a-eeee0a8c50ce.OPERATION#flowable-async-job-executor-thread-3024#
[RestartAppStep] Checking status of application "salesorderapp-ui"...#
#2026 07 22 03:58:20.525#Z#DEBUG#435a90b7-8581-11f1-952a-eeee0a8c50ce.OPERATION#flowable-async-job-executor-thread-3024#
[RestartAppStep] Getting instances for application "salesorderapp-ui"...#
#2026 07 22 03:58:20.568#Z#DEBUG#435a90b7-8581-11f1-952a-eeee0a8c50ce.OPERATION#flowable-async-job-executor-thread-3024#
[RestartAppStep] Application "salesorderapp-ui": 0 of 1 instances running (1 crashed)#
#2026 07 22 03:58:20.633#Z#ERROR#435a90b7-8581-11f1-952a-eeee0a8c50ce.OPERATION#flowable-async-job-executor-thread-3024#
[RestartAppStep] Error starting application "salesorderapp-ui": Some instances have crashed. Check the application logs of your application for details.#
#2026 07 22 03:58:20.673#Z#INFO#435a90b7-8581-11f1-952a-eeee0a8c50ce.OPERATION#flowable-async-job-executor-thread-3024#
[RestartAppStep] Download the MTA operation logs for more details.#
#2026 07 22 03:58:20.692#Z#DEBUG#435a90b7-8581-11f1-952a-eeee0a8c50ce.OPERATION#flowable-async-job-executor-thread-3024#
Step "Start App" finished#
#2026 07 22 03:58:21.490#Z#DEBUG#435a90b7-8581-11f1-952a-eeee0a8c50ce.OPERATION#flowable-async-job-executor-thread-3018#
[RestartAppStep] Executing task "startAppTask" of process "8e0fee4d-8581-11f1-952a-eeee0a8c50ce"...#
#2026 07 22 03:58:21.494#Z#DEBUG#435a90b7-8581-11f1-952a-eeee0a8c50ce.OPERATION#flowable-async-job-executor-thread-3018#
[RestartAppStep] Application start timeout is default one: 3,600 seconds#
#2026 07 22 03:58:21.570#Z#DEBUG#435a90b7-8581-11f1-952a-eeee0a8c50ce.OPERATION#flowable-async-job-executor-thread-3018#
[RestartAppStep] Getting application "salesorderapp-ui"...#
#2026 07 22 03:58:21.620#Z#INFO#435a90b7-8581-11f1-952a-eeee0a8c50ce.OPERATION#flowable-async-job-executor-thread-3018#
[RestartAppStep] Stopping application "salesorderapp-ui"...#
#2026 07 22 03:58:21.627#Z#DEBUG#435a90b7-8581-11f1-952a-eeee0a8c50ce.OPERATION#flowable-async-job-executor-thread-3018#
[RestartAppStep] Stopping application "salesorderapp-ui"...#
#2026 07 22 03:58:21.787#Z#INFO#435a90b7-8581-11f1-952a-eeee0a8c50ce.OPERATION#flowable-async-job-executor-thread-3018#
[RestartAppStep] Starting application "salesorderapp-ui"...#
#2026 07 22 03:58:21.792#Z#DEBUG#435a90b7-8581-11f1-952a-eeee0a8c50ce.OPERATION#flowable-async-job-executor-thread-3018#
[RestartAppStep] Starting application "salesorderapp-ui"...#
#2026 07 22 03:58:21.992#Z#DEBUG#435a90b7-8581-11f1-952a-eeee0a8c50ce.OPERATION#flowable-async-job-executor-thread-3018#
Step "Start App" finished#
#2026 07 22 03:58:30.573#Z#DEBUG#435a90b7-8581-11f1-952a-eeee0a8c50ce.OPERATION#flowable-async-job-executor-thread-3030#
[RestartAppStep] Executing task "startAppTask" of process "94dc80a7-8581-11f1-952a-eeee0a8c50ce"...#
#2026 07 22 03:58:30.575#Z#DEBUG#435a90b7-8581-11f1-952a-eeee0a8c50ce.OPERATION#flowable-async-job-executor-thread-3030#
[RestartAppStep] Application start timeout is default one: 3,600 seconds#
#2026 07 22 03:58:30.576#Z#DEBUG#435a90b7-8581-11f1-952a-eeee0a8c50ce.OPERATION#flowable-async-job-executor-thread-3030#
[RestartAppStep] Checking status of application "salesorderapp-ui"...#
#2026 07 22 03:58:30.578#Z#DEBUG#435a90b7-8581-11f1-952a-eeee0a8c50ce.OPERATION#flowable-async-job-executor-thread-3030#
[RestartAppStep] Getting instances for application "salesorderapp-ui"...#
#2026 07 22 03:58:30.634#Z#DEBUG#435a90b7-8581-11f1-952a-eeee0a8c50ce.OPERATION#flowable-async-job-executor-thread-3030#
[RestartAppStep] Application "salesorderapp-ui": 0 of 1 instances running (1 starting)#
#2026 07 22 03:58:30.687#Z#DEBUG#435a90b7-8581-11f1-952a-eeee0a8c50ce.OPERATION#flowable-async-job-executor-thread-3030#
Step "Start App" finished#
#2026 07 22 03:58:40.731#Z#DEBUG#435a90b7-8581-11f1-952a-eeee0a8c50ce.OPERATION#flowable-async-job-executor-thread-3037#
[RestartAppStep] Executing task "startAppTask" of process "9a0b67d9-8581-11f1-952a-eeee0a8c50ce"...#
#2026 07 22 03:58:40.734#Z#DEBUG#435a90b7-8581-11f1-952a-eeee0a8c50ce.OPERATION#flowable-async-job-executor-thread-3037#
[RestartAppStep] Application start timeout is default one: 3,600 seconds#
#2026 07 22 03:58:40.735#Z#DEBUG#435a90b7-8581-11f1-952a-eeee0a8c50ce.OPERATION#flowable-async-job-executor-thread-3037#
[RestartAppStep] Checking status of application "salesorderapp-ui"...#
#2026 07 22 03:58:40.736#Z#DEBUG#435a90b7-8581-11f1-952a-eeee0a8c50ce.OPERATION#flowable-async-job-executor-thread-3037#
[RestartAppStep] Getting instances for application "salesorderapp-ui"...#
#2026 07 22 03:58:40.795#Z#DEBUG#435a90b7-8581-11f1-952a-eeee0a8c50ce.OPERATION#flowable-async-job-executor-thread-3037#
[RestartAppStep] Application "salesorderapp-ui": 0 of 1 instances running (1 starting)#
#2026 07 22 03:58:40.904#Z#DEBUG#435a90b7-8581-11f1-952a-eeee0a8c50ce.OPERATION#flowable-async-job-executor-thread-3037#
Step "Start App" finished#
#2026 07 22 03:58:50.874#Z#DEBUG#435a90b7-8581-11f1-952a-eeee0a8c50ce.OPERATION#flowable-async-job-executor-thread-3048#
[RestartAppStep] Executing task "startAppTask" of process "a0239e34-8581-11f1-952a-eeee0a8c50ce"...#
#2026 07 22 03:58:50.875#Z#DEBUG#435a90b7-8581-11f1-952a-eeee0a8c50ce.OPERATION#flowable-async-job-executor-thread-3048#
[RestartAppStep] Application start timeout is default one: 3,600 seconds#
#2026 07 22 03:58:50.876#Z#DEBUG#435a90b7-8581-11f1-952a-eeee0a8c50ce.OPERATION#flowable-async-job-executor-thread-3048#
[RestartAppStep] Checking status of application "salesorderapp-ui"...#
#2026 07 22 03:58:50.877#Z#DEBUG#435a90b7-8581-11f1-952a-eeee0a8c50ce.OPERATION#flowable-async-job-executor-thread-3048#
[RestartAppStep] Getting instances for application "salesorderapp-ui"...#
#2026 07 22 03:58:50.917#Z#DEBUG#435a90b7-8581-11f1-952a-eeee0a8c50ce.OPERATION#flowable-async-job-executor-thread-3048#
[RestartAppStep] Application "salesorderapp-ui": 0 of 1 instances running (1 starting)#
#2026 07 22 03:58:50.974#Z#DEBUG#435a90b7-8581-11f1-952a-eeee0a8c50ce.OPERATION#flowable-async-job-executor-thread-3048#
Step "Start App" finished#
#2026 07 22 03:59:00.987#Z#DEBUG#435a90b7-8581-11f1-952a-eeee0a8c50ce.OPERATION#flowable-async-job-executor-thread-3049#
[RestartAppStep] Executing task "startAppTask" of process "a6231b68-8581-11f1-952a-eeee0a8c50ce"...#
#2026 07 22 03:59:00.989#Z#DEBUG#435a90b7-8581-11f1-952a-eeee0a8c50ce.OPERATION#flowable-async-job-executor-thread-3049#
[RestartAppStep] Application start timeout is default one: 3,600 seconds#
#2026 07 22 03:59:00.989#Z#DEBUG#435a90b7-8581-11f1-952a-eeee0a8c50ce.OPERATION#flowable-async-job-executor-thread-3049#
[RestartAppStep] Checking status of application "salesorderapp-ui"...#
#2026 07 22 03:59:00.990#Z#DEBUG#435a90b7-8581-11f1-952a-eeee0a8c50ce.OPERATION#flowable-async-job-executor-thread-3049#
[RestartAppStep] Getting instances for application "salesorderapp-ui"...#
#2026 07 22 03:59:01.048#Z#DEBUG#435a90b7-8581-11f1-952a-eeee0a8c50ce.OPERATION#flowable-async-job-executor-thread-3049#
[RestartAppStep] Application "salesorderapp-ui": 0 of 1 instances running (1 starting)#
#2026 07 22 03:59:01.078#Z#DEBUG#435a90b7-8581-11f1-952a-eeee0a8c50ce.OPERATION#flowable-async-job-executor-thread-3049#
Step "Start App" finished#
#2026 07 22 03:59:11.086#Z#DEBUG#435a90b7-8581-11f1-952a-eeee0a8c50ce.OPERATION#flowable-async-job-executor-thread-3058#
[RestartAppStep] Executing task "startAppTask" of process "ac28b491-8581-11f1-952a-eeee0a8c50ce"...#
#2026 07 22 03:59:11.087#Z#DEBUG#435a90b7-8581-11f1-952a-eeee0a8c50ce.OPERATION#flowable-async-job-executor-thread-3058#
[RestartAppStep] Application start timeout is default one: 3,600 seconds#
#2026 07 22 03:59:11.088#Z#DEBUG#435a90b7-8581-11f1-952a-eeee0a8c50ce.OPERATION#flowable-async-job-executor-thread-3058#
[RestartAppStep] Checking status of application "salesorderapp-ui"...#
#2026 07 22 03:59:11.089#Z#DEBUG#435a90b7-8581-11f1-952a-eeee0a8c50ce.OPERATION#flowable-async-job-executor-thread-3058#
[RestartAppStep] Getting instances for application "salesorderapp-ui"...#
#2026 07 22 03:59:11.143#Z#DEBUG#435a90b7-8581-11f1-952a-eeee0a8c50ce.OPERATION#flowable-async-job-executor-thread-3058#
[RestartAppStep] Application "salesorderapp-ui": 0 of 1 instances running (1 crashed)#
#2026 07 22 03:59:11.183#Z#ERROR#435a90b7-8581-11f1-952a-eeee0a8c50ce.OPERATION#flowable-async-job-executor-thread-3058#
[RestartAppStep] Error starting application "salesorderapp-ui": Some instances have crashed. Check the application logs of your application for details.#
#2026 07 22 03:59:11.190#Z#INFO#435a90b7-8581-11f1-952a-eeee0a8c50ce.OPERATION#flowable-async-job-executor-thread-3058#
[RestartAppStep] Download the MTA operation logs for more details.#
#2026 07 22 03:59:11.197#Z#DEBUG#435a90b7-8581-11f1-952a-eeee0a8c50ce.OPERATION#flowable-async-job-executor-thread-3058#
Step "Start App" finished#
#2026 07 22 03:59:13.014#Z#DEBUG#435a90b7-8581-11f1-952a-eeee0a8c50ce.OPERATION#flowable-async-job-executor-thread-3064#
[RestartAppStep] Executing task "startAppTask" of process "ac28b491-8581-11f1-952a-eeee0a8c50ce"...#
#2026 07 22 03:59:13.016#Z#DEBUG#435a90b7-8581-11f1-952a-eeee0a8c50ce.OPERATION#flowable-async-job-executor-thread-3064#
[RestartAppStep] Application start timeout is default one: 3,600 seconds#
#2026 07 22 03:59:13.095#Z#DEBUG#435a90b7-8581-11f1-952a-eeee0a8c50ce.OPERATION#flowable-async-job-executor-thread-3064#
[RestartAppStep] Getting application "salesorderapp-ui"...#
#2026 07 22 03:59:13.131#Z#INFO#435a90b7-8581-11f1-952a-eeee0a8c50ce.OPERATION#flowable-async-job-executor-thread-3064#
[RestartAppStep] Stopping application "salesorderapp-ui"...#
#2026 07 22 03:59:13.137#Z#DEBUG#435a90b7-8581-11f1-952a-eeee0a8c50ce.OPERATION#flowable-async-job-executor-thread-3064#
[RestartAppStep] Stopping application "salesorderapp-ui"...#
#2026 07 22 03:59:13.253#Z#INFO#435a90b7-8581-11f1-952a-eeee0a8c50ce.OPERATION#flowable-async-job-executor-thread-3064#
[RestartAppStep] Starting application "salesorderapp-ui"...#
#2026 07 22 03:59:13.260#Z#DEBUG#435a90b7-8581-11f1-952a-eeee0a8c50ce.OPERATION#flowable-async-job-executor-thread-3064#
[RestartAppStep] Starting application "salesorderapp-ui"...#
#2026 07 22 03:59:13.448#Z#DEBUG#435a90b7-8581-11f1-952a-eeee0a8c50ce.OPERATION#flowable-async-job-executor-thread-3064#
Step "Start App" finished#
#2026 07 22 03:59:21.219#Z#DEBUG#435a90b7-8581-11f1-952a-eeee0a8c50ce.OPERATION#flowable-async-job-executor-thread-3067#
[RestartAppStep] Executing task "startAppTask" of process "b388373c-8581-11f1-952a-eeee0a8c50ce"...#
#2026 07 22 03:59:21.222#Z#DEBUG#435a90b7-8581-11f1-952a-eeee0a8c50ce.OPERATION#flowable-async-job-executor-thread-3067#
[RestartAppStep] Application start timeout is default one: 3,600 seconds#
#2026 07 22 03:59:21.223#Z#DEBUG#435a90b7-8581-11f1-952a-eeee0a8c50ce.OPERATION#flowable-async-job-executor-thread-3067#
[RestartAppStep] Checking status of application "salesorderapp-ui"...#
#2026 07 22 03:59:21.224#Z#DEBUG#435a90b7-8581-11f1-952a-eeee0a8c50ce.OPERATION#flowable-async-job-executor-thread-3067#
[RestartAppStep] Getting instances for application "salesorderapp-ui"...#
#2026 07 22 03:59:21.258#Z#DEBUG#435a90b7-8581-11f1-952a-eeee0a8c50ce.OPERATION#flowable-async-job-executor-thread-3067#
[RestartAppStep] Application "salesorderapp-ui": 0 of 1 instances running (1 starting)#
#2026 07 22 03:59:21.322#Z#DEBUG#435a90b7-8581-11f1-952a-eeee0a8c50ce.OPERATION#flowable-async-job-executor-thread-3067#
Step "Start App" finished#
#2026 07 22 03:59:31.249#Z#DEBUG#435a90b7-8581-11f1-952a-eeee0a8c50ce.OPERATION#flowable-async-job-executor-thread-3080#
[RestartAppStep] Executing task "startAppTask" of process "b839d8d3-8581-11f1-952a-eeee0a8c50ce"...#
#2026 07 22 03:59:31.250#Z#DEBUG#435a90b7-8581-11f1-952a-eeee0a8c50ce.OPERATION#flowable-async-job-executor-thread-3080#
[RestartAppStep] Application start timeout is default one: 3,600 seconds#
#2026 07 22 03:59:31.251#Z#DEBUG#435a90b7-8581-11f1-952a-eeee0a8c50ce.OPERATION#flowable-async-job-executor-thread-3080#
[RestartAppStep] Checking status of application "salesorderapp-ui"...#
#2026 07 22 03:59:31.252#Z#DEBUG#435a90b7-8581-11f1-952a-eeee0a8c50ce.OPERATION#flowable-async-job-executor-thread-3080#
[RestartAppStep] Getting instances for application "salesorderapp-ui"...#
#2026 07 22 03:59:31.290#Z#DEBUG#435a90b7-8581-11f1-952a-eeee0a8c50ce.OPERATION#flowable-async-job-executor-thread-3080#
[RestartAppStep] Application "salesorderapp-ui": 0 of 1 instances running (1 starting)#
#2026 07 22 03:59:31.343#Z#DEBUG#435a90b7-8581-11f1-952a-eeee0a8c50ce.OPERATION#flowable-async-job-executor-thread-3080#
Step "Start App" finished#
#2026 07 22 03:59:41.295#Z#DEBUG#435a90b7-8581-11f1-952a-eeee0a8c50ce.OPERATION#flowable-async-job-executor-thread-3087#
[RestartAppStep] Executing task "startAppTask" of process "be32c6dc-8581-11f1-952a-eeee0a8c50ce"...#
#2026 07 22 03:59:41.297#Z#DEBUG#435a90b7-8581-11f1-952a-eeee0a8c50ce.OPERATION#flowable-async-job-executor-thread-3087#
[RestartAppStep] Application start timeout is default one: 3,600 seconds#
#2026 07 22 03:59:41.298#Z#DEBUG#435a90b7-8581-11f1-952a-eeee0a8c50ce.OPERATION#flowable-async-job-executor-thread-3087#
[RestartAppStep] Checking status of application "salesorderapp-ui"...#
#2026 07 22 03:59:41.299#Z#DEBUG#435a90b7-8581-11f1-952a-eeee0a8c50ce.OPERATION#flowable-async-job-executor-thread-3087#
[RestartAppStep] Getting instances for application "salesorderapp-ui"...#
#2026 07 22 03:59:41.342#Z#DEBUG#435a90b7-8581-11f1-952a-eeee0a8c50ce.OPERATION#flowable-async-job-executor-thread-3087#
[RestartAppStep] Application "salesorderapp-ui": 0 of 1 instances running (1 starting)#
#2026 07 22 03:59:41.370#Z#DEBUG#435a90b7-8581-11f1-952a-eeee0a8c50ce.OPERATION#flowable-async-job-executor-thread-3087#
Step "Start App" finished#
#2026 07 22 03:59:51.374#Z#DEBUG#435a90b7-8581-11f1-952a-eeee0a8c50ce.OPERATION#flowable-async-job-executor-thread-3082#
[RestartAppStep] Executing task "startAppTask" of process "c42ceda3-8581-11f1-952a-eeee0a8c50ce"...#
#2026 07 22 03:59:51.376#Z#DEBUG#435a90b7-8581-11f1-952a-eeee0a8c50ce.OPERATION#flowable-async-job-executor-thread-3082#
[RestartAppStep] Application start timeout is default one: 3,600 seconds#
#2026 07 22 03:59:51.377#Z#DEBUG#435a90b7-8581-11f1-952a-eeee0a8c50ce.OPERATION#flowable-async-job-executor-thread-3082#
[RestartAppStep] Checking status of application "salesorderapp-ui"...#
#2026 07 22 03:59:51.378#Z#DEBUG#435a90b7-8581-11f1-952a-eeee0a8c50ce.OPERATION#flowable-async-job-executor-thread-3082#
[RestartAppStep] Getting instances for application "salesorderapp-ui"...#
#2026 07 22 03:59:51.455#Z#DEBUG#435a90b7-8581-11f1-952a-eeee0a8c50ce.OPERATION#flowable-async-job-executor-thread-3082#
[RestartAppStep] Application "salesorderapp-ui": 0 of 1 instances running (1 starting)#
#2026 07 22 03:59:51.492#Z#DEBUG#435a90b7-8581-11f1-952a-eeee0a8c50ce.OPERATION#flowable-async-job-executor-thread-3082#
Step "Start App" finished#
#2026 07 22 04:00:01.458#Z#DEBUG#435a90b7-8581-11f1-952a-eeee0a8c50ce.OPERATION#flowable-async-job-executor-thread-3089#
[RestartAppStep] Executing task "startAppTask" of process "ca35b9f5-8581-11f1-952a-eeee0a8c50ce"...#
#2026 07 22 04:00:01.460#Z#DEBUG#435a90b7-8581-11f1-952a-eeee0a8c50ce.OPERATION#flowable-async-job-executor-thread-3089#
[RestartAppStep] Application start timeout is default one: 3,600 seconds#
#2026 07 22 04:00:01.461#Z#DEBUG#435a90b7-8581-11f1-952a-eeee0a8c50ce.OPERATION#flowable-async-job-executor-thread-3089#
[RestartAppStep] Checking status of application "salesorderapp-ui"...#
#2026 07 22 04:00:01.462#Z#DEBUG#435a90b7-8581-11f1-952a-eeee0a8c50ce.OPERATION#flowable-async-job-executor-thread-3089#
[RestartAppStep] Getting instances for application "salesorderapp-ui"...#
#2026 07 22 04:00:01.517#Z#DEBUG#435a90b7-8581-11f1-952a-eeee0a8c50ce.OPERATION#flowable-async-job-executor-thread-3089#
[RestartAppStep] Application "salesorderapp-ui": 0 of 1 instances running (1 crashed)#
#2026 07 22 04:00:01.554#Z#ERROR#435a90b7-8581-11f1-952a-eeee0a8c50ce.OPERATION#flowable-async-job-executor-thread-3089#
[RestartAppStep] Error starting application "salesorderapp-ui": Some instances have crashed. Check the application logs of your application for details.#
#2026 07 22 04:00:01.560#Z#INFO#435a90b7-8581-11f1-952a-eeee0a8c50ce.OPERATION#flowable-async-job-executor-thread-3089#
[RestartAppStep] Download the MTA operation logs for more details.#
#2026 07 22 04:00:01.564#Z#DEBUG#435a90b7-8581-11f1-952a-eeee0a8c50ce.OPERATION#flowable-async-job-executor-thread-3089#
Step "Start App" finished#
#2026 07 22 04:00:04.584#Z#DEBUG#435a90b7-8581-11f1-952a-eeee0a8c50ce.OPERATION#flowable-async-job-executor-thread-3090#
[RestartAppStep] Executing task "startAppTask" of process "ca35b9f5-8581-11f1-952a-eeee0a8c50ce"...#
#2026 07 22 04:00:04.587#Z#DEBUG#435a90b7-8581-11f1-952a-eeee0a8c50ce.OPERATION#flowable-async-job-executor-thread-3090#
[RestartAppStep] Application start timeout is default one: 3,600 seconds#
#2026 07 22 04:00:04.658#Z#DEBUG#435a90b7-8581-11f1-952a-eeee0a8c50ce.OPERATION#flowable-async-job-executor-thread-3090#
[RestartAppStep] Getting application "salesorderapp-ui"...#
#2026 07 22 04:00:04.696#Z#INFO#435a90b7-8581-11f1-952a-eeee0a8c50ce.OPERATION#flowable-async-job-executor-thread-3090#
[RestartAppStep] Stopping application "salesorderapp-ui"...#
#2026 07 22 04:00:04.701#Z#DEBUG#435a90b7-8581-11f1-952a-eeee0a8c50ce.OPERATION#flowable-async-job-executor-thread-3090#
[RestartAppStep] Stopping application "salesorderapp-ui"...#
#2026 07 22 04:00:04.829#Z#INFO#435a90b7-8581-11f1-952a-eeee0a8c50ce.OPERATION#flowable-async-job-executor-thread-3090#
[RestartAppStep] Starting application "salesorderapp-ui"...#
#2026 07 22 04:00:04.834#Z#DEBUG#435a90b7-8581-11f1-952a-eeee0a8c50ce.OPERATION#flowable-async-job-executor-thread-3090#
[RestartAppStep] Starting application "salesorderapp-ui"...#
#2026 07 22 04:00:05.018#Z#DEBUG#435a90b7-8581-11f1-952a-eeee0a8c50ce.OPERATION#flowable-async-job-executor-thread-3090#
Step "Start App" finished#
#2026 07 22 04:00:11.485#Z#DEBUG#435a90b7-8581-11f1-952a-eeee0a8c50ce.OPERATION#flowable-async-job-executor-thread-3102#
[RestartAppStep] Executing task "startAppTask" of process "d24505a8-8581-11f1-952a-eeee0a8c50ce"...#
#2026 07 22 04:00:11.487#Z#DEBUG#435a90b7-8581-11f1-952a-eeee0a8c50ce.OPERATION#flowable-async-job-executor-thread-3102#
[RestartAppStep] Application start timeout is default one: 3,600 seconds#
#2026 07 22 04:00:11.489#Z#DEBUG#435a90b7-8581-11f1-952a-eeee0a8c50ce.OPERATION#flowable-async-job-executor-thread-3102#
[RestartAppStep] Checking status of application "salesorderapp-ui"...#
#2026 07 22 04:00:11.490#Z#DEBUG#435a90b7-8581-11f1-952a-eeee0a8c50ce.OPERATION#flowable-async-job-executor-thread-3102#
[RestartAppStep] Getting instances for application "salesorderapp-ui"...#
#2026 07 22 04:00:11.534#Z#DEBUG#435a90b7-8581-11f1-952a-eeee0a8c50ce.OPERATION#flowable-async-job-executor-thread-3102#
[RestartAppStep] Application "salesorderapp-ui": 0 of 1 instances running (1 starting)#
#2026 07 22 04:00:11.588#Z#DEBUG#435a90b7-8581-11f1-952a-eeee0a8c50ce.OPERATION#flowable-async-job-executor-thread-3102#
Step "Start App" finished#
#2026 07 22 04:00:21.593#Z#DEBUG#435a90b7-8581-11f1-952a-eeee0a8c50ce.OPERATION#flowable-async-job-executor-thread-1815#
[RestartAppStep] Executing task "startAppTask" of process "d62f8581-8581-11f1-952a-eeee0a8c50ce"...#
#2026 07 22 04:00:21.597#Z#DEBUG#435a90b7-8581-11f1-952a-eeee0a8c50ce.OPERATION#flowable-async-job-executor-thread-1815#
[RestartAppStep] Application start timeout is default one: 3,600 seconds#
#2026 07 22 04:00:21.599#Z#DEBUG#435a90b7-8581-11f1-952a-eeee0a8c50ce.OPERATION#flowable-async-job-executor-thread-1815#
[RestartAppStep] Checking status of application "salesorderapp-ui"...#
#2026 07 22 04:00:21.600#Z#DEBUG#435a90b7-8581-11f1-952a-eeee0a8c50ce.OPERATION#flowable-async-job-executor-thread-1815#
[RestartAppStep] Getting instances for application "salesorderapp-ui"...#
#2026 07 22 04:00:21.645#Z#DEBUG#435a90b7-8581-11f1-952a-eeee0a8c50ce.OPERATION#flowable-async-job-executor-thread-1815#
[RestartAppStep] Application "salesorderapp-ui": 0 of 1 instances running (1 starting)#
#2026 07 22 04:00:21.708#Z#DEBUG#435a90b7-8581-11f1-952a-eeee0a8c50ce.OPERATION#flowable-async-job-executor-thread-1815#
Step "Start App" finished#
#2026 07 22 04:00:31.689#Z#DEBUG#435a90b7-8581-11f1-952a-eeee0a8c50ce.OPERATION#flowable-async-job-executor-thread-1702#
[RestartAppStep] Executing task "startAppTask" of process "dc3879b1-8581-11f1-87aa-eeee0a901e24"...#
#2026 07 22 04:00:31.692#Z#DEBUG#435a90b7-8581-11f1-952a-eeee0a8c50ce.OPERATION#flowable-async-job-executor-thread-1702#
[RestartAppStep] Application start timeout is default one: 3,600 seconds#
#2026 07 22 04:00:31.693#Z#DEBUG#435a90b7-8581-11f1-952a-eeee0a8c50ce.OPERATION#flowable-async-job-executor-thread-1702#
[RestartAppStep] Checking status of application "salesorderapp-ui"...#
#2026 07 22 04:00:31.694#Z#DEBUG#435a90b7-8581-11f1-952a-eeee0a8c50ce.OPERATION#flowable-async-job-executor-thread-1702#
[RestartAppStep] Getting instances for application "salesorderapp-ui"...#
#2026 07 22 04:00:31.746#Z#DEBUG#435a90b7-8581-11f1-952a-eeee0a8c50ce.OPERATION#flowable-async-job-executor-thread-1702#
[RestartAppStep] Application "salesorderapp-ui": 0 of 1 instances running (1 starting)#
#2026 07 22 04:00:31.816#Z#DEBUG#435a90b7-8581-11f1-952a-eeee0a8c50ce.OPERATION#flowable-async-job-executor-thread-1702#
Step "Start App" finished#
#2026 07 22 04:00:41.738#Z#DEBUG#435a90b7-8581-11f1-952a-eeee0a8c50ce.OPERATION#flowable-async-job-executor-thread-1819#
[RestartAppStep] Executing task "startAppTask" of process "e23e6063-8581-11f1-9480-eeee0a8b0f3e"...#
#2026 07 22 04:00:41.741#Z#DEBUG#435a90b7-8581-11f1-952a-eeee0a8c50ce.OPERATION#flowable-async-job-executor-thread-1819#
[RestartAppStep] Application start timeout is default one: 3,600 seconds#
#2026 07 22 04:00:41.742#Z#DEBUG#435a90b7-8581-11f1-952a-eeee0a8c50ce.OPERATION#flowable-async-job-executor-thread-1819#
[RestartAppStep] Checking status of application "salesorderapp-ui"...#
#2026 07 22 04:00:41.743#Z#DEBUG#435a90b7-8581-11f1-952a-eeee0a8c50ce.OPERATION#flowable-async-job-executor-thread-1819#
[RestartAppStep] Getting instances for application "salesorderapp-ui"...#
#2026 07 22 04:00:41.781#Z#DEBUG#435a90b7-8581-11f1-952a-eeee0a8c50ce.OPERATION#flowable-async-job-executor-thread-1819#
[RestartAppStep] Application "salesorderapp-ui": 0 of 1 instances running (1 starting)#
#2026 07 22 04:00:41.823#Z#DEBUG#435a90b7-8581-11f1-952a-eeee0a8c50ce.OPERATION#flowable-async-job-executor-thread-1819#
Step "Start App" finished#
#2026 07 22 04:00:51.770#Z#DEBUG#435a90b7-8581-11f1-952a-eeee0a8c50ce.OPERATION#flowable-async-job-executor-thread-3134#
[RestartAppStep] Executing task "startAppTask" of process "e83579de-8581-11f1-87aa-eeee0a901e24"...#
#2026 07 22 04:00:51.772#Z#DEBUG#435a90b7-8581-11f1-952a-eeee0a8c50ce.OPERATION#flowable-async-job-executor-thread-3134#
[RestartAppStep] Application start timeout is default one: 3,600 seconds#
#2026 07 22 04:00:51.773#Z#DEBUG#435a90b7-8581-11f1-952a-eeee0a8c50ce.OPERATION#flowable-async-job-executor-thread-3134#
[RestartAppStep] Checking status of application "salesorderapp-ui"...#
#2026 07 22 04:00:51.773#Z#DEBUG#435a90b7-8581-11f1-952a-eeee0a8c50ce.OPERATION#flowable-async-job-executor-thread-3134#
[RestartAppStep] Getting instances for application "salesorderapp-ui"...#
#2026 07 22 04:00:51.835#Z#DEBUG#435a90b7-8581-11f1-952a-eeee0a8c50ce.OPERATION#flowable-async-job-executor-thread-3134#
[RestartAppStep] Application "salesorderapp-ui": 0 of 1 instances running (1 crashed)#
#2026 07 22 04:00:51.870#Z#ERROR#435a90b7-8581-11f1-952a-eeee0a8c50ce.OPERATION#flowable-async-job-executor-thread-3134#
[RestartAppStep] Error starting application "salesorderapp-ui": Some instances have crashed. Check the application logs of your application for details.#
#2026 07 22 04:00:51.875#Z#INFO#435a90b7-8581-11f1-952a-eeee0a8c50ce.OPERATION#flowable-async-job-executor-thread-3134#
[RestartAppStep] Download the MTA operation logs for more details.#
#2026 07 22 04:00:51.881#Z#DEBUG#435a90b7-8581-11f1-952a-eeee0a8c50ce.OPERATION#flowable-async-job-executor-thread-3134#
Step "Start App" finished#
