#2026 07 22 03:57:10.182#Z#DEBUG#435a90b7-8581-11f1-952a-eeee0a8c50ce.salesorderapp-ui#flowable-async-job-executor-thread-2974#
[PollStageAppStatusExecution] af43ed23-8273-4aa0-a6ba-24f0f480a965 [2026-07-22T03:56:22.854583] Updated app with guid af43ed23-8273-4aa0-a6ba-24f0f480a965 ({"lifecycle"=>{"data"=>{"buildpacks"=>["nodejs_buildpack"]}, "type"=>"buildpack"}}) (STDOUT, API)#
#2026 07 22 03:57:10.182#Z#DEBUG#435a90b7-8581-11f1-952a-eeee0a8c50ce.salesorderapp-ui#flowable-async-job-executor-thread-2974#
[PollStageAppStatusExecution] af43ed23-8273-4aa0-a6ba-24f0f480a965 [2026-07-22T03:56:22.940735] Updating process: "web" (STDOUT, API)#
#2026 07 22 03:57:10.182#Z#DEBUG#435a90b7-8581-11f1-952a-eeee0a8c50ce.salesorderapp-ui#flowable-async-job-executor-thread-2974#
[PollStageAppStatusExecution] af43ed23-8273-4aa0-a6ba-24f0f480a965 [2026-07-22T03:56:50.221272] Uploading app package for app with guid af43ed23-8273-4aa0-a6ba-24f0f480a965 (STDOUT, API)#
#2026 07 22 03:57:10.182#Z#DEBUG#435a90b7-8581-11f1-952a-eeee0a8c50ce.salesorderapp-ui#flowable-async-job-executor-thread-2974#
[PollStageAppStatusExecution] af43ed23-8273-4aa0-a6ba-24f0f480a965 [2026-07-22T03:56:50.401827] Updated app with guid af43ed23-8273-4aa0-a6ba-24f0f480a965 ({"environment_variables"=>"[PRIVATE DATA HIDDEN]"}) (STDOUT, API)#
#2026 07 22 03:57:10.182#Z#DEBUG#435a90b7-8581-11f1-952a-eeee0a8c50ce.salesorderapp-ui#flowable-async-job-executor-thread-2974#
[PollStageAppStatusExecution] af43ed23-8273-4aa0-a6ba-24f0f480a965 [2026-07-22T03:57:00.307505] Creating build for app with guid af43ed23-8273-4aa0-a6ba-24f0f480a965 (STDOUT, API)#
#2026 07 22 03:57:10.182#Z#DEBUG#435a90b7-8581-11f1-952a-eeee0a8c50ce.salesorderapp-ui#flowable-async-job-executor-thread-2974#
[PollStageAppStatusExecution] af43ed23-8273-4aa0-a6ba-24f0f480a965 [2026-07-22T03:57:00.738997] Downloading nodejs_buildpack... (STDOUT, STG)#
#2026 07 22 03:57:10.182#Z#DEBUG#435a90b7-8581-11f1-952a-eeee0a8c50ce.salesorderapp-ui#flowable-async-job-executor-thread-2974#
[PollStageAppStatusExecution] af43ed23-8273-4aa0-a6ba-24f0f480a965 [2026-07-22T03:57:00.790006] Downloaded nodejs_buildpack (STDOUT, STG)#
#2026 07 22 03:57:10.182#Z#DEBUG#435a90b7-8581-11f1-952a-eeee0a8c50ce.salesorderapp-ui#flowable-async-job-executor-thread-2974#
[PollStageAppStatusExecution] af43ed23-8273-4aa0-a6ba-24f0f480a965 [2026-07-22T03:57:00.790117] Cell 684caff8-89cd-492b-be01-b3d0835f1763 creating container for instance a1c435af-f1f7-427c-8b70-abd5a77eb93a (STDOUT, STG)#
#2026 07 22 03:57:10.182#Z#DEBUG#435a90b7-8581-11f1-952a-eeee0a8c50ce.salesorderapp-ui#flowable-async-job-executor-thread-2974#
[PollStageAppStatusExecution] af43ed23-8273-4aa0-a6ba-24f0f480a965 [2026-07-22T03:57:01.578298] Security group rules were updated (STDOUT, STG)#
#2026 07 22 03:57:10.182#Z#DEBUG#435a90b7-8581-11f1-952a-eeee0a8c50ce.salesorderapp-ui#flowable-async-job-executor-thread-2974#
[PollStageAppStatusExecution] af43ed23-8273-4aa0-a6ba-24f0f480a965 [2026-07-22T03:57:01.676116] Cell 684caff8-89cd-492b-be01-b3d0835f1763 successfully created container for instance a1c435af-f1f7-427c-8b70-abd5a77eb93a (STDOUT, STG)#
#2026 07 22 03:57:10.182#Z#DEBUG#435a90b7-8581-11f1-952a-eeee0a8c50ce.salesorderapp-ui#flowable-async-job-executor-thread-2974#
[PollStageAppStatusExecution] af43ed23-8273-4aa0-a6ba-24f0f480a965 [2026-07-22T03:57:02.306281] Downloading app package... (STDOUT, STG)#
#2026 07 22 03:57:10.182#Z#DEBUG#435a90b7-8581-11f1-952a-eeee0a8c50ce.salesorderapp-ui#flowable-async-job-executor-thread-2974#
[PollStageAppStatusExecution] af43ed23-8273-4aa0-a6ba-24f0f480a965 [2026-07-22T03:57:02.307249] Downloading build artifacts cache... (STDOUT, STG)#
#2026 07 22 03:57:10.182#Z#DEBUG#435a90b7-8581-11f1-952a-eeee0a8c50ce.salesorderapp-ui#flowable-async-job-executor-thread-2974#
[PollStageAppStatusExecution] af43ed23-8273-4aa0-a6ba-24f0f480a965 [2026-07-22T03:57:02.420320] Downloaded build artifacts cache (216B) (STDOUT, STG)#
#2026 07 22 03:57:10.182#Z#DEBUG#435a90b7-8581-11f1-952a-eeee0a8c50ce.salesorderapp-ui#flowable-async-job-executor-thread-2974#
[PollStageAppStatusExecution] af43ed23-8273-4aa0-a6ba-24f0f480a965 [2026-07-22T03:57:03.271179] Downloaded app package (7.1M) (STDOUT, STG)#
#2026 07 22 03:57:10.182#Z#DEBUG#435a90b7-8581-11f1-952a-eeee0a8c50ce.salesorderapp-ui#flowable-async-job-executor-thread-2974#
[PollStageAppStatusExecution] af43ed23-8273-4aa0-a6ba-24f0f480a965 [2026-07-22T03:57:03.399052] -----> Nodejs Buildpack version 1.9.2 (STDOUT, STG)#
#2026 07 22 03:57:10.182#Z#DEBUG#435a90b7-8581-11f1-952a-eeee0a8c50ce.salesorderapp-ui#flowable-async-job-executor-thread-2974#
[PollStageAppStatusExecution] af43ed23-8273-4aa0-a6ba-24f0f480a965 [2026-07-22T03:57:03.860816] -----> Bootstrapping python (STDOUT, STG)#
#2026 07 22 03:57:10.182#Z#DEBUG#435a90b7-8581-11f1-952a-eeee0a8c50ce.salesorderapp-ui#flowable-async-job-executor-thread-2974#
[PollStageAppStatusExecution] af43ed23-8273-4aa0-a6ba-24f0f480a965 [2026-07-22T03:57:03.860842] -----> Installing python 3.13.13 (STDOUT, STG)#
#2026 07 22 03:57:10.182#Z#DEBUG#435a90b7-8581-11f1-952a-eeee0a8c50ce.salesorderapp-ui#flowable-async-job-executor-thread-2974#
[PollStageAppStatusExecution] af43ed23-8273-4aa0-a6ba-24f0f480a965 [2026-07-22T03:57:03.860872] Copy [/tmp/buildpacks/17bd89c67d092631/dependencies/268a5e3743d51a14b86ea9da64439307/python_3.13.13_linux_x64_cflinuxfs4_8311abbf.tgz] (STDOUT, STG)#
#2026 07 22 03:57:10.182#Z#DEBUG#435a90b7-8581-11f1-952a-eeee0a8c50ce.salesorderapp-ui#flowable-async-job-executor-thread-2974#
[PollStageAppStatusExecution] af43ed23-8273-4aa0-a6ba-24f0f480a965 [2026-07-22T03:57:07.888284] -----> Installing binaries (STDOUT, STG)#
#2026 07 22 03:57:10.182#Z#DEBUG#435a90b7-8581-11f1-952a-eeee0a8c50ce.salesorderapp-ui#flowable-async-job-executor-thread-2974#
[PollStageAppStatusExecution] af43ed23-8273-4aa0-a6ba-24f0f480a965 [2026-07-22T03:57:07.888321] engines.node (package.json): unspecified (STDOUT, STG)#
#2026 07 22 03:57:10.182#Z#DEBUG#435a90b7-8581-11f1-952a-eeee0a8c50ce.salesorderapp-ui#flowable-async-job-executor-thread-2974#
[PollStageAppStatusExecution] af43ed23-8273-4aa0-a6ba-24f0f480a965 [2026-07-22T03:57:07.888326] engines.npm (package.json): unspecified (use default) (STDOUT, STG)#
#2026 07 22 03:57:10.182#Z#DEBUG#435a90b7-8581-11f1-952a-eeee0a8c50ce.salesorderapp-ui#flowable-async-job-executor-thread-2974#
[PollStageAppStatusExecution] af43ed23-8273-4aa0-a6ba-24f0f480a965 [2026-07-22T03:57:07.888333] [31;1m**WARNING**[0m Node version not specified in package.json or .nvmrc. See: http://docs.cloudfoundry.org/buildpacks/node/node-tips.html (STDOUT, STG)#
#2026 07 22 03:57:10.182#Z#DEBUG#435a90b7-8581-11f1-952a-eeee0a8c50ce.salesorderapp-ui#flowable-async-job-executor-thread-2974#
[PollStageAppStatusExecution] af43ed23-8273-4aa0-a6ba-24f0f480a965 [2026-07-22T03:57:07.888407] -----> Installing node 22.22.2 (STDOUT, STG)#
#2026 07 22 03:57:10.182#Z#DEBUG#435a90b7-8581-11f1-952a-eeee0a8c50ce.salesorderapp-ui#flowable-async-job-executor-thread-2974#
[PollStageAppStatusExecution] af43ed23-8273-4aa0-a6ba-24f0f480a965 [2026-07-22T03:57:07.888651] Copy [/tmp/buildpacks/17bd89c67d092631/dependencies/5deea320c19fa94e977cff523ac00f82/node_22.22.2_linux_x64_cflinuxfs4_e5459374.tgz] (STDOUT, STG)#
#2026 07 22 03:57:20.179#Z#DEBUG#435a90b7-8581-11f1-952a-eeee0a8c50ce.salesorderapp-ui#flowable-async-job-executor-thread-2987#
[PollStageAppStatusExecution] af43ed23-8273-4aa0-a6ba-24f0f480a965 [2026-07-22T03:57:10.299723] Using default npm version: 10.9.7 (STDOUT, STG)#
#2026 07 22 03:57:20.179#Z#DEBUG#435a90b7-8581-11f1-952a-eeee0a8c50ce.salesorderapp-ui#flowable-async-job-executor-thread-2987#
[PollStageAppStatusExecution] af43ed23-8273-4aa0-a6ba-24f0f480a965 [2026-07-22T03:57:10.299751] -----> Installing yarn 1.22.22 (STDOUT, STG)#
#2026 07 22 03:57:20.179#Z#DEBUG#435a90b7-8581-11f1-952a-eeee0a8c50ce.salesorderapp-ui#flowable-async-job-executor-thread-2987#
[PollStageAppStatusExecution] af43ed23-8273-4aa0-a6ba-24f0f480a965 [2026-07-22T03:57:10.299881] Copy [/tmp/buildpacks/17bd89c67d092631/dependencies/e4fe26756e9984a665478d350474fa2e/yarn_1.22.22_linux_noarch_any-stack_b6132b86.tgz] (STDOUT, STG)#
#2026 07 22 03:57:20.179#Z#DEBUG#435a90b7-8581-11f1-952a-eeee0a8c50ce.salesorderapp-ui#flowable-async-job-executor-thread-2987#
[PollStageAppStatusExecution] af43ed23-8273-4aa0-a6ba-24f0f480a965 [2026-07-22T03:57:10.636884] Installed yarn 1.22.22 (STDOUT, STG)#
#2026 07 22 03:57:20.179#Z#DEBUG#435a90b7-8581-11f1-952a-eeee0a8c50ce.salesorderapp-ui#flowable-async-job-executor-thread-2987#
[PollStageAppStatusExecution] af43ed23-8273-4aa0-a6ba-24f0f480a965 [2026-07-22T03:57:10.636935] -----> Creating runtime environment (STDOUT, STG)#
#2026 07 22 03:57:20.179#Z#DEBUG#435a90b7-8581-11f1-952a-eeee0a8c50ce.salesorderapp-ui#flowable-async-job-executor-thread-2987#
[PollStageAppStatusExecution] af43ed23-8273-4aa0-a6ba-24f0f480a965 [2026-07-22T03:57:10.638778] NODE_ENV=production (STDOUT, STG)#
#2026 07 22 03:57:20.179#Z#DEBUG#435a90b7-8581-11f1-952a-eeee0a8c50ce.salesorderapp-ui#flowable-async-job-executor-thread-2987#
[PollStageAppStatusExecution] af43ed23-8273-4aa0-a6ba-24f0f480a965 [2026-07-22T03:57:10.638804] NODE_HOME=/tmp/contents285199839/deps/0/node (STDOUT, STG)#
#2026 07 22 03:57:20.179#Z#DEBUG#435a90b7-8581-11f1-952a-eeee0a8c50ce.salesorderapp-ui#flowable-async-job-executor-thread-2987#
[PollStageAppStatusExecution] af43ed23-8273-4aa0-a6ba-24f0f480a965 [2026-07-22T03:57:10.638807] NODE_MODULES_CACHE=true (STDOUT, STG)#
#2026 07 22 03:57:20.179#Z#DEBUG#435a90b7-8581-11f1-952a-eeee0a8c50ce.salesorderapp-ui#flowable-async-job-executor-thread-2987#
[PollStageAppStatusExecution] af43ed23-8273-4aa0-a6ba-24f0f480a965 [2026-07-22T03:57:10.638811] NODE_VERBOSE=false (STDOUT, STG)#
#2026 07 22 03:57:20.179#Z#DEBUG#435a90b7-8581-11f1-952a-eeee0a8c50ce.salesorderapp-ui#flowable-async-job-executor-thread-2987#
[PollStageAppStatusExecution] af43ed23-8273-4aa0-a6ba-24f0f480a965 [2026-07-22T03:57:10.638814] NPM_CONFIG_LOGLEVEL=error (STDOUT, STG)#
#2026 07 22 03:57:20.179#Z#DEBUG#435a90b7-8581-11f1-952a-eeee0a8c50ce.salesorderapp-ui#flowable-async-job-executor-thread-2987#
[PollStageAppStatusExecution] af43ed23-8273-4aa0-a6ba-24f0f480a965 [2026-07-22T03:57:10.638817] NPM_CONFIG_PRODUCTION=true (STDOUT, STG)#
#2026 07 22 03:57:20.180#Z#DEBUG#435a90b7-8581-11f1-952a-eeee0a8c50ce.salesorderapp-ui#flowable-async-job-executor-thread-2987#
[PollStageAppStatusExecution] af43ed23-8273-4aa0-a6ba-24f0f480a965 [2026-07-22T03:57:10.638839] -----> Building dependencies (STDOUT, STG)#
#2026 07 22 03:57:20.180#Z#DEBUG#435a90b7-8581-11f1-952a-eeee0a8c50ce.salesorderapp-ui#flowable-async-job-executor-thread-2987#
[PollStageAppStatusExecution] af43ed23-8273-4aa0-a6ba-24f0f480a965 [2026-07-22T03:57:10.638841] Prebuild detected (node_modules already exists) (STDOUT, STG)#
#2026 07 22 03:57:20.180#Z#DEBUG#435a90b7-8581-11f1-952a-eeee0a8c50ce.salesorderapp-ui#flowable-async-job-executor-thread-2987#
[PollStageAppStatusExecution] af43ed23-8273-4aa0-a6ba-24f0f480a965 [2026-07-22T03:57:10.638846] Rebuilding any native modules (STDOUT, STG)#
#2026 07 22 03:57:20.180#Z#DEBUG#435a90b7-8581-11f1-952a-eeee0a8c50ce.salesorderapp-ui#flowable-async-job-executor-thread-2987#
[PollStageAppStatusExecution] af43ed23-8273-4aa0-a6ba-24f0f480a965 [2026-07-22T03:57:11.394950] rebuilt dependencies successfully (STDOUT, STG)#
#2026 07 22 03:57:20.180#Z#DEBUG#435a90b7-8581-11f1-952a-eeee0a8c50ce.salesorderapp-ui#flowable-async-job-executor-thread-2987#
[PollStageAppStatusExecution] af43ed23-8273-4aa0-a6ba-24f0f480a965 [2026-07-22T03:57:11.395975] npm notice (STDOUT, STG)#
#2026 07 22 03:57:20.180#Z#DEBUG#435a90b7-8581-11f1-952a-eeee0a8c50ce.salesorderapp-ui#flowable-async-job-executor-thread-2987#
[PollStageAppStatusExecution] af43ed23-8273-4aa0-a6ba-24f0f480a965 [2026-07-22T03:57:11.395996] npm notice New major version of npm available! 10.9.7 -> 12.0.1 (STDOUT, STG)#
#2026 07 22 03:57:20.180#Z#DEBUG#435a90b7-8581-11f1-952a-eeee0a8c50ce.salesorderapp-ui#flowable-async-job-executor-thread-2987#
[PollStageAppStatusExecution] af43ed23-8273-4aa0-a6ba-24f0f480a965 [2026-07-22T03:57:11.396001] npm notice Changelog: https://github.com/npm/cli/releases/tag/v12.0.1 (STDOUT, STG)#
#2026 07 22 03:57:20.180#Z#DEBUG#435a90b7-8581-11f1-952a-eeee0a8c50ce.salesorderapp-ui#flowable-async-job-executor-thread-2987#
[PollStageAppStatusExecution] af43ed23-8273-4aa0-a6ba-24f0f480a965 [2026-07-22T03:57:11.396003] npm notice To update run: npm install -g npm@12.0.1 (STDOUT, STG)#
#2026 07 22 03:57:20.180#Z#DEBUG#435a90b7-8581-11f1-952a-eeee0a8c50ce.salesorderapp-ui#flowable-async-job-executor-thread-2987#
[PollStageAppStatusExecution] af43ed23-8273-4aa0-a6ba-24f0f480a965 [2026-07-22T03:57:11.396005] npm notice (STDOUT, STG)#
#2026 07 22 03:57:20.180#Z#DEBUG#435a90b7-8581-11f1-952a-eeee0a8c50ce.salesorderapp-ui#flowable-async-job-executor-thread-2987#
[PollStageAppStatusExecution] af43ed23-8273-4aa0-a6ba-24f0f480a965 [2026-07-22T03:57:11.456755] Installing any new modules (package.json + package-lock.json) (STDOUT, STG)#
#2026 07 22 03:57:20.180#Z#DEBUG#435a90b7-8581-11f1-952a-eeee0a8c50ce.salesorderapp-ui#flowable-async-job-executor-thread-2987#
[PollStageAppStatusExecution] af43ed23-8273-4aa0-a6ba-24f0f480a965 [2026-07-22T03:57:12.187347] up to date in 651ms (STDOUT, STG)#
#2026 07 22 03:57:20.180#Z#DEBUG#435a90b7-8581-11f1-952a-eeee0a8c50ce.salesorderapp-ui#flowable-async-job-executor-thread-2987#
[PollStageAppStatusExecution] af43ed23-8273-4aa0-a6ba-24f0f480a965 [2026-07-22T03:57:12.187696] 31 packages are looking for funding (STDOUT, STG)#
#2026 07 22 03:57:20.180#Z#DEBUG#435a90b7-8581-11f1-952a-eeee0a8c50ce.salesorderapp-ui#flowable-async-job-executor-thread-2987#
[PollStageAppStatusExecution] af43ed23-8273-4aa0-a6ba-24f0f480a965 [2026-07-22T03:57:12.187795] run `npm fund` for details (STDOUT, STG)#
#2026 07 22 03:57:20.180#Z#DEBUG#435a90b7-8581-11f1-952a-eeee0a8c50ce.salesorderapp-ui#flowable-async-job-executor-thread-2987#
[PollStageAppStatusExecution] af43ed23-8273-4aa0-a6ba-24f0f480a965 [2026-07-22T03:57:13.206936] Contrast Security no credentials found. Will not write environment files. (STDOUT, STG)#
#2026 07 22 03:57:30.316#Z#DEBUG#435a90b7-8581-11f1-952a-eeee0a8c50ce.salesorderapp-ui#flowable-async-job-executor-thread-1750#
[PollStageAppStatusExecution] af43ed23-8273-4aa0-a6ba-24f0f480a965 [2026-07-22T03:57:23.555880] Exit status 0 (STDOUT, STG)#
#2026 07 22 03:57:30.316#Z#DEBUG#435a90b7-8581-11f1-952a-eeee0a8c50ce.salesorderapp-ui#flowable-async-job-executor-thread-1750#
[PollStageAppStatusExecution] af43ed23-8273-4aa0-a6ba-24f0f480a965 [2026-07-22T03:57:23.556016] Uploading droplet, build artifacts cache... (STDOUT, STG)#
#2026 07 22 03:57:30.316#Z#DEBUG#435a90b7-8581-11f1-952a-eeee0a8c50ce.salesorderapp-ui#flowable-async-job-executor-thread-1750#
[PollStageAppStatusExecution] af43ed23-8273-4aa0-a6ba-24f0f480a965 [2026-07-22T03:57:23.556077] Uploading droplet... (STDOUT, STG)#
#2026 07 22 03:57:30.316#Z#DEBUG#435a90b7-8581-11f1-952a-eeee0a8c50ce.salesorderapp-ui#flowable-async-job-executor-thread-1750#
[PollStageAppStatusExecution] af43ed23-8273-4aa0-a6ba-24f0f480a965 [2026-07-22T03:57:23.556463] Uploading build artifacts cache... (STDOUT, STG)#
#2026 07 22 03:57:30.316#Z#DEBUG#435a90b7-8581-11f1-952a-eeee0a8c50ce.salesorderapp-ui#flowable-async-job-executor-thread-1750#
[PollStageAppStatusExecution] af43ed23-8273-4aa0-a6ba-24f0f480a965 [2026-07-22T03:57:23.585785] Uploaded build artifacts cache (223B) (STDOUT, STG)#
#2026 07 22 03:57:30.316#Z#DEBUG#435a90b7-8581-11f1-952a-eeee0a8c50ce.salesorderapp-ui#flowable-async-job-executor-thread-1750#
[PollStageAppStatusExecution] af43ed23-8273-4aa0-a6ba-24f0f480a965 [2026-07-22T03:57:24.194536] Creating droplet for app with guid af43ed23-8273-4aa0-a6ba-24f0f480a965 (STDOUT, API)#
#2026 07 22 03:57:30.316#Z#DEBUG#435a90b7-8581-11f1-952a-eeee0a8c50ce.salesorderapp-ui#flowable-async-job-executor-thread-1750#
[PollStageAppStatusExecution] af43ed23-8273-4aa0-a6ba-24f0f480a965 [2026-07-22T03:57:26.292130] Uploaded droplet (62.3M) (STDOUT, STG)#
#2026 07 22 03:57:30.316#Z#DEBUG#435a90b7-8581-11f1-952a-eeee0a8c50ce.salesorderapp-ui#flowable-async-job-executor-thread-1750#
[PollStageAppStatusExecution] af43ed23-8273-4aa0-a6ba-24f0f480a965 [2026-07-22T03:57:26.310763] Uploading complete (STDOUT, STG)#
#2026 07 22 03:57:30.316#Z#DEBUG#435a90b7-8581-11f1-952a-eeee0a8c50ce.salesorderapp-ui#flowable-async-job-executor-thread-1750#
[PollStageAppStatusExecution] af43ed23-8273-4aa0-a6ba-24f0f480a965 [2026-07-22T03:57:26.575661] Cell 684caff8-89cd-492b-be01-b3d0835f1763 stopping instance a1c435af-f1f7-427c-8b70-abd5a77eb93a (STDOUT, STG)#
#2026 07 22 03:57:30.316#Z#DEBUG#435a90b7-8581-11f1-952a-eeee0a8c50ce.salesorderapp-ui#flowable-async-job-executor-thread-1750#
[PollStageAppStatusExecution] af43ed23-8273-4aa0-a6ba-24f0f480a965 [2026-07-22T03:57:26.575693] Cell 684caff8-89cd-492b-be01-b3d0835f1763 destroying container for instance a1c435af-f1f7-427c-8b70-abd5a77eb93a (STDOUT, STG)#
#2026 07 22 03:57:30.316#Z#DEBUG#435a90b7-8581-11f1-952a-eeee0a8c50ce.salesorderapp-ui#flowable-async-job-executor-thread-1750#
[PollStageAppStatusExecution] af43ed23-8273-4aa0-a6ba-24f0f480a965 [2026-07-22T03:57:26.633087] Staging complete for build a1c435af-f1f7-427c-8b70-abd5a77eb93a (STDOUT, API)#
#2026 07 22 03:57:30.316#Z#DEBUG#435a90b7-8581-11f1-952a-eeee0a8c50ce.salesorderapp-ui#flowable-async-job-executor-thread-1750#
[PollStageAppStatusExecution] af43ed23-8273-4aa0-a6ba-24f0f480a965 [2026-07-22T03:57:29.488360] Cell 684caff8-89cd-492b-be01-b3d0835f1763 successfully destroyed container for instance a1c435af-f1f7-427c-8b70-abd5a77eb93a (STDOUT, STG)#
#2026 07 22 03:57:40.328#Z#DEBUG#435a90b7-8581-11f1-952a-eeee0a8c50ce.salesorderapp-ui#flowable-async-job-executor-thread-3004#
[PollStartAppStatusExecution] af43ed23-8273-4aa0-a6ba-24f0f480a965 [2026-07-22T03:57:30.395207] Updated app with guid af43ed23-8273-4aa0-a6ba-24f0f480a965 ({:droplet_guid=>"2a73a6f2-763d-487b-b317-8c77f1de560d"}) (STDOUT, API)#
#2026 07 22 03:57:40.328#Z#DEBUG#435a90b7-8581-11f1-952a-eeee0a8c50ce.salesorderapp-ui#flowable-async-job-executor-thread-3004#
[PollStartAppStatusExecution] af43ed23-8273-4aa0-a6ba-24f0f480a965 [2026-07-22T03:57:30.603349] Creating revision for app with guid af43ed23-8273-4aa0-a6ba-24f0f480a965 (STDOUT, API)#
#2026 07 22 03:57:40.328#Z#DEBUG#435a90b7-8581-11f1-952a-eeee0a8c50ce.salesorderapp-ui#flowable-async-job-executor-thread-3004#
[PollStartAppStatusExecution] af43ed23-8273-4aa0-a6ba-24f0f480a965 [2026-07-22T03:57:30.652296] Starting app with guid af43ed23-8273-4aa0-a6ba-24f0f480a965 (STDOUT, API)#
#2026 07 22 03:57:40.328#Z#DEBUG#435a90b7-8581-11f1-952a-eeee0a8c50ce.salesorderapp-ui#flowable-async-job-executor-thread-3004#
[PollStartAppStatusExecution] af43ed23-8273-4aa0-a6ba-24f0f480a965 [2026-07-22T03:57:30.933419] Cell d1cc041a-d5a1-41d6-b9f6-6cda736ce3f0 creating container for instance 4923eb12-6399-4284-79a0-b163 (STDOUT, CELL)#
#2026 07 22 03:57:40.328#Z#DEBUG#435a90b7-8581-11f1-952a-eeee0a8c50ce.salesorderapp-ui#flowable-async-job-executor-thread-3004#
[PollStartAppStatusExecution] af43ed23-8273-4aa0-a6ba-24f0f480a965 [2026-07-22T03:57:31.883659] Security group rules were updated (STDOUT, CELL)#
#2026 07 22 03:57:40.328#Z#DEBUG#435a90b7-8581-11f1-952a-eeee0a8c50ce.salesorderapp-ui#flowable-async-job-executor-thread-3004#
[PollStartAppStatusExecution] af43ed23-8273-4aa0-a6ba-24f0f480a965 [2026-07-22T03:57:32.257804] Cell d1cc041a-d5a1-41d6-b9f6-6cda736ce3f0 successfully created container for instance 4923eb12-6399-4284-79a0-b163 (STDOUT, CELL)#
#2026 07 22 03:57:40.328#Z#DEBUG#435a90b7-8581-11f1-952a-eeee0a8c50ce.salesorderapp-ui#flowable-async-job-executor-thread-3004#
[PollStartAppStatusExecution] af43ed23-8273-4aa0-a6ba-24f0f480a965 [2026-07-22T03:57:33.038119] Downloading droplet... (STDOUT, CELL)#
#2026 07 22 03:57:40.328#Z#DEBUG#435a90b7-8581-11f1-952a-eeee0a8c50ce.salesorderapp-ui#flowable-async-job-executor-thread-3004#
[PollStartAppStatusExecution] af43ed23-8273-4aa0-a6ba-24f0f480a965 [2026-07-22T03:57:38.090295] Downloaded droplet (62.3M) (STDOUT, CELL)#
#2026 07 22 03:57:40.328#Z#DEBUG#435a90b7-8581-11f1-952a-eeee0a8c50ce.salesorderapp-ui#flowable-async-job-executor-thread-3004#
[PollStartAppStatusExecution] af43ed23-8273-4aa0-a6ba-24f0f480a965 [2026-07-22T03:57:38.090836] Starting health monitoring of container (STDOUT, CELL)#
#2026 07 22 03:57:40.328#Z#DEBUG#435a90b7-8581-11f1-952a-eeee0a8c50ce.salesorderapp-ui#flowable-async-job-executor-thread-3004#
[PollStartAppStatusExecution] af43ed23-8273-4aa0-a6ba-24f0f480a965 [2026-07-22T03:57:38.248835] Invoking pre-start scripts. (STDOUT, APP/PROC/WEB)#
#2026 07 22 03:57:40.328#Z#DEBUG#435a90b7-8581-11f1-952a-eeee0a8c50ce.salesorderapp-ui#flowable-async-job-executor-thread-3004#
[PollStartAppStatusExecution] af43ed23-8273-4aa0-a6ba-24f0f480a965 [2026-07-22T03:57:38.503364] Invoking start command. (STDOUT, APP/PROC/WEB)#
#2026 07 22 03:57:40.328#Z#DEBUG#435a90b7-8581-11f1-952a-eeee0a8c50ce.salesorderapp-ui#flowable-async-job-executor-thread-3004#
[PollStartAppStatusExecution] af43ed23-8273-4aa0-a6ba-24f0f480a965 [2026-07-22T03:57:39.126089] > app@1.0.0 start (STDOUT, APP/PROC/WEB)#
#2026 07 22 03:57:40.328#Z#DEBUG#435a90b7-8581-11f1-952a-eeee0a8c50ce.salesorderapp-ui#flowable-async-job-executor-thread-3004#
[PollStartAppStatusExecution] af43ed23-8273-4aa0-a6ba-24f0f480a965 [2026-07-22T03:57:39.126126] > node node_modules/@sap/approuter/approuter.js (STDOUT, APP/PROC/WEB)#
#2026 07 22 03:57:40.328#Z#DEBUG#435a90b7-8581-11f1-952a-eeee0a8c50ce.salesorderapp-ui#flowable-async-job-executor-thread-3004#
[PollStartAppStatusExecution] af43ed23-8273-4aa0-a6ba-24f0f480a965 [2026-07-22T03:57:39.360391] {"written_at":"2026-07-22T03:57:39.357Z","written_ts":1784692659357000000,"csn_component":"-","correlation_id":"-","type":"log","logger":"nodejs-logger","layer":"/LoggingLibrary","level":"warning","container_id":"10.32.1.5","component_type":"application","component_id":"af43ed23-8273-4aa0-a6ba-24f0f480a965","component_name":"salesorderapp-ui","component_instance":-1,"source_instance":-1,"organization_id":"26f8afbe-50d1-448f-81e9-c738b2504804","organization_name":"8fd6ac6ctrial","space_id":"a8460b67-b005-477e-a885-af01acf20eae","space_name":"dev","context_id":"","msg":"Dynamic log level switching not available"} (STDOUT, APP/PROC/WEB)#
#2026 07 22 03:57:40.328#Z#DEBUG#435a90b7-8581-11f1-952a-eeee0a8c50ce.salesorderapp-ui#flowable-async-job-executor-thread-3004#
[PollStartAppStatusExecution] af43ed23-8273-4aa0-a6ba-24f0f480a965 [2026-07-22T03:57:40.045088] {"written_at":"2026-07-22T03:57:40.044Z","written_ts":1784692660044000000,"csn_component":"-","correlation_id":"mrvjxhsc","type":"log","logger":"nodejs-logger","layer":"/approuter","level":"info","container_id":"10.32.1.5","component_type":"application","component_id":"af43ed23-8273-4aa0-a6ba-24f0f480a965","component_name":"salesorderapp-ui","component_instance":-1,"source_instance":-1,"organization_id":"26f8afbe-50d1-448f-81e9-c738b2504804","organization_name":"8fd6ac6ctrial","space_id":"a8460b67-b005-477e-a885-af01acf20eae","space_name":"dev","context_id":"mrvjxhsc","msg":"Application router version 22.0.3"} (STDOUT, APP/PROC/WEB)#
#2026 07 22 03:57:40.328#Z#DEBUG#435a90b7-8581-11f1-952a-eeee0a8c50ce.salesorderapp-ui#flowable-async-job-executor-thread-3004#
[PollStartAppStatusExecution] af43ed23-8273-4aa0-a6ba-24f0f480a965 [2026-07-22T03:57:40.052206] {"written_at":"2026-07-22T03:57:40.051Z","written_ts":1784692660051000000,"csn_component":"-","correlation_id":"mrvjxhsj","type":"log","logger":"nodejs-logger","layer":"/Configuration","level":"info","container_id":"10.32.1.5","component_type":"application","component_id":"af43ed23-8273-4aa0-a6ba-24f0f480a965","component_name":"salesorderapp-ui","component_instance":-1,"source_instance":-1,"organization_id":"26f8afbe-50d1-448f-81e9-c738b2504804","organization_name":"8fd6ac6ctrial","space_id":"a8460b67-b005-477e-a885-af01acf20eae","space_name":"dev","context_id":"mrvjxhsj","msg":"No COOKIES environment variable"} (STDOUT, APP/PROC/WEB)#
#2026 07 22 03:57:40.328#Z#DEBUG#435a90b7-8581-11f1-952a-eeee0a8c50ce.salesorderapp-ui#flowable-async-job-executor-thread-3004#
[PollStartAppStatusExecution] af43ed23-8273-4aa0-a6ba-24f0f480a965 [2026-07-22T03:57:40.062030] /home/vcap/app/node_modules/@sap/approuter/lib/utils/JsonValidator.js:30 (STDERR, APP/PROC/WEB)#
#2026 07 22 03:57:40.328#Z#DEBUG#435a90b7-8581-11f1-952a-eeee0a8c50ce.salesorderapp-ui#flowable-async-job-executor-thread-3004#
[PollStartAppStatusExecution] af43ed23-8273-4aa0-a6ba-24f0f480a965 [2026-07-22T03:57:40.062064] throw new VError('%s%s: %s', (STDERR, APP/PROC/WEB)#
#2026 07 22 03:57:40.328#Z#DEBUG#435a90b7-8581-11f1-952a-eeee0a8c50ce.salesorderapp-ui#flowable-async-job-executor-thread-3004#
[PollStartAppStatusExecution] af43ed23-8273-4aa0-a6ba-24f0f480a965 [2026-07-22T03:57:40.062069] ^ (STDERR, APP/PROC/WEB)#
#2026 07 22 03:57:40.328#Z#DEBUG#435a90b7-8581-11f1-952a-eeee0a8c50ce.salesorderapp-ui#flowable-async-job-executor-thread-3004#
[PollStartAppStatusExecution] af43ed23-8273-4aa0-a6ba-24f0f480a965 [2026-07-22T03:57:40.063058] VError: xs-app.json/routes/0: Format validation failed (Route does not have a destination nor a localDir nor a service) (STDERR, APP/PROC/WEB)#
#2026 07 22 03:57:40.328#Z#DEBUG#435a90b7-8581-11f1-952a-eeee0a8c50ce.salesorderapp-ui#flowable-async-job-executor-thread-3004#
[PollStartAppStatusExecution] af43ed23-8273-4aa0-a6ba-24f0f480a965 [2026-07-22T03:57:40.063110] at JsonValidator.validate (/home/vcap/app/node_modules/@sap/approuter/lib/utils/JsonValidator.js:30:11) (STDERR, APP/PROC/WEB)#
#2026 07 22 03:57:40.328#Z#DEBUG#435a90b7-8581-11f1-952a-eeee0a8c50ce.salesorderapp-ui#flowable-async-job-executor-thread-3004#
[PollStartAppStatusExecution] af43ed23-8273-4aa0-a6ba-24f0f480a965 [2026-07-22T03:57:40.063121] at Object.validateXsApp (/home/vcap/app/node_modules/@sap/approuter/lib/configuration/validators.js:168:15) (STDERR, APP/PROC/WEB)#
#2026 07 22 03:57:40.328#Z#DEBUG#435a90b7-8581-11f1-952a-eeee0a8c50ce.salesorderapp-ui#flowable-async-job-executor-thread-3004#
[PollStartAppStatusExecution] af43ed23-8273-4aa0-a6ba-24f0f480a965 [2026-07-22T03:57:40.063134] at exports.loadConfiguration (/home/vcap/app/node_modules/@sap/approuter/lib/configuration/app-config.js:21:14) (STDERR, APP/PROC/WEB)#
#2026 07 22 03:57:40.328#Z#DEBUG#435a90b7-8581-11f1-952a-eeee0a8c50ce.salesorderapp-ui#flowable-async-job-executor-thread-3004#
[PollStartAppStatusExecution] af43ed23-8273-4aa0-a6ba-24f0f480a965 [2026-07-22T03:57:40.063144] at module.exports.load (/home/vcap/app/node_modules/@sap/approuter/lib/configuration.js:24:34) (STDERR, APP/PROC/WEB)#
#2026 07 22 03:57:40.328#Z#DEBUG#435a90b7-8581-11f1-952a-eeee0a8c50ce.salesorderapp-ui#flowable-async-job-executor-thread-3004#
[PollStartAppStatusExecution] af43ed23-8273-4aa0-a6ba-24f0f480a965 [2026-07-22T03:57:40.063151] at bootstrap (/home/vcap/app/node_modules/@sap/approuter/lib/bootstrap.js:68:38) (STDERR, APP/PROC/WEB)#
#2026 07 22 03:57:40.328#Z#DEBUG#435a90b7-8581-11f1-952a-eeee0a8c50ce.salesorderapp-ui#flowable-async-job-executor-thread-3004#
[PollStartAppStatusExecution] af43ed23-8273-4aa0-a6ba-24f0f480a965 [2026-07-22T03:57:40.063155] at Approuter.start (/home/vcap/app/node_modules/@sap/approuter/approuter.js:71:13) (STDERR, APP/PROC/WEB)#
#2026 07 22 03:57:40.328#Z#DEBUG#435a90b7-8581-11f1-952a-eeee0a8c50ce.salesorderapp-ui#flowable-async-job-executor-thread-3004#
[PollStartAppStatusExecution] af43ed23-8273-4aa0-a6ba-24f0f480a965 [2026-07-22T03:57:40.063160] at Object.<anonymous> (/home/vcap/app/node_modules/@sap/approuter/approuter.js:178:6) (STDERR, APP/PROC/WEB)#
#2026 07 22 03:57:40.328#Z#DEBUG#435a90b7-8581-11f1-952a-eeee0a8c50ce.salesorderapp-ui#flowable-async-job-executor-thread-3004#
[PollStartAppStatusExecution] af43ed23-8273-4aa0-a6ba-24f0f480a965 [2026-07-22T03:57:40.063166] at Module._compile (node:internal/modules/cjs/loader:1705:14) (STDERR, APP/PROC/WEB)#
#2026 07 22 03:57:40.328#Z#DEBUG#435a90b7-8581-11f1-952a-eeee0a8c50ce.salesorderapp-ui#flowable-async-job-executor-thread-3004#
[PollStartAppStatusExecution] af43ed23-8273-4aa0-a6ba-24f0f480a965 [2026-07-22T03:57:40.063172] at Object..js (node:internal/modules/cjs/loader:1838:10) (STDERR, APP/PROC/WEB)#
#2026 07 22 03:57:40.328#Z#DEBUG#435a90b7-8581-11f1-952a-eeee0a8c50ce.salesorderapp-ui#flowable-async-job-executor-thread-3004#
[PollStartAppStatusExecution] af43ed23-8273-4aa0-a6ba-24f0f480a965 [2026-07-22T03:57:40.063175] at Module.load (node:internal/modules/cjs/loader:1441:32) { (STDERR, APP/PROC/WEB)#
#2026 07 22 03:57:40.328#Z#DEBUG#435a90b7-8581-11f1-952a-eeee0a8c50ce.salesorderapp-ui#flowable-async-job-executor-thread-3004#
[PollStartAppStatusExecution] af43ed23-8273-4aa0-a6ba-24f0f480a965 [2026-07-22T03:57:40.063183] jse_shortmsg: 'xs-app.json/routes/0: Format validation failed (Route does not have a destination nor a localDir nor a service)', (STDERR, APP/PROC/WEB)#
#2026 07 22 03:57:40.328#Z#DEBUG#435a90b7-8581-11f1-952a-eeee0a8c50ce.salesorderapp-ui#flowable-async-job-executor-thread-3004#
[PollStartAppStatusExecution] af43ed23-8273-4aa0-a6ba-24f0f480a965 [2026-07-22T03:57:40.063188] jse_info: {} (STDERR, APP/PROC/WEB)#
#2026 07 22 03:57:40.328#Z#DEBUG#435a90b7-8581-11f1-952a-eeee0a8c50ce.salesorderapp-ui#flowable-async-job-executor-thread-3004#
[PollStartAppStatusExecution] af43ed23-8273-4aa0-a6ba-24f0f480a965 [2026-07-22T03:57:40.063191] } (STDERR, APP/PROC/WEB)#
#2026 07 22 03:57:40.328#Z#DEBUG#435a90b7-8581-11f1-952a-eeee0a8c50ce.salesorderapp-ui#flowable-async-job-executor-thread-3004#
[PollStartAppStatusExecution] af43ed23-8273-4aa0-a6ba-24f0f480a965 [2026-07-22T03:57:40.063200] Node.js v22.22.2 (STDERR, APP/PROC/WEB)#
#2026 07 22 03:57:40.328#Z#DEBUG#435a90b7-8581-11f1-952a-eeee0a8c50ce.salesorderapp-ui#flowable-async-job-executor-thread-3004#
[PollStartAppStatusExecution] af43ed23-8273-4aa0-a6ba-24f0f480a965 [2026-07-22T03:57:40.083907] npm notice (STDERR, APP/PROC/WEB)#
#2026 07 22 03:57:40.328#Z#DEBUG#435a90b7-8581-11f1-952a-eeee0a8c50ce.salesorderapp-ui#flowable-async-job-executor-thread-3004#
[PollStartAppStatusExecution] af43ed23-8273-4aa0-a6ba-24f0f480a965 [2026-07-22T03:57:40.083942] npm notice New major version of npm available! 10.9.7 -> 12.0.1 (STDERR, APP/PROC/WEB)#
#2026 07 22 03:57:40.328#Z#DEBUG#435a90b7-8581-11f1-952a-eeee0a8c50ce.salesorderapp-ui#flowable-async-job-executor-thread-3004#
[PollStartAppStatusExecution] af43ed23-8273-4aa0-a6ba-24f0f480a965 [2026-07-22T03:57:40.083946] npm notice Changelog: https://github.com/npm/cli/releases/tag/v12.0.1 (STDERR, APP/PROC/WEB)#
#2026 07 22 03:57:40.328#Z#DEBUG#435a90b7-8581-11f1-952a-eeee0a8c50ce.salesorderapp-ui#flowable-async-job-executor-thread-3004#
[PollStartAppStatusExecution] af43ed23-8273-4aa0-a6ba-24f0f480a965 [2026-07-22T03:57:40.083948] npm notice To update run: npm install -g npm@12.0.1 (STDERR, APP/PROC/WEB)#
#2026 07 22 03:57:40.328#Z#DEBUG#435a90b7-8581-11f1-952a-eeee0a8c50ce.salesorderapp-ui#flowable-async-job-executor-thread-3004#
[PollStartAppStatusExecution] af43ed23-8273-4aa0-a6ba-24f0f480a965 [2026-07-22T03:57:40.083958] npm notice (STDERR, APP/PROC/WEB)#
#2026 07 22 03:57:50.343#Z#DEBUG#435a90b7-8581-11f1-952a-eeee0a8c50ce.salesorderapp-ui#flowable-async-job-executor-thread-3005#
[PollStartAppStatusExecution] af43ed23-8273-4aa0-a6ba-24f0f480a965 [2026-07-22T03:57:40.162381] Exit status 1 (STDOUT, APP/PROC/WEB)#
#2026 07 22 03:57:50.343#Z#DEBUG#435a90b7-8581-11f1-952a-eeee0a8c50ce.salesorderapp-ui#flowable-async-job-executor-thread-3005#
[PollStartAppStatusExecution] af43ed23-8273-4aa0-a6ba-24f0f480a965 [2026-07-22T03:57:46.297308] Cell d1cc041a-d5a1-41d6-b9f6-6cda736ce3f0 stopping instance 4923eb12-6399-4284-79a0-b163 (STDOUT, CELL)#
#2026 07 22 03:57:50.343#Z#DEBUG#435a90b7-8581-11f1-952a-eeee0a8c50ce.salesorderapp-ui#flowable-async-job-executor-thread-3005#
[PollStartAppStatusExecution] af43ed23-8273-4aa0-a6ba-24f0f480a965 [2026-07-22T03:57:46.297380] Cell d1cc041a-d5a1-41d6-b9f6-6cda736ce3f0 destroying container for instance 4923eb12-6399-4284-79a0-b163 (STDOUT, CELL)#
#2026 07 22 03:57:50.343#Z#DEBUG#435a90b7-8581-11f1-952a-eeee0a8c50ce.salesorderapp-ui#flowable-async-job-executor-thread-3005#
[PollStartAppStatusExecution] af43ed23-8273-4aa0-a6ba-24f0f480a965 [2026-07-22T03:57:46.305951] Process has crashed with type: "web" (STDOUT, API)#
#2026 07 22 03:57:50.343#Z#DEBUG#435a90b7-8581-11f1-952a-eeee0a8c50ce.salesorderapp-ui#flowable-async-job-executor-thread-3005#
[PollStartAppStatusExecution] af43ed23-8273-4aa0-a6ba-24f0f480a965 [2026-07-22T03:57:46.318777] App instance exited with guid af43ed23-8273-4aa0-a6ba-24f0f480a965 payload: {"instance"=>"4923eb12-6399-4284-79a0-b163", "index"=>0, "cell_id"=>"d1cc041a-d5a1-41d6-b9f6-6cda736ce3f0", "reason"=>"CRASHED", "exit_description"=>"APP/PROC/WEB: Exited with status 1", "crash_count"=>1, "crash_timestamp"=>1784692666280038562, "version"=>"052534ce-4d76-4de9-8bb0-cef0e4117563"} (STDOUT, API)#
#2026 07 22 03:57:50.343#Z#DEBUG#435a90b7-8581-11f1-952a-eeee0a8c50ce.salesorderapp-ui#flowable-async-job-executor-thread-3005#
[PollStartAppStatusExecution] af43ed23-8273-4aa0-a6ba-24f0f480a965 [2026-07-22T03:57:46.412565] Cell c839c7b1-088e-41af-b9b7-66256aacd457 creating container for instance 5d34d31b-13a0-4a3b-527f-f9b6 (STDOUT, CELL)#
#2026 07 22 03:57:50.343#Z#DEBUG#435a90b7-8581-11f1-952a-eeee0a8c50ce.salesorderapp-ui#flowable-async-job-executor-thread-3005#
[PollStartAppStatusExecution] af43ed23-8273-4aa0-a6ba-24f0f480a965 [2026-07-22T03:57:46.510522] Exit status 137 (STDOUT, PROXY)#
#2026 07 22 03:57:50.343#Z#DEBUG#435a90b7-8581-11f1-952a-eeee0a8c50ce.salesorderapp-ui#flowable-async-job-executor-thread-3005#
[PollStartAppStatusExecution] af43ed23-8273-4aa0-a6ba-24f0f480a965 [2026-07-22T03:57:47.160073] Security group rules were updated (STDOUT, CELL)#
#2026 07 22 03:57:50.343#Z#DEBUG#435a90b7-8581-11f1-952a-eeee0a8c50ce.salesorderapp-ui#flowable-async-job-executor-thread-3005#
[PollStartAppStatusExecution] af43ed23-8273-4aa0-a6ba-24f0f480a965 [2026-07-22T03:57:47.266753] Cell c839c7b1-088e-41af-b9b7-66256aacd457 successfully created container for instance 5d34d31b-13a0-4a3b-527f-f9b6 (STDOUT, CELL)#
#2026 07 22 03:57:50.343#Z#DEBUG#435a90b7-8581-11f1-952a-eeee0a8c50ce.salesorderapp-ui#flowable-async-job-executor-thread-3005#
[PollStartAppStatusExecution] af43ed23-8273-4aa0-a6ba-24f0f480a965 [2026-07-22T03:57:47.982029] Downloading droplet... (STDOUT, CELL)#
#2026 07 22 03:57:50.343#Z#DEBUG#435a90b7-8581-11f1-952a-eeee0a8c50ce.salesorderapp-ui#flowable-async-job-executor-thread-3005#
[PollStartAppStatusExecution] af43ed23-8273-4aa0-a6ba-24f0f480a965 [2026-07-22T03:57:49.139557] Cell d1cc041a-d5a1-41d6-b9f6-6cda736ce3f0 successfully destroyed container for instance 4923eb12-6399-4284-79a0-b163 (STDOUT, CELL)#
#2026 07 22 03:58:00.623#Z#DEBUG#435a90b7-8581-11f1-952a-eeee0a8c50ce.salesorderapp-ui#flowable-async-job-executor-thread-3011#
[PollStartAppStatusExecution] af43ed23-8273-4aa0-a6ba-24f0f480a965 [2026-07-22T03:57:52.868483] Downloaded droplet (62.3M) (STDOUT, CELL)#
#2026 07 22 03:58:00.623#Z#DEBUG#435a90b7-8581-11f1-952a-eeee0a8c50ce.salesorderapp-ui#flowable-async-job-executor-thread-3011#
[PollStartAppStatusExecution] af43ed23-8273-4aa0-a6ba-24f0f480a965 [2026-07-22T03:57:52.868978] Starting health monitoring of container (STDOUT, CELL)#
#2026 07 22 03:58:00.623#Z#DEBUG#435a90b7-8581-11f1-952a-eeee0a8c50ce.salesorderapp-ui#flowable-async-job-executor-thread-3011#
[PollStartAppStatusExecution] af43ed23-8273-4aa0-a6ba-24f0f480a965 [2026-07-22T03:57:52.995949] Invoking pre-start scripts. (STDOUT, APP/PROC/WEB)#
#2026 07 22 03:58:00.623#Z#DEBUG#435a90b7-8581-11f1-952a-eeee0a8c50ce.salesorderapp-ui#flowable-async-job-executor-thread-3011#
[PollStartAppStatusExecution] af43ed23-8273-4aa0-a6ba-24f0f480a965 [2026-07-22T03:57:53.228771] Invoking start command. (STDOUT, APP/PROC/WEB)#
#2026 07 22 03:58:00.623#Z#DEBUG#435a90b7-8581-11f1-952a-eeee0a8c50ce.salesorderapp-ui#flowable-async-job-executor-thread-3011#
[PollStartAppStatusExecution] af43ed23-8273-4aa0-a6ba-24f0f480a965 [2026-07-22T03:57:53.656498] > app@1.0.0 start (STDOUT, APP/PROC/WEB)#
#2026 07 22 03:58:00.623#Z#DEBUG#435a90b7-8581-11f1-952a-eeee0a8c50ce.salesorderapp-ui#flowable-async-job-executor-thread-3011#
[PollStartAppStatusExecution] af43ed23-8273-4aa0-a6ba-24f0f480a965 [2026-07-22T03:57:53.656532] > node node_modules/@sap/approuter/approuter.js (STDOUT, APP/PROC/WEB)#
#2026 07 22 03:58:00.623#Z#DEBUG#435a90b7-8581-11f1-952a-eeee0a8c50ce.salesorderapp-ui#flowable-async-job-executor-thread-3011#
[PollStartAppStatusExecution] af43ed23-8273-4aa0-a6ba-24f0f480a965 [2026-07-22T03:57:53.856381] {"written_at":"2026-07-22T03:57:53.854Z","written_ts":1784692673854000000,"csn_component":"-","correlation_id":"-","type":"log","logger":"nodejs-logger","layer":"/LoggingLibrary","level":"warning","container_id":"10.32.2.6","component_type":"application","component_id":"af43ed23-8273-4aa0-a6ba-24f0f480a965","component_name":"salesorderapp-ui","component_instance":-1,"source_instance":-1,"organization_id":"26f8afbe-50d1-448f-81e9-c738b2504804","organization_name":"8fd6ac6ctrial","space_id":"a8460b67-b005-477e-a885-af01acf20eae","space_name":"dev","context_id":"","msg":"Dynamic log level switching not available"} (STDOUT, APP/PROC/WEB)#
#2026 07 22 03:58:00.623#Z#DEBUG#435a90b7-8581-11f1-952a-eeee0a8c50ce.salesorderapp-ui#flowable-async-job-executor-thread-3011#
[PollStartAppStatusExecution] af43ed23-8273-4aa0-a6ba-24f0f480a965 [2026-07-22T03:57:54.355382] {"written_at":"2026-07-22T03:57:54.354Z","written_ts":1784692674354000000,"csn_component":"-","correlation_id":"mrvjxstu","type":"log","logger":"nodejs-logger","layer":"/approuter","level":"info","container_id":"10.32.2.6","component_type":"application","component_id":"af43ed23-8273-4aa0-a6ba-24f0f480a965","component_name":"salesorderapp-ui","component_instance":-1,"source_instance":-1,"organization_id":"26f8afbe-50d1-448f-81e9-c738b2504804","organization_name":"8fd6ac6ctrial","space_id":"a8460b67-b005-477e-a885-af01acf20eae","space_name":"dev","context_id":"mrvjxstu","msg":"Application router version 22.0.3"} (STDOUT, APP/PROC/WEB)#
#2026 07 22 03:58:00.623#Z#DEBUG#435a90b7-8581-11f1-952a-eeee0a8c50ce.salesorderapp-ui#flowable-async-job-executor-thread-3011#
[PollStartAppStatusExecution] af43ed23-8273-4aa0-a6ba-24f0f480a965 [2026-07-22T03:57:54.360675] {"written_at":"2026-07-22T03:57:54.360Z","written_ts":1784692674360000000,"csn_component":"-","correlation_id":"mrvjxsu0","type":"log","logger":"nodejs-logger","layer":"/Configuration","level":"info","container_id":"10.32.2.6","component_type":"application","component_id":"af43ed23-8273-4aa0-a6ba-24f0f480a965","component_name":"salesorderapp-ui","component_instance":-1,"source_instance":-1,"organization_id":"26f8afbe-50d1-448f-81e9-c738b2504804","organization_name":"8fd6ac6ctrial","space_id":"a8460b67-b005-477e-a885-af01acf20eae","space_name":"dev","context_id":"mrvjxsu0","msg":"No COOKIES environment variable"} (STDOUT, APP/PROC/WEB)#
#2026 07 22 03:58:00.623#Z#DEBUG#435a90b7-8581-11f1-952a-eeee0a8c50ce.salesorderapp-ui#flowable-async-job-executor-thread-3011#
[PollStartAppStatusExecution] af43ed23-8273-4aa0-a6ba-24f0f480a965 [2026-07-22T03:57:54.367366] /home/vcap/app/node_modules/@sap/approuter/lib/utils/JsonValidator.js:30 (STDERR, APP/PROC/WEB)#
#2026 07 22 03:58:00.623#Z#DEBUG#435a90b7-8581-11f1-952a-eeee0a8c50ce.salesorderapp-ui#flowable-async-job-executor-thread-3011#
[PollStartAppStatusExecution] af43ed23-8273-4aa0-a6ba-24f0f480a965 [2026-07-22T03:57:54.367403] throw new VError('%s%s: %s', (STDERR, APP/PROC/WEB)#
#2026 07 22 03:58:00.623#Z#DEBUG#435a90b7-8581-11f1-952a-eeee0a8c50ce.salesorderapp-ui#flowable-async-job-executor-thread-3011#
[PollStartAppStatusExecution] af43ed23-8273-4aa0-a6ba-24f0f480a965 [2026-07-22T03:57:54.367412] ^ (STDERR, APP/PROC/WEB)#
#2026 07 22 03:58:00.623#Z#DEBUG#435a90b7-8581-11f1-952a-eeee0a8c50ce.salesorderapp-ui#flowable-async-job-executor-thread-3011#
[PollStartAppStatusExecution] af43ed23-8273-4aa0-a6ba-24f0f480a965 [2026-07-22T03:57:54.368048] VError: xs-app.json/routes/0: Format validation failed (Route does not have a destination nor a localDir nor a service) (STDERR, APP/PROC/WEB)#
#2026 07 22 03:58:00.623#Z#DEBUG#435a90b7-8581-11f1-952a-eeee0a8c50ce.salesorderapp-ui#flowable-async-job-executor-thread-3011#
[PollStartAppStatusExecution] af43ed23-8273-4aa0-a6ba-24f0f480a965 [2026-07-22T03:57:54.368062] at JsonValidator.validate (/home/vcap/app/node_modules/@sap/approuter/lib/utils/JsonValidator.js:30:11) (STDERR, APP/PROC/WEB)#
#2026 07 22 03:58:00.623#Z#DEBUG#435a90b7-8581-11f1-952a-eeee0a8c50ce.salesorderapp-ui#flowable-async-job-executor-thread-3011#
[PollStartAppStatusExecution] af43ed23-8273-4aa0-a6ba-24f0f480a965 [2026-07-22T03:57:54.368071] at Object.validateXsApp (/home/vcap/app/node_modules/@sap/approuter/lib/configuration/validators.js:168:15) (STDERR, APP/PROC/WEB)#
#2026 07 22 03:58:00.623#Z#DEBUG#435a90b7-8581-11f1-952a-eeee0a8c50ce.salesorderapp-ui#flowable-async-job-executor-thread-3011#
[PollStartAppStatusExecution] af43ed23-8273-4aa0-a6ba-24f0f480a965 [2026-07-22T03:57:54.368075] at exports.loadConfiguration (/home/vcap/app/node_modules/@sap/approuter/lib/configuration/app-config.js:21:14) (STDERR, APP/PROC/WEB)#
#2026 07 22 03:58:00.623#Z#DEBUG#435a90b7-8581-11f1-952a-eeee0a8c50ce.salesorderapp-ui#flowable-async-job-executor-thread-3011#
[PollStartAppStatusExecution] af43ed23-8273-4aa0-a6ba-24f0f480a965 [2026-07-22T03:57:54.368078] at module.exports.load (/home/vcap/app/node_modules/@sap/approuter/lib/configuration.js:24:34) (STDERR, APP/PROC/WEB)#
#2026 07 22 03:58:00.623#Z#DEBUG#435a90b7-8581-11f1-952a-eeee0a8c50ce.salesorderapp-ui#flowable-async-job-executor-thread-3011#
[PollStartAppStatusExecution] af43ed23-8273-4aa0-a6ba-24f0f480a965 [2026-07-22T03:57:54.368120] at bootstrap (/home/vcap/app/node_modules/@sap/approuter/lib/bootstrap.js:68:38) (STDERR, APP/PROC/WEB)#
#2026 07 22 03:58:00.623#Z#DEBUG#435a90b7-8581-11f1-952a-eeee0a8c50ce.salesorderapp-ui#flowable-async-job-executor-thread-3011#
[PollStartAppStatusExecution] af43ed23-8273-4aa0-a6ba-24f0f480a965 [2026-07-22T03:57:54.368123] at Approuter.start (/home/vcap/app/node_modules/@sap/approuter/approuter.js:71:13) (STDERR, APP/PROC/WEB)#
#2026 07 22 03:58:00.623#Z#DEBUG#435a90b7-8581-11f1-952a-eeee0a8c50ce.salesorderapp-ui#flowable-async-job-executor-thread-3011#
[PollStartAppStatusExecution] af43ed23-8273-4aa0-a6ba-24f0f480a965 [2026-07-22T03:57:54.368131] at Object.<anonymous> (/home/vcap/app/node_modules/@sap/approuter/approuter.js:178:6) (STDERR, APP/PROC/WEB)#
#2026 07 22 03:58:00.623#Z#DEBUG#435a90b7-8581-11f1-952a-eeee0a8c50ce.salesorderapp-ui#flowable-async-job-executor-thread-3011#
[PollStartAppStatusExecution] af43ed23-8273-4aa0-a6ba-24f0f480a965 [2026-07-22T03:57:54.368134] at Module._compile (node:internal/modules/cjs/loader:1705:14) (STDERR, APP/PROC/WEB)#
#2026 07 22 03:58:00.623#Z#DEBUG#435a90b7-8581-11f1-952a-eeee0a8c50ce.salesorderapp-ui#flowable-async-job-executor-thread-3011#
[PollStartAppStatusExecution] af43ed23-8273-4aa0-a6ba-24f0f480a965 [2026-07-22T03:57:54.368138] at Object..js (node:internal/modules/cjs/loader:1838:10) (STDERR, APP/PROC/WEB)#
#2026 07 22 03:58:00.623#Z#DEBUG#435a90b7-8581-11f1-952a-eeee0a8c50ce.salesorderapp-ui#flowable-async-job-executor-thread-3011#
[PollStartAppStatusExecution] af43ed23-8273-4aa0-a6ba-24f0f480a965 [2026-07-22T03:57:54.368141] at Module.load (node:internal/modules/cjs/loader:1441:32) { (STDERR, APP/PROC/WEB)#
#2026 07 22 03:58:00.623#Z#DEBUG#435a90b7-8581-11f1-952a-eeee0a8c50ce.salesorderapp-ui#flowable-async-job-executor-thread-3011#
[PollStartAppStatusExecution] af43ed23-8273-4aa0-a6ba-24f0f480a965 [2026-07-22T03:57:54.368145] jse_shortmsg: 'xs-app.json/routes/0: Format validation failed (Route does not have a destination nor a localDir nor a service)', (STDERR, APP/PROC/WEB)#
#2026 07 22 03:58:00.623#Z#DEBUG#435a90b7-8581-11f1-952a-eeee0a8c50ce.salesorderapp-ui#flowable-async-job-executor-thread-3011#
[PollStartAppStatusExecution] af43ed23-8273-4aa0-a6ba-24f0f480a965 [2026-07-22T03:57:54.368148] jse_info: {} (STDERR, APP/PROC/WEB)#
#2026 07 22 03:58:00.623#Z#DEBUG#435a90b7-8581-11f1-952a-eeee0a8c50ce.salesorderapp-ui#flowable-async-job-executor-thread-3011#
[PollStartAppStatusExecution] af43ed23-8273-4aa0-a6ba-24f0f480a965 [2026-07-22T03:57:54.368151] } (STDERR, APP/PROC/WEB)#
#2026 07 22 03:58:00.623#Z#DEBUG#435a90b7-8581-11f1-952a-eeee0a8c50ce.salesorderapp-ui#flowable-async-job-executor-thread-3011#
[PollStartAppStatusExecution] af43ed23-8273-4aa0-a6ba-24f0f480a965 [2026-07-22T03:57:54.368233] Node.js v22.22.2 (STDERR, APP/PROC/WEB)#
#2026 07 22 03:58:00.623#Z#DEBUG#435a90b7-8581-11f1-952a-eeee0a8c50ce.salesorderapp-ui#flowable-async-job-executor-thread-3011#
[PollStartAppStatusExecution] af43ed23-8273-4aa0-a6ba-24f0f480a965 [2026-07-22T03:57:54.384108] npm notice (STDERR, APP/PROC/WEB)#
#2026 07 22 03:58:00.623#Z#DEBUG#435a90b7-8581-11f1-952a-eeee0a8c50ce.salesorderapp-ui#flowable-async-job-executor-thread-3011#
[PollStartAppStatusExecution] af43ed23-8273-4aa0-a6ba-24f0f480a965 [2026-07-22T03:57:54.384138] npm notice New major version of npm available! 10.9.7 -> 12.0.1 (STDERR, APP/PROC/WEB)#
#2026 07 22 03:58:00.623#Z#DEBUG#435a90b7-8581-11f1-952a-eeee0a8c50ce.salesorderapp-ui#flowable-async-job-executor-thread-3011#
[PollStartAppStatusExecution] af43ed23-8273-4aa0-a6ba-24f0f480a965 [2026-07-22T03:57:54.384142] npm notice Changelog: https://github.com/npm/cli/releases/tag/v12.0.1 (STDERR, APP/PROC/WEB)#
#2026 07 22 03:58:00.623#Z#DEBUG#435a90b7-8581-11f1-952a-eeee0a8c50ce.salesorderapp-ui#flowable-async-job-executor-thread-3011#
[PollStartAppStatusExecution] af43ed23-8273-4aa0-a6ba-24f0f480a965 [2026-07-22T03:57:54.384146] npm notice To update run: npm install -g npm@12.0.1 (STDERR, APP/PROC/WEB)#
#2026 07 22 03:58:00.623#Z#DEBUG#435a90b7-8581-11f1-952a-eeee0a8c50ce.salesorderapp-ui#flowable-async-job-executor-thread-3011#
[PollStartAppStatusExecution] af43ed23-8273-4aa0-a6ba-24f0f480a965 [2026-07-22T03:57:54.384153] npm notice (STDERR, APP/PROC/WEB)#
#2026 07 22 03:58:00.623#Z#DEBUG#435a90b7-8581-11f1-952a-eeee0a8c50ce.salesorderapp-ui#flowable-async-job-executor-thread-3011#
[PollStartAppStatusExecution] af43ed23-8273-4aa0-a6ba-24f0f480a965 [2026-07-22T03:57:54.455502] Exit status 1 (STDOUT, APP/PROC/WEB)#
#2026 07 22 03:58:00.623#Z#DEBUG#435a90b7-8581-11f1-952a-eeee0a8c50ce.salesorderapp-ui#flowable-async-job-executor-thread-3011#
[PollStartAppStatusExecution] af43ed23-8273-4aa0-a6ba-24f0f480a965 [2026-07-22T03:58:00.473903] Cell c839c7b1-088e-41af-b9b7-66256aacd457 stopping instance 5d34d31b-13a0-4a3b-527f-f9b6 (STDOUT, CELL)#
#2026 07 22 03:58:00.623#Z#DEBUG#435a90b7-8581-11f1-952a-eeee0a8c50ce.salesorderapp-ui#flowable-async-job-executor-thread-3011#
[PollStartAppStatusExecution] af43ed23-8273-4aa0-a6ba-24f0f480a965 [2026-07-22T03:58:00.473968] Cell c839c7b1-088e-41af-b9b7-66256aacd457 destroying container for instance 5d34d31b-13a0-4a3b-527f-f9b6 (STDOUT, CELL)#
#2026 07 22 03:58:10.567#Z#DEBUG#435a90b7-8581-11f1-952a-eeee0a8c50ce.salesorderapp-ui#flowable-async-job-executor-thread-3017#
[PollStartAppStatusExecution] af43ed23-8273-4aa0-a6ba-24f0f480a965 [2026-07-22T03:58:00.479568] Process has crashed with type: "web" (STDOUT, API)#
#2026 07 22 03:58:10.567#Z#DEBUG#435a90b7-8581-11f1-952a-eeee0a8c50ce.salesorderapp-ui#flowable-async-job-executor-thread-3017#
[PollStartAppStatusExecution] af43ed23-8273-4aa0-a6ba-24f0f480a965 [2026-07-22T03:58:00.492939] App instance exited with guid af43ed23-8273-4aa0-a6ba-24f0f480a965 payload: {"instance"=>"5d34d31b-13a0-4a3b-527f-f9b6", "index"=>0, "cell_id"=>"c839c7b1-088e-41af-b9b7-66256aacd457", "reason"=>"CRASHED", "exit_description"=>"APP/PROC/WEB: Exited with status 1", "crash_count"=>2, "crash_timestamp"=>1784692680454386179, "version"=>"052534ce-4d76-4de9-8bb0-cef0e4117563"} (STDOUT, API)#
#2026 07 22 03:58:10.567#Z#DEBUG#435a90b7-8581-11f1-952a-eeee0a8c50ce.salesorderapp-ui#flowable-async-job-executor-thread-3017#
[PollStartAppStatusExecution] af43ed23-8273-4aa0-a6ba-24f0f480a965 [2026-07-22T03:58:00.637948] Cell d1cc041a-d5a1-41d6-b9f6-6cda736ce3f0 creating container for instance 808054da-acf0-430a-7261-4c53 (STDOUT, CELL)#
#2026 07 22 03:58:10.567#Z#DEBUG#435a90b7-8581-11f1-952a-eeee0a8c50ce.salesorderapp-ui#flowable-async-job-executor-thread-3017#
[PollStartAppStatusExecution] af43ed23-8273-4aa0-a6ba-24f0f480a965 [2026-07-22T03:58:00.703654] Exit status 137 (STDOUT, PROXY)#
#2026 07 22 03:58:10.567#Z#DEBUG#435a90b7-8581-11f1-952a-eeee0a8c50ce.salesorderapp-ui#flowable-async-job-executor-thread-3017#
[PollStartAppStatusExecution] af43ed23-8273-4aa0-a6ba-24f0f480a965 [2026-07-22T03:58:01.572460] Security group rules were updated (STDOUT, CELL)#
#2026 07 22 03:58:10.567#Z#DEBUG#435a90b7-8581-11f1-952a-eeee0a8c50ce.salesorderapp-ui#flowable-async-job-executor-thread-3017#
[PollStartAppStatusExecution] af43ed23-8273-4aa0-a6ba-24f0f480a965 [2026-07-22T03:58:01.679318] Cell d1cc041a-d5a1-41d6-b9f6-6cda736ce3f0 successfully created container for instance 808054da-acf0-430a-7261-4c53 (STDOUT, CELL)#
#2026 07 22 03:58:10.567#Z#DEBUG#435a90b7-8581-11f1-952a-eeee0a8c50ce.salesorderapp-ui#flowable-async-job-executor-thread-3017#
[PollStartAppStatusExecution] af43ed23-8273-4aa0-a6ba-24f0f480a965 [2026-07-22T03:58:02.526059] Downloading droplet... (STDOUT, CELL)#
#2026 07 22 03:58:10.567#Z#DEBUG#435a90b7-8581-11f1-952a-eeee0a8c50ce.salesorderapp-ui#flowable-async-job-executor-thread-3017#
[PollStartAppStatusExecution] af43ed23-8273-4aa0-a6ba-24f0f480a965 [2026-07-22T03:58:02.832303] Cell c839c7b1-088e-41af-b9b7-66256aacd457 successfully destroyed container for instance 5d34d31b-13a0-4a3b-527f-f9b6 (STDOUT, CELL)#
#2026 07 22 03:58:10.567#Z#DEBUG#435a90b7-8581-11f1-952a-eeee0a8c50ce.salesorderapp-ui#flowable-async-job-executor-thread-3017#
[PollStartAppStatusExecution] af43ed23-8273-4aa0-a6ba-24f0f480a965 [2026-07-22T03:58:04.808555] Downloaded droplet (STDOUT, CELL)#
#2026 07 22 03:58:10.567#Z#DEBUG#435a90b7-8581-11f1-952a-eeee0a8c50ce.salesorderapp-ui#flowable-async-job-executor-thread-3017#
[PollStartAppStatusExecution] af43ed23-8273-4aa0-a6ba-24f0f480a965 [2026-07-22T03:58:04.809225] Starting health monitoring of container (STDOUT, CELL)#
#2026 07 22 03:58:10.567#Z#DEBUG#435a90b7-8581-11f1-952a-eeee0a8c50ce.salesorderapp-ui#flowable-async-job-executor-thread-3017#
[PollStartAppStatusExecution] af43ed23-8273-4aa0-a6ba-24f0f480a965 [2026-07-22T03:58:04.988129] Invoking pre-start scripts. (STDOUT, APP/PROC/WEB)#
#2026 07 22 03:58:10.567#Z#DEBUG#435a90b7-8581-11f1-952a-eeee0a8c50ce.salesorderapp-ui#flowable-async-job-executor-thread-3017#
[PollStartAppStatusExecution] af43ed23-8273-4aa0-a6ba-24f0f480a965 [2026-07-22T03:58:05.235096] Invoking start command. (STDOUT, APP/PROC/WEB)#
#2026 07 22 03:58:10.567#Z#DEBUG#435a90b7-8581-11f1-952a-eeee0a8c50ce.salesorderapp-ui#flowable-async-job-executor-thread-3017#
[PollStartAppStatusExecution] af43ed23-8273-4aa0-a6ba-24f0f480a965 [2026-07-22T03:58:05.872118] > app@1.0.0 start (STDOUT, APP/PROC/WEB)#
#2026 07 22 03:58:10.567#Z#DEBUG#435a90b7-8581-11f1-952a-eeee0a8c50ce.salesorderapp-ui#flowable-async-job-executor-thread-3017#
[PollStartAppStatusExecution] af43ed23-8273-4aa0-a6ba-24f0f480a965 [2026-07-22T03:58:05.872169] > node node_modules/@sap/approuter/approuter.js (STDOUT, APP/PROC/WEB)#
#2026 07 22 03:58:10.567#Z#DEBUG#435a90b7-8581-11f1-952a-eeee0a8c50ce.salesorderapp-ui#flowable-async-job-executor-thread-3017#
[PollStartAppStatusExecution] af43ed23-8273-4aa0-a6ba-24f0f480a965 [2026-07-22T03:58:06.107167] {"written_at":"2026-07-22T03:58:06.104Z","written_ts":1784692686104000000,"csn_component":"-","correlation_id":"-","type":"log","logger":"nodejs-logger","layer":"/LoggingLibrary","level":"warning","container_id":"10.32.1.5","component_type":"application","component_id":"af43ed23-8273-4aa0-a6ba-24f0f480a965","component_name":"salesorderapp-ui","component_instance":-1,"source_instance":-1,"organization_id":"26f8afbe-50d1-448f-81e9-c738b2504804","organization_name":"8fd6ac6ctrial","space_id":"a8460b67-b005-477e-a885-af01acf20eae","space_name":"dev","context_id":"","msg":"Dynamic log level switching not available"} (STDOUT, APP/PROC/WEB)#
#2026 07 22 03:58:10.568#Z#DEBUG#435a90b7-8581-11f1-952a-eeee0a8c50ce.salesorderapp-ui#flowable-async-job-executor-thread-3017#
[PollStartAppStatusExecution] af43ed23-8273-4aa0-a6ba-24f0f480a965 [2026-07-22T03:58:06.803941] {"written_at":"2026-07-22T03:58:06.802Z","written_ts":1784692686802000000,"csn_component":"-","correlation_id":"mrvjy2fn","type":"log","logger":"nodejs-logger","layer":"/approuter","level":"info","container_id":"10.32.1.5","component_type":"application","component_id":"af43ed23-8273-4aa0-a6ba-24f0f480a965","component_name":"salesorderapp-ui","component_instance":-1,"source_instance":-1,"organization_id":"26f8afbe-50d1-448f-81e9-c738b2504804","organization_name":"8fd6ac6ctrial","space_id":"a8460b67-b005-477e-a885-af01acf20eae","space_name":"dev","context_id":"mrvjy2fn","msg":"Application router version 22.0.3"} (STDOUT, APP/PROC/WEB)#
#2026 07 22 03:58:10.568#Z#DEBUG#435a90b7-8581-11f1-952a-eeee0a8c50ce.salesorderapp-ui#flowable-async-job-executor-thread-3017#
[PollStartAppStatusExecution] af43ed23-8273-4aa0-a6ba-24f0f480a965 [2026-07-22T03:58:06.810160] {"written_at":"2026-07-22T03:58:06.809Z","written_ts":1784692686809000000,"csn_component":"-","correlation_id":"mrvjy2ft","type":"log","logger":"nodejs-logger","layer":"/Configuration","level":"info","container_id":"10.32.1.5","component_type":"application","component_id":"af43ed23-8273-4aa0-a6ba-24f0f480a965","component_name":"salesorderapp-ui","component_instance":-1,"source_instance":-1,"organization_id":"26f8afbe-50d1-448f-81e9-c738b2504804","organization_name":"8fd6ac6ctrial","space_id":"a8460b67-b005-477e-a885-af01acf20eae","space_name":"dev","context_id":"mrvjy2ft","msg":"No COOKIES environment variable"} (STDOUT, APP/PROC/WEB)#
#2026 07 22 03:58:10.568#Z#DEBUG#435a90b7-8581-11f1-952a-eeee0a8c50ce.salesorderapp-ui#flowable-async-job-executor-thread-3017#
[PollStartAppStatusExecution] af43ed23-8273-4aa0-a6ba-24f0f480a965 [2026-07-22T03:58:06.820616] /home/vcap/app/node_modules/@sap/approuter/lib/utils/JsonValidator.js:30 (STDERR, APP/PROC/WEB)#
#2026 07 22 03:58:10.568#Z#DEBUG#435a90b7-8581-11f1-952a-eeee0a8c50ce.salesorderapp-ui#flowable-async-job-executor-thread-3017#
[PollStartAppStatusExecution] af43ed23-8273-4aa0-a6ba-24f0f480a965 [2026-07-22T03:58:06.820674] throw new VError('%s%s: %s', (STDERR, APP/PROC/WEB)#
#2026 07 22 03:58:10.568#Z#DEBUG#435a90b7-8581-11f1-952a-eeee0a8c50ce.salesorderapp-ui#flowable-async-job-executor-thread-3017#
[PollStartAppStatusExecution] af43ed23-8273-4aa0-a6ba-24f0f480a965 [2026-07-22T03:58:06.820681] ^ (STDERR, APP/PROC/WEB)#
#2026 07 22 03:58:10.568#Z#DEBUG#435a90b7-8581-11f1-952a-eeee0a8c50ce.salesorderapp-ui#flowable-async-job-executor-thread-3017#
[PollStartAppStatusExecution] af43ed23-8273-4aa0-a6ba-24f0f480a965 [2026-07-22T03:58:06.821164] VError: xs-app.json/routes/0: Format validation failed (Route does not have a destination nor a localDir nor a service) (STDERR, APP/PROC/WEB)#
#2026 07 22 03:58:10.568#Z#DEBUG#435a90b7-8581-11f1-952a-eeee0a8c50ce.salesorderapp-ui#flowable-async-job-executor-thread-3017#
[PollStartAppStatusExecution] af43ed23-8273-4aa0-a6ba-24f0f480a965 [2026-07-22T03:58:06.821183] at JsonValidator.validate (/home/vcap/app/node_modules/@sap/approuter/lib/utils/JsonValidator.js:30:11) (STDERR, APP/PROC/WEB)#
#2026 07 22 03:58:10.568#Z#DEBUG#435a90b7-8581-11f1-952a-eeee0a8c50ce.salesorderapp-ui#flowable-async-job-executor-thread-3017#
[PollStartAppStatusExecution] af43ed23-8273-4aa0-a6ba-24f0f480a965 [2026-07-22T03:58:06.821187] at Object.validateXsApp (/home/vcap/app/node_modules/@sap/approuter/lib/configuration/validators.js:168:15) (STDERR, APP/PROC/WEB)#
#2026 07 22 03:58:10.568#Z#DEBUG#435a90b7-8581-11f1-952a-eeee0a8c50ce.salesorderapp-ui#flowable-async-job-executor-thread-3017#
[PollStartAppStatusExecution] af43ed23-8273-4aa0-a6ba-24f0f480a965 [2026-07-22T03:58:06.821209] at exports.loadConfiguration (/home/vcap/app/node_modules/@sap/approuter/lib/configuration/app-config.js:21:14) (STDERR, APP/PROC/WEB)#
#2026 07 22 03:58:10.568#Z#DEBUG#435a90b7-8581-11f1-952a-eeee0a8c50ce.salesorderapp-ui#flowable-async-job-executor-thread-3017#
[PollStartAppStatusExecution] af43ed23-8273-4aa0-a6ba-24f0f480a965 [2026-07-22T03:58:06.821215] at module.exports.load (/home/vcap/app/node_modules/@sap/approuter/lib/configuration.js:24:34) (STDERR, APP/PROC/WEB)#
#2026 07 22 03:58:10.568#Z#DEBUG#435a90b7-8581-11f1-952a-eeee0a8c50ce.salesorderapp-ui#flowable-async-job-executor-thread-3017#
[PollStartAppStatusExecution] af43ed23-8273-4aa0-a6ba-24f0f480a965 [2026-07-22T03:58:06.821219] at bootstrap (/home/vcap/app/node_modules/@sap/approuter/lib/bootstrap.js:68:38) (STDERR, APP/PROC/WEB)#
#2026 07 22 03:58:10.568#Z#DEBUG#435a90b7-8581-11f1-952a-eeee0a8c50ce.salesorderapp-ui#flowable-async-job-executor-thread-3017#
[PollStartAppStatusExecution] af43ed23-8273-4aa0-a6ba-24f0f480a965 [2026-07-22T03:58:06.821221] at Approuter.start (/home/vcap/app/node_modules/@sap/approuter/approuter.js:71:13) (STDERR, APP/PROC/WEB)#
#2026 07 22 03:58:10.568#Z#DEBUG#435a90b7-8581-11f1-952a-eeee0a8c50ce.salesorderapp-ui#flowable-async-job-executor-thread-3017#
[PollStartAppStatusExecution] af43ed23-8273-4aa0-a6ba-24f0f480a965 [2026-07-22T03:58:06.821224] at Object.<anonymous> (/home/vcap/app/node_modules/@sap/approuter/approuter.js:178:6) (STDERR, APP/PROC/WEB)#
#2026 07 22 03:58:10.568#Z#DEBUG#435a90b7-8581-11f1-952a-eeee0a8c50ce.salesorderapp-ui#flowable-async-job-executor-thread-3017#
[PollStartAppStatusExecution] af43ed23-8273-4aa0-a6ba-24f0f480a965 [2026-07-22T03:58:06.821227] at Module._compile (node:internal/modules/cjs/loader:1705:14) (STDERR, APP/PROC/WEB)#
#2026 07 22 03:58:10.568#Z#DEBUG#435a90b7-8581-11f1-952a-eeee0a8c50ce.salesorderapp-ui#flowable-async-job-executor-thread-3017#
[PollStartAppStatusExecution] af43ed23-8273-4aa0-a6ba-24f0f480a965 [2026-07-22T03:58:06.821231] at Object..js (node:internal/modules/cjs/loader:1838:10) (STDERR, APP/PROC/WEB)#
#2026 07 22 03:58:10.568#Z#DEBUG#435a90b7-8581-11f1-952a-eeee0a8c50ce.salesorderapp-ui#flowable-async-job-executor-thread-3017#
[PollStartAppStatusExecution] af43ed23-8273-4aa0-a6ba-24f0f480a965 [2026-07-22T03:58:06.821233] at Module.load (node:internal/modules/cjs/loader:1441:32) { (STDERR, APP/PROC/WEB)#
#2026 07 22 03:58:10.568#Z#DEBUG#435a90b7-8581-11f1-952a-eeee0a8c50ce.salesorderapp-ui#flowable-async-job-executor-thread-3017#
[PollStartAppStatusExecution] af43ed23-8273-4aa0-a6ba-24f0f480a965 [2026-07-22T03:58:06.821246] jse_shortmsg: 'xs-app.json/routes/0: Format validation failed (Route does not have a destination nor a localDir nor a service)', (STDERR, APP/PROC/WEB)#
#2026 07 22 03:58:10.568#Z#DEBUG#435a90b7-8581-11f1-952a-eeee0a8c50ce.salesorderapp-ui#flowable-async-job-executor-thread-3017#
[PollStartAppStatusExecution] af43ed23-8273-4aa0-a6ba-24f0f480a965 [2026-07-22T03:58:06.821250] jse_info: {} (STDERR, APP/PROC/WEB)#
#2026 07 22 03:58:10.568#Z#DEBUG#435a90b7-8581-11f1-952a-eeee0a8c50ce.salesorderapp-ui#flowable-async-job-executor-thread-3017#
[PollStartAppStatusExecution] af43ed23-8273-4aa0-a6ba-24f0f480a965 [2026-07-22T03:58:06.821252] } (STDERR, APP/PROC/WEB)#
#2026 07 22 03:58:10.568#Z#DEBUG#435a90b7-8581-11f1-952a-eeee0a8c50ce.salesorderapp-ui#flowable-async-job-executor-thread-3017#
[PollStartAppStatusExecution] af43ed23-8273-4aa0-a6ba-24f0f480a965 [2026-07-22T03:58:06.821255] Node.js v22.22.2 (STDERR, APP/PROC/WEB)#
#2026 07 22 03:58:10.568#Z#DEBUG#435a90b7-8581-11f1-952a-eeee0a8c50ce.salesorderapp-ui#flowable-async-job-executor-thread-3017#
[PollStartAppStatusExecution] af43ed23-8273-4aa0-a6ba-24f0f480a965 [2026-07-22T03:58:06.849033] npm notice (STDERR, APP/PROC/WEB)#
#2026 07 22 03:58:10.568#Z#DEBUG#435a90b7-8581-11f1-952a-eeee0a8c50ce.salesorderapp-ui#flowable-async-job-executor-thread-3017#
[PollStartAppStatusExecution] af43ed23-8273-4aa0-a6ba-24f0f480a965 [2026-07-22T03:58:06.849077] npm notice New major version of npm available! 10.9.7 -> 12.0.1 (STDERR, APP/PROC/WEB)#
#2026 07 22 03:58:10.568#Z#DEBUG#435a90b7-8581-11f1-952a-eeee0a8c50ce.salesorderapp-ui#flowable-async-job-executor-thread-3017#
[PollStartAppStatusExecution] af43ed23-8273-4aa0-a6ba-24f0f480a965 [2026-07-22T03:58:06.849082] npm notice Changelog: https://github.com/npm/cli/releases/tag/v12.0.1 (STDERR, APP/PROC/WEB)#
#2026 07 22 03:58:10.568#Z#DEBUG#435a90b7-8581-11f1-952a-eeee0a8c50ce.salesorderapp-ui#flowable-async-job-executor-thread-3017#
[PollStartAppStatusExecution] af43ed23-8273-4aa0-a6ba-24f0f480a965 [2026-07-22T03:58:06.849085] npm notice To update run: npm install -g npm@12.0.1 (STDERR, APP/PROC/WEB)#
#2026 07 22 03:58:10.568#Z#DEBUG#435a90b7-8581-11f1-952a-eeee0a8c50ce.salesorderapp-ui#flowable-async-job-executor-thread-3017#
[PollStartAppStatusExecution] af43ed23-8273-4aa0-a6ba-24f0f480a965 [2026-07-22T03:58:06.849098] npm notice (STDERR, APP/PROC/WEB)#
#2026 07 22 03:58:10.568#Z#DEBUG#435a90b7-8581-11f1-952a-eeee0a8c50ce.salesorderapp-ui#flowable-async-job-executor-thread-3017#
[PollStartAppStatusExecution] af43ed23-8273-4aa0-a6ba-24f0f480a965 [2026-07-22T03:58:06.946522] Exit status 1 (STDOUT, APP/PROC/WEB)#
#2026 07 22 03:58:20.618#Z#DEBUG#435a90b7-8581-11f1-952a-eeee0a8c50ce.salesorderapp-ui#flowable-async-job-executor-thread-3024#
[PollStartAppStatusExecution] af43ed23-8273-4aa0-a6ba-24f0f480a965 [2026-07-22T03:58:13.680834] Cell d1cc041a-d5a1-41d6-b9f6-6cda736ce3f0 stopping instance 808054da-acf0-430a-7261-4c53 (STDOUT, CELL)#
#2026 07 22 03:58:20.618#Z#DEBUG#435a90b7-8581-11f1-952a-eeee0a8c50ce.salesorderapp-ui#flowable-async-job-executor-thread-3024#
[PollStartAppStatusExecution] af43ed23-8273-4aa0-a6ba-24f0f480a965 [2026-07-22T03:58:13.680885] Cell d1cc041a-d5a1-41d6-b9f6-6cda736ce3f0 destroying container for instance 808054da-acf0-430a-7261-4c53 (STDOUT, CELL)#
#2026 07 22 03:58:20.618#Z#DEBUG#435a90b7-8581-11f1-952a-eeee0a8c50ce.salesorderapp-ui#flowable-async-job-executor-thread-3024#
[PollStartAppStatusExecution] af43ed23-8273-4aa0-a6ba-24f0f480a965 [2026-07-22T03:58:13.698988] Process has crashed with type: "web" (STDOUT, API)#
#2026 07 22 03:58:20.618#Z#DEBUG#435a90b7-8581-11f1-952a-eeee0a8c50ce.salesorderapp-ui#flowable-async-job-executor-thread-3024#
[PollStartAppStatusExecution] af43ed23-8273-4aa0-a6ba-24f0f480a965 [2026-07-22T03:58:13.713370] App instance exited with guid af43ed23-8273-4aa0-a6ba-24f0f480a965 payload: {"instance"=>"808054da-acf0-430a-7261-4c53", "index"=>0, "cell_id"=>"d1cc041a-d5a1-41d6-b9f6-6cda736ce3f0", "reason"=>"CRASHED", "exit_description"=>"APP/PROC/WEB: Exited with status 1", "crash_count"=>3, "crash_timestamp"=>1784692693677738405, "version"=>"052534ce-4d76-4de9-8bb0-cef0e4117563"} (STDOUT, API)#
#2026 07 22 03:58:20.618#Z#DEBUG#435a90b7-8581-11f1-952a-eeee0a8c50ce.salesorderapp-ui#flowable-async-job-executor-thread-3024#
[PollStartAppStatusExecution] af43ed23-8273-4aa0-a6ba-24f0f480a965 [2026-07-22T03:58:13.899298] Exit status 137 (STDOUT, PROXY)#
#2026 07 22 03:58:20.618#Z#DEBUG#435a90b7-8581-11f1-952a-eeee0a8c50ce.salesorderapp-ui#flowable-async-job-executor-thread-3024#
[PollStartAppStatusExecution] af43ed23-8273-4aa0-a6ba-24f0f480a965 [2026-07-22T03:58:16.757349] Cell d1cc041a-d5a1-41d6-b9f6-6cda736ce3f0 successfully destroyed container for instance 808054da-acf0-430a-7261-4c53 (STDOUT, CELL)#
#2026 07 22 03:58:30.686#Z#DEBUG#435a90b7-8581-11f1-952a-eeee0a8c50ce.salesorderapp-ui#flowable-async-job-executor-thread-3030#
[PollStartAppStatusExecution] af43ed23-8273-4aa0-a6ba-24f0f480a965 [2026-07-22T03:58:13.680834] Cell d1cc041a-d5a1-41d6-b9f6-6cda736ce3f0 stopping instance 808054da-acf0-430a-7261-4c53 (STDOUT, CELL)#
#2026 07 22 03:58:30.686#Z#DEBUG#435a90b7-8581-11f1-952a-eeee0a8c50ce.salesorderapp-ui#flowable-async-job-executor-thread-3030#
[PollStartAppStatusExecution] af43ed23-8273-4aa0-a6ba-24f0f480a965 [2026-07-22T03:58:13.680885] Cell d1cc041a-d5a1-41d6-b9f6-6cda736ce3f0 destroying container for instance 808054da-acf0-430a-7261-4c53 (STDOUT, CELL)#
#2026 07 22 03:58:30.686#Z#DEBUG#435a90b7-8581-11f1-952a-eeee0a8c50ce.salesorderapp-ui#flowable-async-job-executor-thread-3030#
[PollStartAppStatusExecution] af43ed23-8273-4aa0-a6ba-24f0f480a965 [2026-07-22T03:58:13.698988] Process has crashed with type: "web" (STDOUT, API)#
#2026 07 22 03:58:30.686#Z#DEBUG#435a90b7-8581-11f1-952a-eeee0a8c50ce.salesorderapp-ui#flowable-async-job-executor-thread-3030#
[PollStartAppStatusExecution] af43ed23-8273-4aa0-a6ba-24f0f480a965 [2026-07-22T03:58:13.713370] App instance exited with guid af43ed23-8273-4aa0-a6ba-24f0f480a965 payload: {"instance"=>"808054da-acf0-430a-7261-4c53", "index"=>0, "cell_id"=>"d1cc041a-d5a1-41d6-b9f6-6cda736ce3f0", "reason"=>"CRASHED", "exit_description"=>"APP/PROC/WEB: Exited with status 1", "crash_count"=>3, "crash_timestamp"=>1784692693677738405, "version"=>"052534ce-4d76-4de9-8bb0-cef0e4117563"} (STDOUT, API)#
#2026 07 22 03:58:30.686#Z#DEBUG#435a90b7-8581-11f1-952a-eeee0a8c50ce.salesorderapp-ui#flowable-async-job-executor-thread-3030#
[PollStartAppStatusExecution] af43ed23-8273-4aa0-a6ba-24f0f480a965 [2026-07-22T03:58:13.899298] Exit status 137 (STDOUT, PROXY)#
#2026 07 22 03:58:30.686#Z#DEBUG#435a90b7-8581-11f1-952a-eeee0a8c50ce.salesorderapp-ui#flowable-async-job-executor-thread-3030#
[PollStartAppStatusExecution] af43ed23-8273-4aa0-a6ba-24f0f480a965 [2026-07-22T03:58:16.757349] Cell d1cc041a-d5a1-41d6-b9f6-6cda736ce3f0 successfully destroyed container for instance 808054da-acf0-430a-7261-4c53 (STDOUT, CELL)#
#2026 07 22 03:58:30.686#Z#DEBUG#435a90b7-8581-11f1-952a-eeee0a8c50ce.salesorderapp-ui#flowable-async-job-executor-thread-3030#
[PollStartAppStatusExecution] af43ed23-8273-4aa0-a6ba-24f0f480a965 [2026-07-22T03:58:21.712014] Stopping app with guid af43ed23-8273-4aa0-a6ba-24f0f480a965 (STDOUT, API)#
#2026 07 22 03:58:30.686#Z#DEBUG#435a90b7-8581-11f1-952a-eeee0a8c50ce.salesorderapp-ui#flowable-async-job-executor-thread-3030#
[PollStartAppStatusExecution] af43ed23-8273-4aa0-a6ba-24f0f480a965 [2026-07-22T03:58:21.887933] Starting app with guid af43ed23-8273-4aa0-a6ba-24f0f480a965 (STDOUT, API)#
#2026 07 22 03:58:30.686#Z#DEBUG#435a90b7-8581-11f1-952a-eeee0a8c50ce.salesorderapp-ui#flowable-async-job-executor-thread-3030#
[PollStartAppStatusExecution] af43ed23-8273-4aa0-a6ba-24f0f480a965 [2026-07-22T03:58:22.181295] Cell c839c7b1-088e-41af-b9b7-66256aacd457 creating container for instance 820d57ba-d0a0-473e-74dd-8a5d (STDOUT, CELL)#
#2026 07 22 03:58:30.686#Z#DEBUG#435a90b7-8581-11f1-952a-eeee0a8c50ce.salesorderapp-ui#flowable-async-job-executor-thread-3030#
[PollStartAppStatusExecution] af43ed23-8273-4aa0-a6ba-24f0f480a965 [2026-07-22T03:58:22.911961] Security group rules were updated (STDOUT, CELL)#
#2026 07 22 03:58:30.686#Z#DEBUG#435a90b7-8581-11f1-952a-eeee0a8c50ce.salesorderapp-ui#flowable-async-job-executor-thread-3030#
[PollStartAppStatusExecution] af43ed23-8273-4aa0-a6ba-24f0f480a965 [2026-07-22T03:58:23.028604] Cell c839c7b1-088e-41af-b9b7-66256aacd457 successfully created container for instance 820d57ba-d0a0-473e-74dd-8a5d (STDOUT, CELL)#
#2026 07 22 03:58:30.686#Z#DEBUG#435a90b7-8581-11f1-952a-eeee0a8c50ce.salesorderapp-ui#flowable-async-job-executor-thread-3030#
[PollStartAppStatusExecution] af43ed23-8273-4aa0-a6ba-24f0f480a965 [2026-07-22T03:58:23.695825] Downloading droplet... (STDOUT, CELL)#
#2026 07 22 03:58:30.686#Z#DEBUG#435a90b7-8581-11f1-952a-eeee0a8c50ce.salesorderapp-ui#flowable-async-job-executor-thread-3030#
[PollStartAppStatusExecution] af43ed23-8273-4aa0-a6ba-24f0f480a965 [2026-07-22T03:58:28.238805] Downloaded droplet (62.3M) (STDOUT, CELL)#
#2026 07 22 03:58:30.686#Z#DEBUG#435a90b7-8581-11f1-952a-eeee0a8c50ce.salesorderapp-ui#flowable-async-job-executor-thread-3030#
[PollStartAppStatusExecution] af43ed23-8273-4aa0-a6ba-24f0f480a965 [2026-07-22T03:58:28.239048] Starting health monitoring of container (STDOUT, CELL)#
#2026 07 22 03:58:30.686#Z#DEBUG#435a90b7-8581-11f1-952a-eeee0a8c50ce.salesorderapp-ui#flowable-async-job-executor-thread-3030#
[PollStartAppStatusExecution] af43ed23-8273-4aa0-a6ba-24f0f480a965 [2026-07-22T03:58:28.361675] Invoking pre-start scripts. (STDOUT, APP/PROC/WEB)#
#2026 07 22 03:58:30.686#Z#DEBUG#435a90b7-8581-11f1-952a-eeee0a8c50ce.salesorderapp-ui#flowable-async-job-executor-thread-3030#
[PollStartAppStatusExecution] af43ed23-8273-4aa0-a6ba-24f0f480a965 [2026-07-22T03:58:28.664449] Invoking start command. (STDOUT, APP/PROC/WEB)#
#2026 07 22 03:58:30.686#Z#DEBUG#435a90b7-8581-11f1-952a-eeee0a8c50ce.salesorderapp-ui#flowable-async-job-executor-thread-3030#
[PollStartAppStatusExecution] af43ed23-8273-4aa0-a6ba-24f0f480a965 [2026-07-22T03:58:29.149717] > app@1.0.0 start (STDOUT, APP/PROC/WEB)#
#2026 07 22 03:58:30.686#Z#DEBUG#435a90b7-8581-11f1-952a-eeee0a8c50ce.salesorderapp-ui#flowable-async-job-executor-thread-3030#
[PollStartAppStatusExecution] af43ed23-8273-4aa0-a6ba-24f0f480a965 [2026-07-22T03:58:29.149751] > node node_modules/@sap/approuter/approuter.js (STDOUT, APP/PROC/WEB)#
#2026 07 22 03:58:30.686#Z#DEBUG#435a90b7-8581-11f1-952a-eeee0a8c50ce.salesorderapp-ui#flowable-async-job-executor-thread-3030#
[PollStartAppStatusExecution] af43ed23-8273-4aa0-a6ba-24f0f480a965 [2026-07-22T03:58:29.349606] {"written_at":"2026-07-22T03:58:29.347Z","written_ts":1784692709347000000,"csn_component":"-","correlation_id":"-","type":"log","logger":"nodejs-logger","layer":"/LoggingLibrary","level":"warning","container_id":"10.32.2.6","component_type":"application","component_id":"af43ed23-8273-4aa0-a6ba-24f0f480a965","component_name":"salesorderapp-ui","component_instance":-1,"source_instance":-1,"organization_id":"26f8afbe-50d1-448f-81e9-c738b2504804","organization_name":"8fd6ac6ctrial","space_id":"a8460b67-b005-477e-a885-af01acf20eae","space_name":"dev","context_id":"","msg":"Dynamic log level switching not available"} (STDOUT, APP/PROC/WEB)#
#2026 07 22 03:58:30.686#Z#DEBUG#435a90b7-8581-11f1-952a-eeee0a8c50ce.salesorderapp-ui#flowable-async-job-executor-thread-3030#
[PollStartAppStatusExecution] af43ed23-8273-4aa0-a6ba-24f0f480a965 [2026-07-22T03:58:29.854712] {"written_at":"2026-07-22T03:58:29.853Z","written_ts":1784692709853000000,"csn_component":"-","correlation_id":"mrvjyk7y","type":"log","logger":"nodejs-logger","layer":"/approuter","level":"info","container_id":"10.32.2.6","component_type":"application","component_id":"af43ed23-8273-4aa0-a6ba-24f0f480a965","component_name":"salesorderapp-ui","component_instance":-1,"source_instance":-1,"organization_id":"26f8afbe-50d1-448f-81e9-c738b2504804","organization_name":"8fd6ac6ctrial","space_id":"a8460b67-b005-477e-a885-af01acf20eae","space_name":"dev","context_id":"mrvjyk7y","msg":"Application router version 22.0.3"} (STDOUT, APP/PROC/WEB)#
#2026 07 22 03:58:30.686#Z#DEBUG#435a90b7-8581-11f1-952a-eeee0a8c50ce.salesorderapp-ui#flowable-async-job-executor-thread-3030#
[PollStartAppStatusExecution] af43ed23-8273-4aa0-a6ba-24f0f480a965 [2026-07-22T03:58:29.859633] {"written_at":"2026-07-22T03:58:29.859Z","written_ts":1784692709859000000,"csn_component":"-","correlation_id":"mrvjyk83","type":"log","logger":"nodejs-logger","layer":"/Configuration","level":"info","container_id":"10.32.2.6","component_type":"application","component_id":"af43ed23-8273-4aa0-a6ba-24f0f480a965","component_name":"salesorderapp-ui","component_instance":-1,"source_instance":-1,"organization_id":"26f8afbe-50d1-448f-81e9-c738b2504804","organization_name":"8fd6ac6ctrial","space_id":"a8460b67-b005-477e-a885-af01acf20eae","space_name":"dev","context_id":"mrvjyk83","msg":"No COOKIES environment variable"} (STDOUT, APP/PROC/WEB)#
#2026 07 22 03:58:30.686#Z#DEBUG#435a90b7-8581-11f1-952a-eeee0a8c50ce.salesorderapp-ui#flowable-async-job-executor-thread-3030#
[PollStartAppStatusExecution] af43ed23-8273-4aa0-a6ba-24f0f480a965 [2026-07-22T03:58:29.865949] /home/vcap/app/node_modules/@sap/approuter/lib/utils/JsonValidator.js:30 (STDERR, APP/PROC/WEB)#
#2026 07 22 03:58:30.686#Z#DEBUG#435a90b7-8581-11f1-952a-eeee0a8c50ce.salesorderapp-ui#flowable-async-job-executor-thread-3030#
[PollStartAppStatusExecution] af43ed23-8273-4aa0-a6ba-24f0f480a965 [2026-07-22T03:58:29.865990] throw new VError('%s%s: %s', (STDERR, APP/PROC/WEB)#
#2026 07 22 03:58:30.686#Z#DEBUG#435a90b7-8581-11f1-952a-eeee0a8c50ce.salesorderapp-ui#flowable-async-job-executor-thread-3030#
[PollStartAppStatusExecution] af43ed23-8273-4aa0-a6ba-24f0f480a965 [2026-07-22T03:58:29.865994] ^ (STDERR, APP/PROC/WEB)#
#2026 07 22 03:58:30.686#Z#DEBUG#435a90b7-8581-11f1-952a-eeee0a8c50ce.salesorderapp-ui#flowable-async-job-executor-thread-3030#
[PollStartAppStatusExecution] af43ed23-8273-4aa0-a6ba-24f0f480a965 [2026-07-22T03:58:29.866363] VError: xs-app.json/routes/0: Format validation failed (Route does not have a destination nor a localDir nor a service) (STDERR, APP/PROC/WEB)#
#2026 07 22 03:58:30.686#Z#DEBUG#435a90b7-8581-11f1-952a-eeee0a8c50ce.salesorderapp-ui#flowable-async-job-executor-thread-3030#
[PollStartAppStatusExecution] af43ed23-8273-4aa0-a6ba-24f0f480a965 [2026-07-22T03:58:29.866382] at JsonValidator.validate (/home/vcap/app/node_modules/@sap/approuter/lib/utils/JsonValidator.js:30:11) (STDERR, APP/PROC/WEB)#
#2026 07 22 03:58:30.686#Z#DEBUG#435a90b7-8581-11f1-952a-eeee0a8c50ce.salesorderapp-ui#flowable-async-job-executor-thread-3030#
[PollStartAppStatusExecution] af43ed23-8273-4aa0-a6ba-24f0f480a965 [2026-07-22T03:58:29.866388] at Object.validateXsApp (/home/vcap/app/node_modules/@sap/approuter/lib/configuration/validators.js:168:15) (STDERR, APP/PROC/WEB)#
#2026 07 22 03:58:30.686#Z#DEBUG#435a90b7-8581-11f1-952a-eeee0a8c50ce.salesorderapp-ui#flowable-async-job-executor-thread-3030#
[PollStartAppStatusExecution] af43ed23-8273-4aa0-a6ba-24f0f480a965 [2026-07-22T03:58:29.866396] at exports.loadConfiguration (/home/vcap/app/node_modules/@sap/approuter/lib/configuration/app-config.js:21:14) (STDERR, APP/PROC/WEB)#
#2026 07 22 03:58:30.686#Z#DEBUG#435a90b7-8581-11f1-952a-eeee0a8c50ce.salesorderapp-ui#flowable-async-job-executor-thread-3030#
[PollStartAppStatusExecution] af43ed23-8273-4aa0-a6ba-24f0f480a965 [2026-07-22T03:58:29.866402] at module.exports.load (/home/vcap/app/node_modules/@sap/approuter/lib/configuration.js:24:34) (STDERR, APP/PROC/WEB)#
#2026 07 22 03:58:30.686#Z#DEBUG#435a90b7-8581-11f1-952a-eeee0a8c50ce.salesorderapp-ui#flowable-async-job-executor-thread-3030#
[PollStartAppStatusExecution] af43ed23-8273-4aa0-a6ba-24f0f480a965 [2026-07-22T03:58:29.866405] at bootstrap (/home/vcap/app/node_modules/@sap/approuter/lib/bootstrap.js:68:38) (STDERR, APP/PROC/WEB)#
#2026 07 22 03:58:30.686#Z#DEBUG#435a90b7-8581-11f1-952a-eeee0a8c50ce.salesorderapp-ui#flowable-async-job-executor-thread-3030#
[PollStartAppStatusExecution] af43ed23-8273-4aa0-a6ba-24f0f480a965 [2026-07-22T03:58:29.866444] at Approuter.start (/home/vcap/app/node_modules/@sap/approuter/approuter.js:71:13) (STDERR, APP/PROC/WEB)#
#2026 07 22 03:58:30.686#Z#DEBUG#435a90b7-8581-11f1-952a-eeee0a8c50ce.salesorderapp-ui#flowable-async-job-executor-thread-3030#
[PollStartAppStatusExecution] af43ed23-8273-4aa0-a6ba-24f0f480a965 [2026-07-22T03:58:29.866447] at Object.<anonymous> (/home/vcap/app/node_modules/@sap/approuter/approuter.js:178:6) (STDERR, APP/PROC/WEB)#
#2026 07 22 03:58:30.686#Z#DEBUG#435a90b7-8581-11f1-952a-eeee0a8c50ce.salesorderapp-ui#flowable-async-job-executor-thread-3030#
[PollStartAppStatusExecution] af43ed23-8273-4aa0-a6ba-24f0f480a965 [2026-07-22T03:58:29.866453] at Module._compile (node:internal/modules/cjs/loader:1705:14) (STDERR, APP/PROC/WEB)#
#2026 07 22 03:58:30.686#Z#DEBUG#435a90b7-8581-11f1-952a-eeee0a8c50ce.salesorderapp-ui#flowable-async-job-executor-thread-3030#
[PollStartAppStatusExecution] af43ed23-8273-4aa0-a6ba-24f0f480a965 [2026-07-22T03:58:29.866456] at Object..js (node:internal/modules/cjs/loader:1838:10) (STDERR, APP/PROC/WEB)#
#2026 07 22 03:58:30.686#Z#DEBUG#435a90b7-8581-11f1-952a-eeee0a8c50ce.salesorderapp-ui#flowable-async-job-executor-thread-3030#
[PollStartAppStatusExecution] af43ed23-8273-4aa0-a6ba-24f0f480a965 [2026-07-22T03:58:29.866459] at Module.load (node:internal/modules/cjs/loader:1441:32) { (STDERR, APP/PROC/WEB)#
#2026 07 22 03:58:30.686#Z#DEBUG#435a90b7-8581-11f1-952a-eeee0a8c50ce.salesorderapp-ui#flowable-async-job-executor-thread-3030#
[PollStartAppStatusExecution] af43ed23-8273-4aa0-a6ba-24f0f480a965 [2026-07-22T03:58:29.866462] jse_shortmsg: 'xs-app.json/routes/0: Format validation failed (Route does not have a destination nor a localDir nor a service)', (STDERR, APP/PROC/WEB)#
#2026 07 22 03:58:30.686#Z#DEBUG#435a90b7-8581-11f1-952a-eeee0a8c50ce.salesorderapp-ui#flowable-async-job-executor-thread-3030#
[PollStartAppStatusExecution] af43ed23-8273-4aa0-a6ba-24f0f480a965 [2026-07-22T03:58:29.866465] jse_info: {} (STDERR, APP/PROC/WEB)#
#2026 07 22 03:58:30.686#Z#DEBUG#435a90b7-8581-11f1-952a-eeee0a8c50ce.salesorderapp-ui#flowable-async-job-executor-thread-3030#
[PollStartAppStatusExecution] af43ed23-8273-4aa0-a6ba-24f0f480a965 [2026-07-22T03:58:29.866468] } (STDERR, APP/PROC/WEB)#
#2026 07 22 03:58:30.686#Z#DEBUG#435a90b7-8581-11f1-952a-eeee0a8c50ce.salesorderapp-ui#flowable-async-job-executor-thread-3030#
[PollStartAppStatusExecution] af43ed23-8273-4aa0-a6ba-24f0f480a965 [2026-07-22T03:58:29.866470] Node.js v22.22.2 (STDERR, APP/PROC/WEB)#
#2026 07 22 03:58:30.686#Z#DEBUG#435a90b7-8581-11f1-952a-eeee0a8c50ce.salesorderapp-ui#flowable-async-job-executor-thread-3030#
[PollStartAppStatusExecution] af43ed23-8273-4aa0-a6ba-24f0f480a965 [2026-07-22T03:58:29.882555] npm notice (STDERR, APP/PROC/WEB)#
#2026 07 22 03:58:30.686#Z#DEBUG#435a90b7-8581-11f1-952a-eeee0a8c50ce.salesorderapp-ui#flowable-async-job-executor-thread-3030#
[PollStartAppStatusExecution] af43ed23-8273-4aa0-a6ba-24f0f480a965 [2026-07-22T03:58:29.882609] npm notice New major version of npm available! 10.9.7 -> 12.0.1 (STDERR, APP/PROC/WEB)#
#2026 07 22 03:58:30.686#Z#DEBUG#435a90b7-8581-11f1-952a-eeee0a8c50ce.salesorderapp-ui#flowable-async-job-executor-thread-3030#
[PollStartAppStatusExecution] af43ed23-8273-4aa0-a6ba-24f0f480a965 [2026-07-22T03:58:29.882615] npm notice Changelog: https://github.com/npm/cli/releases/tag/v12.0.1 (STDERR, APP/PROC/WEB)#
#2026 07 22 03:58:30.686#Z#DEBUG#435a90b7-8581-11f1-952a-eeee0a8c50ce.salesorderapp-ui#flowable-async-job-executor-thread-3030#
[PollStartAppStatusExecution] af43ed23-8273-4aa0-a6ba-24f0f480a965 [2026-07-22T03:58:29.882617] npm notice To update run: npm install -g npm@12.0.1 (STDERR, APP/PROC/WEB)#
#2026 07 22 03:58:30.686#Z#DEBUG#435a90b7-8581-11f1-952a-eeee0a8c50ce.salesorderapp-ui#flowable-async-job-executor-thread-3030#
[PollStartAppStatusExecution] af43ed23-8273-4aa0-a6ba-24f0f480a965 [2026-07-22T03:58:29.882620] npm notice (STDERR, APP/PROC/WEB)#
#2026 07 22 03:58:30.686#Z#DEBUG#435a90b7-8581-11f1-952a-eeee0a8c50ce.salesorderapp-ui#flowable-async-job-executor-thread-3030#
[PollStartAppStatusExecution] af43ed23-8273-4aa0-a6ba-24f0f480a965 [2026-07-22T03:58:29.949685] Exit status 1 (STDOUT, APP/PROC/WEB)#
#2026 07 22 03:58:40.900#Z#DEBUG#435a90b7-8581-11f1-952a-eeee0a8c50ce.salesorderapp-ui#flowable-async-job-executor-thread-3037#
[PollStartAppStatusExecution] af43ed23-8273-4aa0-a6ba-24f0f480a965 [2026-07-22T03:58:37.670480] Cell c839c7b1-088e-41af-b9b7-66256aacd457 stopping instance 820d57ba-d0a0-473e-74dd-8a5d (STDOUT, CELL)#
#2026 07 22 03:58:40.900#Z#DEBUG#435a90b7-8581-11f1-952a-eeee0a8c50ce.salesorderapp-ui#flowable-async-job-executor-thread-3037#
[PollStartAppStatusExecution] af43ed23-8273-4aa0-a6ba-24f0f480a965 [2026-07-22T03:58:37.670531] Cell c839c7b1-088e-41af-b9b7-66256aacd457 destroying container for instance 820d57ba-d0a0-473e-74dd-8a5d (STDOUT, CELL)#
#2026 07 22 03:58:40.900#Z#DEBUG#435a90b7-8581-11f1-952a-eeee0a8c50ce.salesorderapp-ui#flowable-async-job-executor-thread-3037#
[PollStartAppStatusExecution] af43ed23-8273-4aa0-a6ba-24f0f480a965 [2026-07-22T03:58:37.677309] Process has crashed with type: "web" (STDOUT, API)#
#2026 07 22 03:58:40.900#Z#DEBUG#435a90b7-8581-11f1-952a-eeee0a8c50ce.salesorderapp-ui#flowable-async-job-executor-thread-3037#
[PollStartAppStatusExecution] af43ed23-8273-4aa0-a6ba-24f0f480a965 [2026-07-22T03:58:37.691250] App instance exited with guid af43ed23-8273-4aa0-a6ba-24f0f480a965 payload: {"instance"=>"820d57ba-d0a0-473e-74dd-8a5d", "index"=>0, "cell_id"=>"c839c7b1-088e-41af-b9b7-66256aacd457", "reason"=>"CRASHED", "exit_description"=>"APP/PROC/WEB: Exited with status 1", "crash_count"=>1, "crash_timestamp"=>1784692717653941788, "version"=>"a7783226-94f8-4061-9416-957188707804"} (STDOUT, API)#
#2026 07 22 03:58:40.900#Z#DEBUG#435a90b7-8581-11f1-952a-eeee0a8c50ce.salesorderapp-ui#flowable-async-job-executor-thread-3037#
[PollStartAppStatusExecution] af43ed23-8273-4aa0-a6ba-24f0f480a965 [2026-07-22T03:58:37.781222] Cell 77283d80-dfa7-40ba-ba4e-265aef112085 creating container for instance 3b238b88-be80-4459-4c23-a428 (STDOUT, CELL)#
#2026 07 22 03:58:40.900#Z#DEBUG#435a90b7-8581-11f1-952a-eeee0a8c50ce.salesorderapp-ui#flowable-async-job-executor-thread-3037#
[PollStartAppStatusExecution] af43ed23-8273-4aa0-a6ba-24f0f480a965 [2026-07-22T03:58:38.162202] Security group rules were updated (STDOUT, CELL)#
#2026 07 22 03:58:40.900#Z#DEBUG#435a90b7-8581-11f1-952a-eeee0a8c50ce.salesorderapp-ui#flowable-async-job-executor-thread-3037#
[PollStartAppStatusExecution] af43ed23-8273-4aa0-a6ba-24f0f480a965 [2026-07-22T03:58:38.222564] Cell 77283d80-dfa7-40ba-ba4e-265aef112085 successfully created container for instance 3b238b88-be80-4459-4c23-a428 (STDOUT, CELL)#
#2026 07 22 03:58:40.900#Z#DEBUG#435a90b7-8581-11f1-952a-eeee0a8c50ce.salesorderapp-ui#flowable-async-job-executor-thread-3037#
[PollStartAppStatusExecution] af43ed23-8273-4aa0-a6ba-24f0f480a965 [2026-07-22T03:58:38.241578] Exit status 137 (STDOUT, PROXY)#
#2026 07 22 03:58:40.900#Z#DEBUG#435a90b7-8581-11f1-952a-eeee0a8c50ce.salesorderapp-ui#flowable-async-job-executor-thread-3037#
[PollStartAppStatusExecution] af43ed23-8273-4aa0-a6ba-24f0f480a965 [2026-07-22T03:58:38.663858] Downloading droplet... (STDOUT, CELL)#
#2026 07 22 03:58:40.900#Z#DEBUG#435a90b7-8581-11f1-952a-eeee0a8c50ce.salesorderapp-ui#flowable-async-job-executor-thread-3037#
[PollStartAppStatusExecution] af43ed23-8273-4aa0-a6ba-24f0f480a965 [2026-07-22T03:58:40.260705] Cell c839c7b1-088e-41af-b9b7-66256aacd457 successfully destroyed container for instance 820d57ba-d0a0-473e-74dd-8a5d (STDOUT, CELL)#
#2026 07 22 03:58:50.972#Z#DEBUG#435a90b7-8581-11f1-952a-eeee0a8c50ce.salesorderapp-ui#flowable-async-job-executor-thread-3048#
[PollStartAppStatusExecution] af43ed23-8273-4aa0-a6ba-24f0f480a965 [2026-07-22T03:58:42.298960] Downloaded droplet (62.3M) (STDOUT, CELL)#
#2026 07 22 03:58:50.972#Z#DEBUG#435a90b7-8581-11f1-952a-eeee0a8c50ce.salesorderapp-ui#flowable-async-job-executor-thread-3048#
[PollStartAppStatusExecution] af43ed23-8273-4aa0-a6ba-24f0f480a965 [2026-07-22T03:58:42.299157] Starting health monitoring of container (STDOUT, CELL)#
#2026 07 22 03:58:50.972#Z#DEBUG#435a90b7-8581-11f1-952a-eeee0a8c50ce.salesorderapp-ui#flowable-async-job-executor-thread-3048#
[PollStartAppStatusExecution] af43ed23-8273-4aa0-a6ba-24f0f480a965 [2026-07-22T03:58:42.360390] Invoking pre-start scripts. (STDOUT, APP/PROC/WEB)#
#2026 07 22 03:58:50.972#Z#DEBUG#435a90b7-8581-11f1-952a-eeee0a8c50ce.salesorderapp-ui#flowable-async-job-executor-thread-3048#
[PollStartAppStatusExecution] af43ed23-8273-4aa0-a6ba-24f0f480a965 [2026-07-22T03:58:42.500149] Invoking start command. (STDOUT, APP/PROC/WEB)#
#2026 07 22 03:58:50.972#Z#DEBUG#435a90b7-8581-11f1-952a-eeee0a8c50ce.salesorderapp-ui#flowable-async-job-executor-thread-3048#
[PollStartAppStatusExecution] af43ed23-8273-4aa0-a6ba-24f0f480a965 [2026-07-22T03:58:42.792130] > app@1.0.0 start (STDOUT, APP/PROC/WEB)#
#2026 07 22 03:58:50.972#Z#DEBUG#435a90b7-8581-11f1-952a-eeee0a8c50ce.salesorderapp-ui#flowable-async-job-executor-thread-3048#
[PollStartAppStatusExecution] af43ed23-8273-4aa0-a6ba-24f0f480a965 [2026-07-22T03:58:42.792153] > node node_modules/@sap/approuter/approuter.js (STDOUT, APP/PROC/WEB)#
#2026 07 22 03:58:50.972#Z#DEBUG#435a90b7-8581-11f1-952a-eeee0a8c50ce.salesorderapp-ui#flowable-async-job-executor-thread-3048#
[PollStartAppStatusExecution] af43ed23-8273-4aa0-a6ba-24f0f480a965 [2026-07-22T03:58:42.938247] {"written_at":"2026-07-22T03:58:42.936Z","written_ts":1784692722936000000,"csn_component":"-","correlation_id":"-","type":"log","logger":"nodejs-logger","layer":"/LoggingLibrary","level":"warning","container_id":"10.32.3.6","component_type":"application","component_id":"af43ed23-8273-4aa0-a6ba-24f0f480a965","component_name":"salesorderapp-ui","component_instance":-1,"source_instance":-1,"organization_id":"26f8afbe-50d1-448f-81e9-c738b2504804","organization_name":"8fd6ac6ctrial","space_id":"a8460b67-b005-477e-a885-af01acf20eae","space_name":"dev","context_id":"","msg":"Dynamic log level switching not available"} (STDOUT, APP/PROC/WEB)#
#2026 07 22 03:58:50.972#Z#DEBUG#435a90b7-8581-11f1-952a-eeee0a8c50ce.salesorderapp-ui#flowable-async-job-executor-thread-3048#
[PollStartAppStatusExecution] af43ed23-8273-4aa0-a6ba-24f0f480a965 [2026-07-22T03:58:43.308986] {"written_at":"2026-07-22T03:58:43.308Z","written_ts":1784692723308000000,"csn_component":"-","correlation_id":"mrvjyulo","type":"log","logger":"nodejs-logger","layer":"/approuter","level":"info","container_id":"10.32.3.6","component_type":"application","component_id":"af43ed23-8273-4aa0-a6ba-24f0f480a965","component_name":"salesorderapp-ui","component_instance":-1,"source_instance":-1,"organization_id":"26f8afbe-50d1-448f-81e9-c738b2504804","organization_name":"8fd6ac6ctrial","space_id":"a8460b67-b005-477e-a885-af01acf20eae","space_name":"dev","context_id":"mrvjyulo","msg":"Application router version 22.0.3"} (STDOUT, APP/PROC/WEB)#
#2026 07 22 03:58:50.972#Z#DEBUG#435a90b7-8581-11f1-952a-eeee0a8c50ce.salesorderapp-ui#flowable-async-job-executor-thread-3048#
[PollStartAppStatusExecution] af43ed23-8273-4aa0-a6ba-24f0f480a965 [2026-07-22T03:58:43.312825] {"written_at":"2026-07-22T03:58:43.312Z","written_ts":1784692723312000000,"csn_component":"-","correlation_id":"mrvjyuls","type":"log","logger":"nodejs-logger","layer":"/Configuration","level":"info","container_id":"10.32.3.6","component_type":"application","component_id":"af43ed23-8273-4aa0-a6ba-24f0f480a965","component_name":"salesorderapp-ui","component_instance":-1,"source_instance":-1,"organization_id":"26f8afbe-50d1-448f-81e9-c738b2504804","organization_name":"8fd6ac6ctrial","space_id":"a8460b67-b005-477e-a885-af01acf20eae","space_name":"dev","context_id":"mrvjyuls","msg":"No COOKIES environment variable"} (STDOUT, APP/PROC/WEB)#
#2026 07 22 03:58:50.972#Z#DEBUG#435a90b7-8581-11f1-952a-eeee0a8c50ce.salesorderapp-ui#flowable-async-job-executor-thread-3048#
[PollStartAppStatusExecution] af43ed23-8273-4aa0-a6ba-24f0f480a965 [2026-07-22T03:58:43.317750] /home/vcap/app/node_modules/@sap/approuter/lib/utils/JsonValidator.js:30 (STDERR, APP/PROC/WEB)#
#2026 07 22 03:58:50.972#Z#DEBUG#435a90b7-8581-11f1-952a-eeee0a8c50ce.salesorderapp-ui#flowable-async-job-executor-thread-3048#
[PollStartAppStatusExecution] af43ed23-8273-4aa0-a6ba-24f0f480a965 [2026-07-22T03:58:43.317774] throw new VError('%s%s: %s', (STDERR, APP/PROC/WEB)#
#2026 07 22 03:58:50.972#Z#DEBUG#435a90b7-8581-11f1-952a-eeee0a8c50ce.salesorderapp-ui#flowable-async-job-executor-thread-3048#
[PollStartAppStatusExecution] af43ed23-8273-4aa0-a6ba-24f0f480a965 [2026-07-22T03:58:43.317778] ^ (STDERR, APP/PROC/WEB)#
#2026 07 22 03:58:50.972#Z#DEBUG#435a90b7-8581-11f1-952a-eeee0a8c50ce.salesorderapp-ui#flowable-async-job-executor-thread-3048#
[PollStartAppStatusExecution] af43ed23-8273-4aa0-a6ba-24f0f480a965 [2026-07-22T03:58:43.318096] VError: xs-app.json/routes/0: Format validation failed (Route does not have a destination nor a localDir nor a service) (STDERR, APP/PROC/WEB)#
#2026 07 22 03:58:50.972#Z#DEBUG#435a90b7-8581-11f1-952a-eeee0a8c50ce.salesorderapp-ui#flowable-async-job-executor-thread-3048#
[PollStartAppStatusExecution] af43ed23-8273-4aa0-a6ba-24f0f480a965 [2026-07-22T03:58:43.318112] at JsonValidator.validate (/home/vcap/app/node_modules/@sap/approuter/lib/utils/JsonValidator.js:30:11) (STDERR, APP/PROC/WEB)#
#2026 07 22 03:58:50.972#Z#DEBUG#435a90b7-8581-11f1-952a-eeee0a8c50ce.salesorderapp-ui#flowable-async-job-executor-thread-3048#
[PollStartAppStatusExecution] af43ed23-8273-4aa0-a6ba-24f0f480a965 [2026-07-22T03:58:43.318116] at Object.validateXsApp (/home/vcap/app/node_modules/@sap/approuter/lib/configuration/validators.js:168:15) (STDERR, APP/PROC/WEB)#
#2026 07 22 03:58:50.972#Z#DEBUG#435a90b7-8581-11f1-952a-eeee0a8c50ce.salesorderapp-ui#flowable-async-job-executor-thread-3048#
[PollStartAppStatusExecution] af43ed23-8273-4aa0-a6ba-24f0f480a965 [2026-07-22T03:58:43.318119] at exports.loadConfiguration (/home/vcap/app/node_modules/@sap/approuter/lib/configuration/app-config.js:21:14) (STDERR, APP/PROC/WEB)#
#2026 07 22 03:58:50.972#Z#DEBUG#435a90b7-8581-11f1-952a-eeee0a8c50ce.salesorderapp-ui#flowable-async-job-executor-thread-3048#
[PollStartAppStatusExecution] af43ed23-8273-4aa0-a6ba-24f0f480a965 [2026-07-22T03:58:43.318121] at module.exports.load (/home/vcap/app/node_modules/@sap/approuter/lib/configuration.js:24:34) (STDERR, APP/PROC/WEB)#
#2026 07 22 03:58:50.972#Z#DEBUG#435a90b7-8581-11f1-952a-eeee0a8c50ce.salesorderapp-ui#flowable-async-job-executor-thread-3048#
[PollStartAppStatusExecution] af43ed23-8273-4aa0-a6ba-24f0f480a965 [2026-07-22T03:58:43.318126] at bootstrap (/home/vcap/app/node_modules/@sap/approuter/lib/bootstrap.js:68:38) (STDERR, APP/PROC/WEB)#
#2026 07 22 03:58:50.972#Z#DEBUG#435a90b7-8581-11f1-952a-eeee0a8c50ce.salesorderapp-ui#flowable-async-job-executor-thread-3048#
[PollStartAppStatusExecution] af43ed23-8273-4aa0-a6ba-24f0f480a965 [2026-07-22T03:58:43.318129] at Approuter.start (/home/vcap/app/node_modules/@sap/approuter/approuter.js:71:13) (STDERR, APP/PROC/WEB)#
#2026 07 22 03:58:50.972#Z#DEBUG#435a90b7-8581-11f1-952a-eeee0a8c50ce.salesorderapp-ui#flowable-async-job-executor-thread-3048#
[PollStartAppStatusExecution] af43ed23-8273-4aa0-a6ba-24f0f480a965 [2026-07-22T03:58:43.318131] at Object.<anonymous> (/home/vcap/app/node_modules/@sap/approuter/approuter.js:178:6) (STDERR, APP/PROC/WEB)#
#2026 07 22 03:58:50.972#Z#DEBUG#435a90b7-8581-11f1-952a-eeee0a8c50ce.salesorderapp-ui#flowable-async-job-executor-thread-3048#
[PollStartAppStatusExecution] af43ed23-8273-4aa0-a6ba-24f0f480a965 [2026-07-22T03:58:43.318134] at Module._compile (node:internal/modules/cjs/loader:1705:14) (STDERR, APP/PROC/WEB)#
#2026 07 22 03:58:50.972#Z#DEBUG#435a90b7-8581-11f1-952a-eeee0a8c50ce.salesorderapp-ui#flowable-async-job-executor-thread-3048#
[PollStartAppStatusExecution] af43ed23-8273-4aa0-a6ba-24f0f480a965 [2026-07-22T03:58:43.318137] at Object..js (node:internal/modules/cjs/loader:1838:10) (STDERR, APP/PROC/WEB)#
#2026 07 22 03:58:50.972#Z#DEBUG#435a90b7-8581-11f1-952a-eeee0a8c50ce.salesorderapp-ui#flowable-async-job-executor-thread-3048#
[PollStartAppStatusExecution] af43ed23-8273-4aa0-a6ba-24f0f480a965 [2026-07-22T03:58:43.318139] at Module.load (node:internal/modules/cjs/loader:1441:32) { (STDERR, APP/PROC/WEB)#
#2026 07 22 03:58:50.972#Z#DEBUG#435a90b7-8581-11f1-952a-eeee0a8c50ce.salesorderapp-ui#flowable-async-job-executor-thread-3048#
[PollStartAppStatusExecution] af43ed23-8273-4aa0-a6ba-24f0f480a965 [2026-07-22T03:58:43.318146] jse_shortmsg: 'xs-app.json/routes/0: Format validation failed (Route does not have a destination nor a localDir nor a service)', (STDERR, APP/PROC/WEB)#
#2026 07 22 03:58:50.972#Z#DEBUG#435a90b7-8581-11f1-952a-eeee0a8c50ce.salesorderapp-ui#flowable-async-job-executor-thread-3048#
[PollStartAppStatusExecution] af43ed23-8273-4aa0-a6ba-24f0f480a965 [2026-07-22T03:58:43.318148] jse_info: {} (STDERR, APP/PROC/WEB)#
#2026 07 22 03:58:50.972#Z#DEBUG#435a90b7-8581-11f1-952a-eeee0a8c50ce.salesorderapp-ui#flowable-async-job-executor-thread-3048#
[PollStartAppStatusExecution] af43ed23-8273-4aa0-a6ba-24f0f480a965 [2026-07-22T03:58:43.318150] } (STDERR, APP/PROC/WEB)#
#2026 07 22 03:58:50.972#Z#DEBUG#435a90b7-8581-11f1-952a-eeee0a8c50ce.salesorderapp-ui#flowable-async-job-executor-thread-3048#
[PollStartAppStatusExecution] af43ed23-8273-4aa0-a6ba-24f0f480a965 [2026-07-22T03:58:43.318153] Node.js v22.22.2 (STDERR, APP/PROC/WEB)#
#2026 07 22 03:58:50.972#Z#DEBUG#435a90b7-8581-11f1-952a-eeee0a8c50ce.salesorderapp-ui#flowable-async-job-executor-thread-3048#
[PollStartAppStatusExecution] af43ed23-8273-4aa0-a6ba-24f0f480a965 [2026-07-22T03:58:43.330477] npm notice (STDERR, APP/PROC/WEB)#
#2026 07 22 03:58:50.972#Z#DEBUG#435a90b7-8581-11f1-952a-eeee0a8c50ce.salesorderapp-ui#flowable-async-job-executor-thread-3048#
[PollStartAppStatusExecution] af43ed23-8273-4aa0-a6ba-24f0f480a965 [2026-07-22T03:58:43.330492] npm notice New major version of npm available! 10.9.7 -> 12.0.1 (STDERR, APP/PROC/WEB)#
#2026 07 22 03:58:50.972#Z#DEBUG#435a90b7-8581-11f1-952a-eeee0a8c50ce.salesorderapp-ui#flowable-async-job-executor-thread-3048#
[PollStartAppStatusExecution] af43ed23-8273-4aa0-a6ba-24f0f480a965 [2026-07-22T03:58:43.330497] npm notice Changelog: https://github.com/npm/cli/releases/tag/v12.0.1 (STDERR, APP/PROC/WEB)#
#2026 07 22 03:58:50.972#Z#DEBUG#435a90b7-8581-11f1-952a-eeee0a8c50ce.salesorderapp-ui#flowable-async-job-executor-thread-3048#
[PollStartAppStatusExecution] af43ed23-8273-4aa0-a6ba-24f0f480a965 [2026-07-22T03:58:43.330499] npm notice To update run: npm install -g npm@12.0.1 (STDERR, APP/PROC/WEB)#
#2026 07 22 03:58:50.972#Z#DEBUG#435a90b7-8581-11f1-952a-eeee0a8c50ce.salesorderapp-ui#flowable-async-job-executor-thread-3048#
[PollStartAppStatusExecution] af43ed23-8273-4aa0-a6ba-24f0f480a965 [2026-07-22T03:58:43.330502] npm notice (STDERR, APP/PROC/WEB)#
#2026 07 22 03:58:50.972#Z#DEBUG#435a90b7-8581-11f1-952a-eeee0a8c50ce.salesorderapp-ui#flowable-async-job-executor-thread-3048#
[PollStartAppStatusExecution] af43ed23-8273-4aa0-a6ba-24f0f480a965 [2026-07-22T03:58:43.384716] Exit status 1 (STDOUT, APP/PROC/WEB)#
#2026 07 22 03:58:50.972#Z#DEBUG#435a90b7-8581-11f1-952a-eeee0a8c50ce.salesorderapp-ui#flowable-async-job-executor-thread-3048#
[PollStartAppStatusExecution] af43ed23-8273-4aa0-a6ba-24f0f480a965 [2026-07-22T03:58:49.695312] Cell 77283d80-dfa7-40ba-ba4e-265aef112085 stopping instance 3b238b88-be80-4459-4c23-a428 (STDOUT, CELL)#
#2026 07 22 03:58:50.972#Z#DEBUG#435a90b7-8581-11f1-952a-eeee0a8c50ce.salesorderapp-ui#flowable-async-job-executor-thread-3048#
[PollStartAppStatusExecution] af43ed23-8273-4aa0-a6ba-24f0f480a965 [2026-07-22T03:58:49.695380] Cell 77283d80-dfa7-40ba-ba4e-265aef112085 destroying container for instance 3b238b88-be80-4459-4c23-a428 (STDOUT, CELL)#
#2026 07 22 03:58:50.972#Z#DEBUG#435a90b7-8581-11f1-952a-eeee0a8c50ce.salesorderapp-ui#flowable-async-job-executor-thread-3048#
[PollStartAppStatusExecution] af43ed23-8273-4aa0-a6ba-24f0f480a965 [2026-07-22T03:58:49.701222] Process has crashed with type: "web" (STDOUT, API)#
#2026 07 22 03:58:50.972#Z#DEBUG#435a90b7-8581-11f1-952a-eeee0a8c50ce.salesorderapp-ui#flowable-async-job-executor-thread-3048#
[PollStartAppStatusExecution] af43ed23-8273-4aa0-a6ba-24f0f480a965 [2026-07-22T03:58:49.717312] App instance exited with guid af43ed23-8273-4aa0-a6ba-24f0f480a965 payload: {"instance"=>"3b238b88-be80-4459-4c23-a428", "index"=>0, "cell_id"=>"77283d80-dfa7-40ba-ba4e-265aef112085", "reason"=>"CRASHED", "exit_description"=>"APP/PROC/WEB: Exited with status 1", "crash_count"=>2, "crash_timestamp"=>1784692729674060747, "version"=>"a7783226-94f8-4061-9416-957188707804"} (STDOUT, API)#
#2026 07 22 03:58:50.972#Z#DEBUG#435a90b7-8581-11f1-952a-eeee0a8c50ce.salesorderapp-ui#flowable-async-job-executor-thread-3048#
[PollStartAppStatusExecution] af43ed23-8273-4aa0-a6ba-24f0f480a965 [2026-07-22T03:58:49.843845] Exit status 137 (STDOUT, PROXY)#
#2026 07 22 03:58:50.972#Z#DEBUG#435a90b7-8581-11f1-952a-eeee0a8c50ce.salesorderapp-ui#flowable-async-job-executor-thread-3048#
[PollStartAppStatusExecution] af43ed23-8273-4aa0-a6ba-24f0f480a965 [2026-07-22T03:58:49.907580] Cell c839c7b1-088e-41af-b9b7-66256aacd457 creating container for instance 284ecf5a-fcf5-46e6-4b4b-d84e (STDOUT, CELL)#
#2026 07 22 03:59:01.077#Z#DEBUG#435a90b7-8581-11f1-952a-eeee0a8c50ce.salesorderapp-ui#flowable-async-job-executor-thread-3049#
[PollStartAppStatusExecution] af43ed23-8273-4aa0-a6ba-24f0f480a965 [2026-07-22T03:58:50.688053] Security group rules were updated (STDOUT, CELL)#
#2026 07 22 03:59:01.077#Z#DEBUG#435a90b7-8581-11f1-952a-eeee0a8c50ce.salesorderapp-ui#flowable-async-job-executor-thread-3049#
[PollStartAppStatusExecution] af43ed23-8273-4aa0-a6ba-24f0f480a965 [2026-07-22T03:58:50.793314] Cell c839c7b1-088e-41af-b9b7-66256aacd457 successfully created container for instance 284ecf5a-fcf5-46e6-4b4b-d84e (STDOUT, CELL)#
#2026 07 22 03:59:01.077#Z#DEBUG#435a90b7-8581-11f1-952a-eeee0a8c50ce.salesorderapp-ui#flowable-async-job-executor-thread-3049#
[PollStartAppStatusExecution] af43ed23-8273-4aa0-a6ba-24f0f480a965 [2026-07-22T03:58:51.582945] Downloading droplet... (STDOUT, CELL)#
#2026 07 22 03:59:01.077#Z#DEBUG#435a90b7-8581-11f1-952a-eeee0a8c50ce.salesorderapp-ui#flowable-async-job-executor-thread-3049#
[PollStartAppStatusExecution] af43ed23-8273-4aa0-a6ba-24f0f480a965 [2026-07-22T03:58:51.756344] Cell 77283d80-dfa7-40ba-ba4e-265aef112085 successfully destroyed container for instance 3b238b88-be80-4459-4c23-a428 (STDOUT, CELL)#
#2026 07 22 03:59:01.077#Z#DEBUG#435a90b7-8581-11f1-952a-eeee0a8c50ce.salesorderapp-ui#flowable-async-job-executor-thread-3049#
[PollStartAppStatusExecution] af43ed23-8273-4aa0-a6ba-24f0f480a965 [2026-07-22T03:58:53.565186] Downloaded droplet (STDOUT, CELL)#
#2026 07 22 03:59:01.077#Z#DEBUG#435a90b7-8581-11f1-952a-eeee0a8c50ce.salesorderapp-ui#flowable-async-job-executor-thread-3049#
[PollStartAppStatusExecution] af43ed23-8273-4aa0-a6ba-24f0f480a965 [2026-07-22T03:58:53.565388] Starting health monitoring of container (STDOUT, CELL)#
#2026 07 22 03:59:01.077#Z#DEBUG#435a90b7-8581-11f1-952a-eeee0a8c50ce.salesorderapp-ui#flowable-async-job-executor-thread-3049#
[PollStartAppStatusExecution] af43ed23-8273-4aa0-a6ba-24f0f480a965 [2026-07-22T03:58:53.688817] Invoking pre-start scripts. (STDOUT, APP/PROC/WEB)#
#2026 07 22 03:59:01.077#Z#DEBUG#435a90b7-8581-11f1-952a-eeee0a8c50ce.salesorderapp-ui#flowable-async-job-executor-thread-3049#
[PollStartAppStatusExecution] af43ed23-8273-4aa0-a6ba-24f0f480a965 [2026-07-22T03:58:53.904418] Invoking start command. (STDOUT, APP/PROC/WEB)#
#2026 07 22 03:59:01.077#Z#DEBUG#435a90b7-8581-11f1-952a-eeee0a8c50ce.salesorderapp-ui#flowable-async-job-executor-thread-3049#
[PollStartAppStatusExecution] af43ed23-8273-4aa0-a6ba-24f0f480a965 [2026-07-22T03:58:54.339033] > app@1.0.0 start (STDOUT, APP/PROC/WEB)#
#2026 07 22 03:59:01.077#Z#DEBUG#435a90b7-8581-11f1-952a-eeee0a8c50ce.salesorderapp-ui#flowable-async-job-executor-thread-3049#
[PollStartAppStatusExecution] af43ed23-8273-4aa0-a6ba-24f0f480a965 [2026-07-22T03:58:54.339066] > node node_modules/@sap/approuter/approuter.js (STDOUT, APP/PROC/WEB)#
#2026 07 22 03:59:01.077#Z#DEBUG#435a90b7-8581-11f1-952a-eeee0a8c50ce.salesorderapp-ui#flowable-async-job-executor-thread-3049#
[PollStartAppStatusExecution] af43ed23-8273-4aa0-a6ba-24f0f480a965 [2026-07-22T03:58:54.539307] {"written_at":"2026-07-22T03:58:54.537Z","written_ts":1784692734537000000,"csn_component":"-","correlation_id":"-","type":"log","logger":"nodejs-logger","layer":"/LoggingLibrary","level":"warning","container_id":"10.32.2.6","component_type":"application","component_id":"af43ed23-8273-4aa0-a6ba-24f0f480a965","component_name":"salesorderapp-ui","component_instance":-1,"source_instance":-1,"organization_id":"26f8afbe-50d1-448f-81e9-c738b2504804","organization_name":"8fd6ac6ctrial","space_id":"a8460b67-b005-477e-a885-af01acf20eae","space_name":"dev","context_id":"","msg":"Dynamic log level switching not available"} (STDOUT, APP/PROC/WEB)#
#2026 07 22 03:59:01.077#Z#DEBUG#435a90b7-8581-11f1-952a-eeee0a8c50ce.salesorderapp-ui#flowable-async-job-executor-thread-3049#
[PollStartAppStatusExecution] af43ed23-8273-4aa0-a6ba-24f0f480a965 [2026-07-22T03:58:55.135310] {"written_at":"2026-07-22T03:58:55.134Z","written_ts":1784692735134000000,"csn_component":"-","correlation_id":"mrvjz3q6","type":"log","logger":"nodejs-logger","layer":"/approuter","level":"info","container_id":"10.32.2.6","component_type":"application","component_id":"af43ed23-8273-4aa0-a6ba-24f0f480a965","component_name":"salesorderapp-ui","component_instance":-1,"source_instance":-1,"organization_id":"26f8afbe-50d1-448f-81e9-c738b2504804","organization_name":"8fd6ac6ctrial","space_id":"a8460b67-b005-477e-a885-af01acf20eae","space_name":"dev","context_id":"mrvjz3q6","msg":"Application router version 22.0.3"} (STDOUT, APP/PROC/WEB)#
#2026 07 22 03:59:01.077#Z#DEBUG#435a90b7-8581-11f1-952a-eeee0a8c50ce.salesorderapp-ui#flowable-async-job-executor-thread-3049#
[PollStartAppStatusExecution] af43ed23-8273-4aa0-a6ba-24f0f480a965 [2026-07-22T03:58:55.141199] {"written_at":"2026-07-22T03:58:55.140Z","written_ts":1784692735140000000,"csn_component":"-","correlation_id":"mrvjz3qc","type":"log","logger":"nodejs-logger","layer":"/Configuration","level":"info","container_id":"10.32.2.6","component_type":"application","component_id":"af43ed23-8273-4aa0-a6ba-24f0f480a965","component_name":"salesorderapp-ui","component_instance":-1,"source_instance":-1,"organization_id":"26f8afbe-50d1-448f-81e9-c738b2504804","organization_name":"8fd6ac6ctrial","space_id":"a8460b67-b005-477e-a885-af01acf20eae","space_name":"dev","context_id":"mrvjz3qc","msg":"No COOKIES environment variable"} (STDOUT, APP/PROC/WEB)#
#2026 07 22 03:59:01.077#Z#DEBUG#435a90b7-8581-11f1-952a-eeee0a8c50ce.salesorderapp-ui#flowable-async-job-executor-thread-3049#
[PollStartAppStatusExecution] af43ed23-8273-4aa0-a6ba-24f0f480a965 [2026-07-22T03:58:55.148904] /home/vcap/app/node_modules/@sap/approuter/lib/utils/JsonValidator.js:30 (STDERR, APP/PROC/WEB)#
#2026 07 22 03:59:01.077#Z#DEBUG#435a90b7-8581-11f1-952a-eeee0a8c50ce.salesorderapp-ui#flowable-async-job-executor-thread-3049#
[PollStartAppStatusExecution] af43ed23-8273-4aa0-a6ba-24f0f480a965 [2026-07-22T03:58:55.148933] throw new VError('%s%s: %s', (STDERR, APP/PROC/WEB)#
#2026 07 22 03:59:01.077#Z#DEBUG#435a90b7-8581-11f1-952a-eeee0a8c50ce.salesorderapp-ui#flowable-async-job-executor-thread-3049#
[PollStartAppStatusExecution] af43ed23-8273-4aa0-a6ba-24f0f480a965 [2026-07-22T03:58:55.148939] ^ (STDERR, APP/PROC/WEB)#
#2026 07 22 03:59:01.077#Z#DEBUG#435a90b7-8581-11f1-952a-eeee0a8c50ce.salesorderapp-ui#flowable-async-job-executor-thread-3049#
[PollStartAppStatusExecution] af43ed23-8273-4aa0-a6ba-24f0f480a965 [2026-07-22T03:58:55.150268] VError: xs-app.json/routes/0: Format validation failed (Route does not have a destination nor a localDir nor a service) (STDERR, APP/PROC/WEB)#
#2026 07 22 03:59:01.077#Z#DEBUG#435a90b7-8581-11f1-952a-eeee0a8c50ce.salesorderapp-ui#flowable-async-job-executor-thread-3049#
[PollStartAppStatusExecution] af43ed23-8273-4aa0-a6ba-24f0f480a965 [2026-07-22T03:58:55.150285] at JsonValidator.validate (/home/vcap/app/node_modules/@sap/approuter/lib/utils/JsonValidator.js:30:11) (STDERR, APP/PROC/WEB)#
#2026 07 22 03:59:01.077#Z#DEBUG#435a90b7-8581-11f1-952a-eeee0a8c50ce.salesorderapp-ui#flowable-async-job-executor-thread-3049#
[PollStartAppStatusExecution] af43ed23-8273-4aa0-a6ba-24f0f480a965 [2026-07-22T03:58:55.150288] at Object.validateXsApp (/home/vcap/app/node_modules/@sap/approuter/lib/configuration/validators.js:168:15) (STDERR, APP/PROC/WEB)#
#2026 07 22 03:59:01.077#Z#DEBUG#435a90b7-8581-11f1-952a-eeee0a8c50ce.salesorderapp-ui#flowable-async-job-executor-thread-3049#
[PollStartAppStatusExecution] af43ed23-8273-4aa0-a6ba-24f0f480a965 [2026-07-22T03:58:55.150290] at exports.loadConfiguration (/home/vcap/app/node_modules/@sap/approuter/lib/configuration/app-config.js:21:14) (STDERR, APP/PROC/WEB)#
#2026 07 22 03:59:01.077#Z#DEBUG#435a90b7-8581-11f1-952a-eeee0a8c50ce.salesorderapp-ui#flowable-async-job-executor-thread-3049#
[PollStartAppStatusExecution] af43ed23-8273-4aa0-a6ba-24f0f480a965 [2026-07-22T03:58:55.150299] at module.exports.load (/home/vcap/app/node_modules/@sap/approuter/lib/configuration.js:24:34) (STDERR, APP/PROC/WEB)#
#2026 07 22 03:59:01.077#Z#DEBUG#435a90b7-8581-11f1-952a-eeee0a8c50ce.salesorderapp-ui#flowable-async-job-executor-thread-3049#
[PollStartAppStatusExecution] af43ed23-8273-4aa0-a6ba-24f0f480a965 [2026-07-22T03:58:55.150304] at bootstrap (/home/vcap/app/node_modules/@sap/approuter/lib/bootstrap.js:68:38) (STDERR, APP/PROC/WEB)#
#2026 07 22 03:59:01.077#Z#DEBUG#435a90b7-8581-11f1-952a-eeee0a8c50ce.salesorderapp-ui#flowable-async-job-executor-thread-3049#
[PollStartAppStatusExecution] af43ed23-8273-4aa0-a6ba-24f0f480a965 [2026-07-22T03:58:55.150308] at Approuter.start (/home/vcap/app/node_modules/@sap/approuter/approuter.js:71:13) (STDERR, APP/PROC/WEB)#
#2026 07 22 03:59:01.077#Z#DEBUG#435a90b7-8581-11f1-952a-eeee0a8c50ce.salesorderapp-ui#flowable-async-job-executor-thread-3049#
[PollStartAppStatusExecution] af43ed23-8273-4aa0-a6ba-24f0f480a965 [2026-07-22T03:58:55.150314] at Object.<anonymous> (/home/vcap/app/node_modules/@sap/approuter/approuter.js:178:6) (STDERR, APP/PROC/WEB)#
#2026 07 22 03:59:01.077#Z#DEBUG#435a90b7-8581-11f1-952a-eeee0a8c50ce.salesorderapp-ui#flowable-async-job-executor-thread-3049#
[PollStartAppStatusExecution] af43ed23-8273-4aa0-a6ba-24f0f480a965 [2026-07-22T03:58:55.150321] at Module._compile (node:internal/modules/cjs/loader:1705:14) (STDERR, APP/PROC/WEB)#
#2026 07 22 03:59:01.077#Z#DEBUG#435a90b7-8581-11f1-952a-eeee0a8c50ce.salesorderapp-ui#flowable-async-job-executor-thread-3049#
[PollStartAppStatusExecution] af43ed23-8273-4aa0-a6ba-24f0f480a965 [2026-07-22T03:58:55.150325] at Object..js (node:internal/modules/cjs/loader:1838:10) (STDERR, APP/PROC/WEB)#
#2026 07 22 03:59:01.077#Z#DEBUG#435a90b7-8581-11f1-952a-eeee0a8c50ce.salesorderapp-ui#flowable-async-job-executor-thread-3049#
[PollStartAppStatusExecution] af43ed23-8273-4aa0-a6ba-24f0f480a965 [2026-07-22T03:58:55.150328] at Module.load (node:internal/modules/cjs/loader:1441:32) { (STDERR, APP/PROC/WEB)#
#2026 07 22 03:59:01.077#Z#DEBUG#435a90b7-8581-11f1-952a-eeee0a8c50ce.salesorderapp-ui#flowable-async-job-executor-thread-3049#
[PollStartAppStatusExecution] af43ed23-8273-4aa0-a6ba-24f0f480a965 [2026-07-22T03:58:55.150331] jse_shortmsg: 'xs-app.json/routes/0: Format validation failed (Route does not have a destination nor a localDir nor a service)', (STDERR, APP/PROC/WEB)#
#2026 07 22 03:59:01.077#Z#DEBUG#435a90b7-8581-11f1-952a-eeee0a8c50ce.salesorderapp-ui#flowable-async-job-executor-thread-3049#
[PollStartAppStatusExecution] af43ed23-8273-4aa0-a6ba-24f0f480a965 [2026-07-22T03:58:55.150336] jse_info: {} (STDERR, APP/PROC/WEB)#
#2026 07 22 03:59:01.077#Z#DEBUG#435a90b7-8581-11f1-952a-eeee0a8c50ce.salesorderapp-ui#flowable-async-job-executor-thread-3049#
[PollStartAppStatusExecution] af43ed23-8273-4aa0-a6ba-24f0f480a965 [2026-07-22T03:58:55.150339] } (STDERR, APP/PROC/WEB)#
#2026 07 22 03:59:01.077#Z#DEBUG#435a90b7-8581-11f1-952a-eeee0a8c50ce.salesorderapp-ui#flowable-async-job-executor-thread-3049#
[PollStartAppStatusExecution] af43ed23-8273-4aa0-a6ba-24f0f480a965 [2026-07-22T03:58:55.150417] Node.js v22.22.2 (STDERR, APP/PROC/WEB)#
#2026 07 22 03:59:01.077#Z#DEBUG#435a90b7-8581-11f1-952a-eeee0a8c50ce.salesorderapp-ui#flowable-async-job-executor-thread-3049#
[PollStartAppStatusExecution] af43ed23-8273-4aa0-a6ba-24f0f480a965 [2026-07-22T03:58:55.169678] npm notice (STDERR, APP/PROC/WEB)#
#2026 07 22 03:59:01.077#Z#DEBUG#435a90b7-8581-11f1-952a-eeee0a8c50ce.salesorderapp-ui#flowable-async-job-executor-thread-3049#
[PollStartAppStatusExecution] af43ed23-8273-4aa0-a6ba-24f0f480a965 [2026-07-22T03:58:55.169707] npm notice New major version of npm available! 10.9.7 -> 12.0.1 (STDERR, APP/PROC/WEB)#
#2026 07 22 03:59:01.077#Z#DEBUG#435a90b7-8581-11f1-952a-eeee0a8c50ce.salesorderapp-ui#flowable-async-job-executor-thread-3049#
[PollStartAppStatusExecution] af43ed23-8273-4aa0-a6ba-24f0f480a965 [2026-07-22T03:58:55.169713] npm notice Changelog: https://github.com/npm/cli/releases/tag/v12.0.1 (STDERR, APP/PROC/WEB)#
#2026 07 22 03:59:01.077#Z#DEBUG#435a90b7-8581-11f1-952a-eeee0a8c50ce.salesorderapp-ui#flowable-async-job-executor-thread-3049#
[PollStartAppStatusExecution] af43ed23-8273-4aa0-a6ba-24f0f480a965 [2026-07-22T03:58:55.169720] npm notice To update run: npm install -g npm@12.0.1 (STDERR, APP/PROC/WEB)#
#2026 07 22 03:59:01.077#Z#DEBUG#435a90b7-8581-11f1-952a-eeee0a8c50ce.salesorderapp-ui#flowable-async-job-executor-thread-3049#
[PollStartAppStatusExecution] af43ed23-8273-4aa0-a6ba-24f0f480a965 [2026-07-22T03:58:55.169722] npm notice (STDERR, APP/PROC/WEB)#
#2026 07 22 03:59:01.077#Z#DEBUG#435a90b7-8581-11f1-952a-eeee0a8c50ce.salesorderapp-ui#flowable-async-job-executor-thread-3049#
[PollStartAppStatusExecution] af43ed23-8273-4aa0-a6ba-24f0f480a965 [2026-07-22T03:58:55.241135] Exit status 1 (STDOUT, APP/PROC/WEB)#
#2026 07 22 03:59:11.172#Z#DEBUG#435a90b7-8581-11f1-952a-eeee0a8c50ce.salesorderapp-ui#flowable-async-job-executor-thread-3058#
[PollStartAppStatusExecution] af43ed23-8273-4aa0-a6ba-24f0f480a965 [2026-07-22T03:59:01.659550] Cell c839c7b1-088e-41af-b9b7-66256aacd457 stopping instance 284ecf5a-fcf5-46e6-4b4b-d84e (STDOUT, CELL)#
#2026 07 22 03:59:11.172#Z#DEBUG#435a90b7-8581-11f1-952a-eeee0a8c50ce.salesorderapp-ui#flowable-async-job-executor-thread-3058#
[PollStartAppStatusExecution] af43ed23-8273-4aa0-a6ba-24f0f480a965 [2026-07-22T03:59:01.659591] Cell c839c7b1-088e-41af-b9b7-66256aacd457 destroying container for instance 284ecf5a-fcf5-46e6-4b4b-d84e (STDOUT, CELL)#
#2026 07 22 03:59:11.172#Z#DEBUG#435a90b7-8581-11f1-952a-eeee0a8c50ce.salesorderapp-ui#flowable-async-job-executor-thread-3058#
[PollStartAppStatusExecution] af43ed23-8273-4aa0-a6ba-24f0f480a965 [2026-07-22T03:59:01.681857] Process has crashed with type: "web" (STDOUT, API)#
#2026 07 22 03:59:11.172#Z#DEBUG#435a90b7-8581-11f1-952a-eeee0a8c50ce.salesorderapp-ui#flowable-async-job-executor-thread-3058#
[PollStartAppStatusExecution] af43ed23-8273-4aa0-a6ba-24f0f480a965 [2026-07-22T03:59:01.695043] App instance exited with guid af43ed23-8273-4aa0-a6ba-24f0f480a965 payload: {"instance"=>"284ecf5a-fcf5-46e6-4b4b-d84e", "index"=>0, "cell_id"=>"c839c7b1-088e-41af-b9b7-66256aacd457", "reason"=>"CRASHED", "exit_description"=>"APP/PROC/WEB: Exited with status 1", "crash_count"=>3, "crash_timestamp"=>1784692741656274110, "version"=>"a7783226-94f8-4061-9416-957188707804"} (STDOUT, API)#
#2026 07 22 03:59:11.172#Z#DEBUG#435a90b7-8581-11f1-952a-eeee0a8c50ce.salesorderapp-ui#flowable-async-job-executor-thread-3058#
[PollStartAppStatusExecution] af43ed23-8273-4aa0-a6ba-24f0f480a965 [2026-07-22T03:59:01.912216] Exit status 137 (STDOUT, PROXY)#
#2026 07 22 03:59:11.172#Z#DEBUG#435a90b7-8581-11f1-952a-eeee0a8c50ce.salesorderapp-ui#flowable-async-job-executor-thread-3058#
[PollStartAppStatusExecution] af43ed23-8273-4aa0-a6ba-24f0f480a965 [2026-07-22T03:59:04.279172] Cell c839c7b1-088e-41af-b9b7-66256aacd457 successfully destroyed container for instance 284ecf5a-fcf5-46e6-4b4b-d84e (STDOUT, CELL)#
#2026 07 22 03:59:21.319#Z#DEBUG#435a90b7-8581-11f1-952a-eeee0a8c50ce.salesorderapp-ui#flowable-async-job-executor-thread-3067#
[PollStartAppStatusExecution] af43ed23-8273-4aa0-a6ba-24f0f480a965 [2026-07-22T03:59:01.659550] Cell c839c7b1-088e-41af-b9b7-66256aacd457 stopping instance 284ecf5a-fcf5-46e6-4b4b-d84e (STDOUT, CELL)#
#2026 07 22 03:59:21.319#Z#DEBUG#435a90b7-8581-11f1-952a-eeee0a8c50ce.salesorderapp-ui#flowable-async-job-executor-thread-3067#
[PollStartAppStatusExecution] af43ed23-8273-4aa0-a6ba-24f0f480a965 [2026-07-22T03:59:01.659591] Cell c839c7b1-088e-41af-b9b7-66256aacd457 destroying container for instance 284ecf5a-fcf5-46e6-4b4b-d84e (STDOUT, CELL)#
#2026 07 22 03:59:21.319#Z#DEBUG#435a90b7-8581-11f1-952a-eeee0a8c50ce.salesorderapp-ui#flowable-async-job-executor-thread-3067#
[PollStartAppStatusExecution] af43ed23-8273-4aa0-a6ba-24f0f480a965 [2026-07-22T03:59:01.681857] Process has crashed with type: "web" (STDOUT, API)#
#2026 07 22 03:59:21.319#Z#DEBUG#435a90b7-8581-11f1-952a-eeee0a8c50ce.salesorderapp-ui#flowable-async-job-executor-thread-3067#
[PollStartAppStatusExecution] af43ed23-8273-4aa0-a6ba-24f0f480a965 [2026-07-22T03:59:01.695043] App instance exited with guid af43ed23-8273-4aa0-a6ba-24f0f480a965 payload: {"instance"=>"284ecf5a-fcf5-46e6-4b4b-d84e", "index"=>0, "cell_id"=>"c839c7b1-088e-41af-b9b7-66256aacd457", "reason"=>"CRASHED", "exit_description"=>"APP/PROC/WEB: Exited with status 1", "crash_count"=>3, "crash_timestamp"=>1784692741656274110, "version"=>"a7783226-94f8-4061-9416-957188707804"} (STDOUT, API)#
#2026 07 22 03:59:21.319#Z#DEBUG#435a90b7-8581-11f1-952a-eeee0a8c50ce.salesorderapp-ui#flowable-async-job-executor-thread-3067#
[PollStartAppStatusExecution] af43ed23-8273-4aa0-a6ba-24f0f480a965 [2026-07-22T03:59:01.912216] Exit status 137 (STDOUT, PROXY)#
#2026 07 22 03:59:21.319#Z#DEBUG#435a90b7-8581-11f1-952a-eeee0a8c50ce.salesorderapp-ui#flowable-async-job-executor-thread-3067#
[PollStartAppStatusExecution] af43ed23-8273-4aa0-a6ba-24f0f480a965 [2026-07-22T03:59:04.279172] Cell c839c7b1-088e-41af-b9b7-66256aacd457 successfully destroyed container for instance 284ecf5a-fcf5-46e6-4b4b-d84e (STDOUT, CELL)#
#2026 07 22 03:59:21.319#Z#DEBUG#435a90b7-8581-11f1-952a-eeee0a8c50ce.salesorderapp-ui#flowable-async-job-executor-thread-3067#
[PollStartAppStatusExecution] af43ed23-8273-4aa0-a6ba-24f0f480a965 [2026-07-22T03:59:13.217973] Stopping app with guid af43ed23-8273-4aa0-a6ba-24f0f480a965 (STDOUT, API)#
#2026 07 22 03:59:21.319#Z#DEBUG#435a90b7-8581-11f1-952a-eeee0a8c50ce.salesorderapp-ui#flowable-async-job-executor-thread-3067#
[PollStartAppStatusExecution] af43ed23-8273-4aa0-a6ba-24f0f480a965 [2026-07-22T03:59:13.355874] Starting app with guid af43ed23-8273-4aa0-a6ba-24f0f480a965 (STDOUT, API)#
#2026 07 22 03:59:21.319#Z#DEBUG#435a90b7-8581-11f1-952a-eeee0a8c50ce.salesorderapp-ui#flowable-async-job-executor-thread-3067#
[PollStartAppStatusExecution] af43ed23-8273-4aa0-a6ba-24f0f480a965 [2026-07-22T03:59:13.554970] Cell 77283d80-dfa7-40ba-ba4e-265aef112085 creating container for instance 2a7d8a6c-dbd0-47c1-71ba-87b6 (STDOUT, CELL)#
#2026 07 22 03:59:21.319#Z#DEBUG#435a90b7-8581-11f1-952a-eeee0a8c50ce.salesorderapp-ui#flowable-async-job-executor-thread-3067#
[PollStartAppStatusExecution] af43ed23-8273-4aa0-a6ba-24f0f480a965 [2026-07-22T03:59:13.915009] Security group rules were updated (STDOUT, CELL)#
#2026 07 22 03:59:21.319#Z#DEBUG#435a90b7-8581-11f1-952a-eeee0a8c50ce.salesorderapp-ui#flowable-async-job-executor-thread-3067#
[PollStartAppStatusExecution] af43ed23-8273-4aa0-a6ba-24f0f480a965 [2026-07-22T03:59:13.962358] Cell 77283d80-dfa7-40ba-ba4e-265aef112085 successfully created container for instance 2a7d8a6c-dbd0-47c1-71ba-87b6 (STDOUT, CELL)#
#2026 07 22 03:59:21.319#Z#DEBUG#435a90b7-8581-11f1-952a-eeee0a8c50ce.salesorderapp-ui#flowable-async-job-executor-thread-3067#
[PollStartAppStatusExecution] af43ed23-8273-4aa0-a6ba-24f0f480a965 [2026-07-22T03:59:14.709459] Downloading droplet... (STDOUT, CELL)#
#2026 07 22 03:59:21.319#Z#DEBUG#435a90b7-8581-11f1-952a-eeee0a8c50ce.salesorderapp-ui#flowable-async-job-executor-thread-3067#
[PollStartAppStatusExecution] af43ed23-8273-4aa0-a6ba-24f0f480a965 [2026-07-22T03:59:18.294911] Downloaded droplet (62.3M) (STDOUT, CELL)#
#2026 07 22 03:59:21.319#Z#DEBUG#435a90b7-8581-11f1-952a-eeee0a8c50ce.salesorderapp-ui#flowable-async-job-executor-thread-3067#
[PollStartAppStatusExecution] af43ed23-8273-4aa0-a6ba-24f0f480a965 [2026-07-22T03:59:18.295053] Starting health monitoring of container (STDOUT, CELL)#
#2026 07 22 03:59:21.319#Z#DEBUG#435a90b7-8581-11f1-952a-eeee0a8c50ce.salesorderapp-ui#flowable-async-job-executor-thread-3067#
[PollStartAppStatusExecution] af43ed23-8273-4aa0-a6ba-24f0f480a965 [2026-07-22T03:59:18.354487] Invoking pre-start scripts. (STDOUT, APP/PROC/WEB)#
#2026 07 22 03:59:21.319#Z#DEBUG#435a90b7-8581-11f1-952a-eeee0a8c50ce.salesorderapp-ui#flowable-async-job-executor-thread-3067#
[PollStartAppStatusExecution] af43ed23-8273-4aa0-a6ba-24f0f480a965 [2026-07-22T03:59:18.491444] Invoking start command. (STDOUT, APP/PROC/WEB)#
#2026 07 22 03:59:21.319#Z#DEBUG#435a90b7-8581-11f1-952a-eeee0a8c50ce.salesorderapp-ui#flowable-async-job-executor-thread-3067#
[PollStartAppStatusExecution] af43ed23-8273-4aa0-a6ba-24f0f480a965 [2026-07-22T03:59:18.782623] > app@1.0.0 start (STDOUT, APP/PROC/WEB)#
#2026 07 22 03:59:21.319#Z#DEBUG#435a90b7-8581-11f1-952a-eeee0a8c50ce.salesorderapp-ui#flowable-async-job-executor-thread-3067#
[PollStartAppStatusExecution] af43ed23-8273-4aa0-a6ba-24f0f480a965 [2026-07-22T03:59:18.782656] > node node_modules/@sap/approuter/approuter.js (STDOUT, APP/PROC/WEB)#
#2026 07 22 03:59:21.319#Z#DEBUG#435a90b7-8581-11f1-952a-eeee0a8c50ce.salesorderapp-ui#flowable-async-job-executor-thread-3067#
[PollStartAppStatusExecution] af43ed23-8273-4aa0-a6ba-24f0f480a965 [2026-07-22T03:59:18.912445] {"written_at":"2026-07-22T03:59:18.911Z","written_ts":1784692758911000000,"csn_component":"-","correlation_id":"-","type":"log","logger":"nodejs-logger","layer":"/LoggingLibrary","level":"warning","container_id":"10.32.3.6","component_type":"application","component_id":"af43ed23-8273-4aa0-a6ba-24f0f480a965","component_name":"salesorderapp-ui","component_instance":-1,"source_instance":-1,"organization_id":"26f8afbe-50d1-448f-81e9-c738b2504804","organization_name":"8fd6ac6ctrial","space_id":"a8460b67-b005-477e-a885-af01acf20eae","space_name":"dev","context_id":"","msg":"Dynamic log level switching not available"} (STDOUT, APP/PROC/WEB)#
#2026 07 22 03:59:21.319#Z#DEBUG#435a90b7-8581-11f1-952a-eeee0a8c50ce.salesorderapp-ui#flowable-async-job-executor-thread-3067#
[PollStartAppStatusExecution] af43ed23-8273-4aa0-a6ba-24f0f480a965 [2026-07-22T03:59:19.258562] {"written_at":"2026-07-22T03:59:19.257Z","written_ts":1784692759257000000,"csn_component":"-","correlation_id":"mrvjzmca","type":"log","logger":"nodejs-logger","layer":"/approuter","level":"info","container_id":"10.32.3.6","component_type":"application","component_id":"af43ed23-8273-4aa0-a6ba-24f0f480a965","component_name":"salesorderapp-ui","component_instance":-1,"source_instance":-1,"organization_id":"26f8afbe-50d1-448f-81e9-c738b2504804","organization_name":"8fd6ac6ctrial","space_id":"a8460b67-b005-477e-a885-af01acf20eae","space_name":"dev","context_id":"mrvjzmca","msg":"Application router version 22.0.3"} (STDOUT, APP/PROC/WEB)#
#2026 07 22 03:59:21.319#Z#DEBUG#435a90b7-8581-11f1-952a-eeee0a8c50ce.salesorderapp-ui#flowable-async-job-executor-thread-3067#
[PollStartAppStatusExecution] af43ed23-8273-4aa0-a6ba-24f0f480a965 [2026-07-22T03:59:19.262265] {"written_at":"2026-07-22T03:59:19.262Z","written_ts":1784692759262000000,"csn_component":"-","correlation_id":"mrvjzmce","type":"log","logger":"nodejs-logger","layer":"/Configuration","level":"info","container_id":"10.32.3.6","component_type":"application","component_id":"af43ed23-8273-4aa0-a6ba-24f0f480a965","component_name":"salesorderapp-ui","component_instance":-1,"source_instance":-1,"organization_id":"26f8afbe-50d1-448f-81e9-c738b2504804","organization_name":"8fd6ac6ctrial","space_id":"a8460b67-b005-477e-a885-af01acf20eae","space_name":"dev","context_id":"mrvjzmce","msg":"No COOKIES environment variable"} (STDOUT, APP/PROC/WEB)#
#2026 07 22 03:59:21.319#Z#DEBUG#435a90b7-8581-11f1-952a-eeee0a8c50ce.salesorderapp-ui#flowable-async-job-executor-thread-3067#
[PollStartAppStatusExecution] af43ed23-8273-4aa0-a6ba-24f0f480a965 [2026-07-22T03:59:19.266983] /home/vcap/app/node_modules/@sap/approuter/lib/utils/JsonValidator.js:30 (STDERR, APP/PROC/WEB)#
#2026 07 22 03:59:21.319#Z#DEBUG#435a90b7-8581-11f1-952a-eeee0a8c50ce.salesorderapp-ui#flowable-async-job-executor-thread-3067#
[PollStartAppStatusExecution] af43ed23-8273-4aa0-a6ba-24f0f480a965 [2026-07-22T03:59:19.266997] throw new VError('%s%s: %s', (STDERR, APP/PROC/WEB)#
#2026 07 22 03:59:21.319#Z#DEBUG#435a90b7-8581-11f1-952a-eeee0a8c50ce.salesorderapp-ui#flowable-async-job-executor-thread-3067#
[PollStartAppStatusExecution] af43ed23-8273-4aa0-a6ba-24f0f480a965 [2026-07-22T03:59:19.267003] ^ (STDERR, APP/PROC/WEB)#
#2026 07 22 03:59:21.319#Z#DEBUG#435a90b7-8581-11f1-952a-eeee0a8c50ce.salesorderapp-ui#flowable-async-job-executor-thread-3067#
[PollStartAppStatusExecution] af43ed23-8273-4aa0-a6ba-24f0f480a965 [2026-07-22T03:59:19.267290] VError: xs-app.json/routes/0: Format validation failed (Route does not have a destination nor a localDir nor a service) (STDERR, APP/PROC/WEB)#
#2026 07 22 03:59:21.319#Z#DEBUG#435a90b7-8581-11f1-952a-eeee0a8c50ce.salesorderapp-ui#flowable-async-job-executor-thread-3067#
[PollStartAppStatusExecution] af43ed23-8273-4aa0-a6ba-24f0f480a965 [2026-07-22T03:59:19.267301] at JsonValidator.validate (/home/vcap/app/node_modules/@sap/approuter/lib/utils/JsonValidator.js:30:11) (STDERR, APP/PROC/WEB)#
#2026 07 22 03:59:21.319#Z#DEBUG#435a90b7-8581-11f1-952a-eeee0a8c50ce.salesorderapp-ui#flowable-async-job-executor-thread-3067#
[PollStartAppStatusExecution] af43ed23-8273-4aa0-a6ba-24f0f480a965 [2026-07-22T03:59:19.267306] at Object.validateXsApp (/home/vcap/app/node_modules/@sap/approuter/lib/configuration/validators.js:168:15) (STDERR, APP/PROC/WEB)#
#2026 07 22 03:59:21.319#Z#DEBUG#435a90b7-8581-11f1-952a-eeee0a8c50ce.salesorderapp-ui#flowable-async-job-executor-thread-3067#
[PollStartAppStatusExecution] af43ed23-8273-4aa0-a6ba-24f0f480a965 [2026-07-22T03:59:19.267309] at exports.loadConfiguration (/home/vcap/app/node_modules/@sap/approuter/lib/configuration/app-config.js:21:14) (STDERR, APP/PROC/WEB)#
#2026 07 22 03:59:21.319#Z#DEBUG#435a90b7-8581-11f1-952a-eeee0a8c50ce.salesorderapp-ui#flowable-async-job-executor-thread-3067#
[PollStartAppStatusExecution] af43ed23-8273-4aa0-a6ba-24f0f480a965 [2026-07-22T03:59:19.267311] at module.exports.load (/home/vcap/app/node_modules/@sap/approuter/lib/configuration.js:24:34) (STDERR, APP/PROC/WEB)#
#2026 07 22 03:59:21.319#Z#DEBUG#435a90b7-8581-11f1-952a-eeee0a8c50ce.salesorderapp-ui#flowable-async-job-executor-thread-3067#
[PollStartAppStatusExecution] af43ed23-8273-4aa0-a6ba-24f0f480a965 [2026-07-22T03:59:19.267315] at bootstrap (/home/vcap/app/node_modules/@sap/approuter/lib/bootstrap.js:68:38) (STDERR, APP/PROC/WEB)#
#2026 07 22 03:59:21.319#Z#DEBUG#435a90b7-8581-11f1-952a-eeee0a8c50ce.salesorderapp-ui#flowable-async-job-executor-thread-3067#
[PollStartAppStatusExecution] af43ed23-8273-4aa0-a6ba-24f0f480a965 [2026-07-22T03:59:19.267318] at Approuter.start (/home/vcap/app/node_modules/@sap/approuter/approuter.js:71:13) (STDERR, APP/PROC/WEB)#
#2026 07 22 03:59:21.319#Z#DEBUG#435a90b7-8581-11f1-952a-eeee0a8c50ce.salesorderapp-ui#flowable-async-job-executor-thread-3067#
[PollStartAppStatusExecution] af43ed23-8273-4aa0-a6ba-24f0f480a965 [2026-07-22T03:59:19.267322] at Object.<anonymous> (/home/vcap/app/node_modules/@sap/approuter/approuter.js:178:6) (STDERR, APP/PROC/WEB)#
#2026 07 22 03:59:21.319#Z#DEBUG#435a90b7-8581-11f1-952a-eeee0a8c50ce.salesorderapp-ui#flowable-async-job-executor-thread-3067#
[PollStartAppStatusExecution] af43ed23-8273-4aa0-a6ba-24f0f480a965 [2026-07-22T03:59:19.267325] at Module._compile (node:internal/modules/cjs/loader:1705:14) (STDERR, APP/PROC/WEB)#
#2026 07 22 03:59:21.319#Z#DEBUG#435a90b7-8581-11f1-952a-eeee0a8c50ce.salesorderapp-ui#flowable-async-job-executor-thread-3067#
[PollStartAppStatusExecution] af43ed23-8273-4aa0-a6ba-24f0f480a965 [2026-07-22T03:59:19.267327] at Object..js (node:internal/modules/cjs/loader:1838:10) (STDERR, APP/PROC/WEB)#
#2026 07 22 03:59:21.319#Z#DEBUG#435a90b7-8581-11f1-952a-eeee0a8c50ce.salesorderapp-ui#flowable-async-job-executor-thread-3067#
[PollStartAppStatusExecution] af43ed23-8273-4aa0-a6ba-24f0f480a965 [2026-07-22T03:59:19.267330] at Module.load (node:internal/modules/cjs/loader:1441:32) { (STDERR, APP/PROC/WEB)#
#2026 07 22 03:59:21.319#Z#DEBUG#435a90b7-8581-11f1-952a-eeee0a8c50ce.salesorderapp-ui#flowable-async-job-executor-thread-3067#
[PollStartAppStatusExecution] af43ed23-8273-4aa0-a6ba-24f0f480a965 [2026-07-22T03:59:19.267334] jse_shortmsg: 'xs-app.json/routes/0: Format validation failed (Route does not have a destination nor a localDir nor a service)', (STDERR, APP/PROC/WEB)#
#2026 07 22 03:59:21.319#Z#DEBUG#435a90b7-8581-11f1-952a-eeee0a8c50ce.salesorderapp-ui#flowable-async-job-executor-thread-3067#
[PollStartAppStatusExecution] af43ed23-8273-4aa0-a6ba-24f0f480a965 [2026-07-22T03:59:19.267336] jse_info: {} (STDERR, APP/PROC/WEB)#
#2026 07 22 03:59:21.319#Z#DEBUG#435a90b7-8581-11f1-952a-eeee0a8c50ce.salesorderapp-ui#flowable-async-job-executor-thread-3067#
[PollStartAppStatusExecution] af43ed23-8273-4aa0-a6ba-24f0f480a965 [2026-07-22T03:59:19.267339] } (STDERR, APP/PROC/WEB)#
#2026 07 22 03:59:21.319#Z#DEBUG#435a90b7-8581-11f1-952a-eeee0a8c50ce.salesorderapp-ui#flowable-async-job-executor-thread-3067#
[PollStartAppStatusExecution] af43ed23-8273-4aa0-a6ba-24f0f480a965 [2026-07-22T03:59:19.267343] Node.js v22.22.2 (STDERR, APP/PROC/WEB)#
#2026 07 22 03:59:21.319#Z#DEBUG#435a90b7-8581-11f1-952a-eeee0a8c50ce.salesorderapp-ui#flowable-async-job-executor-thread-3067#
[PollStartAppStatusExecution] af43ed23-8273-4aa0-a6ba-24f0f480a965 [2026-07-22T03:59:19.279509] npm notice (STDERR, APP/PROC/WEB)#
#2026 07 22 03:59:21.319#Z#DEBUG#435a90b7-8581-11f1-952a-eeee0a8c50ce.salesorderapp-ui#flowable-async-job-executor-thread-3067#
[PollStartAppStatusExecution] af43ed23-8273-4aa0-a6ba-24f0f480a965 [2026-07-22T03:59:19.279521] npm notice New major version of npm available! 10.9.7 -> 12.0.1 (STDERR, APP/PROC/WEB)#
#2026 07 22 03:59:21.319#Z#DEBUG#435a90b7-8581-11f1-952a-eeee0a8c50ce.salesorderapp-ui#flowable-async-job-executor-thread-3067#
[PollStartAppStatusExecution] af43ed23-8273-4aa0-a6ba-24f0f480a965 [2026-07-22T03:59:19.279524] npm notice Changelog: https://github.com/npm/cli/releases/tag/v12.0.1 (STDERR, APP/PROC/WEB)#
#2026 07 22 03:59:21.319#Z#DEBUG#435a90b7-8581-11f1-952a-eeee0a8c50ce.salesorderapp-ui#flowable-async-job-executor-thread-3067#
[PollStartAppStatusExecution] af43ed23-8273-4aa0-a6ba-24f0f480a965 [2026-07-22T03:59:19.279526] npm notice To update run: npm install -g npm@12.0.1 (STDERR, APP/PROC/WEB)#
#2026 07 22 03:59:21.319#Z#DEBUG#435a90b7-8581-11f1-952a-eeee0a8c50ce.salesorderapp-ui#flowable-async-job-executor-thread-3067#
[PollStartAppStatusExecution] af43ed23-8273-4aa0-a6ba-24f0f480a965 [2026-07-22T03:59:19.279528] npm notice (STDERR, APP/PROC/WEB)#
#2026 07 22 03:59:21.319#Z#DEBUG#435a90b7-8581-11f1-952a-eeee0a8c50ce.salesorderapp-ui#flowable-async-job-executor-thread-3067#
[PollStartAppStatusExecution] af43ed23-8273-4aa0-a6ba-24f0f480a965 [2026-07-22T03:59:19.331255] Exit status 1 (STDOUT, APP/PROC/WEB)#
#2026 07 22 03:59:31.342#Z#DEBUG#435a90b7-8581-11f1-952a-eeee0a8c50ce.salesorderapp-ui#flowable-async-job-executor-thread-3080#
[PollStartAppStatusExecution] af43ed23-8273-4aa0-a6ba-24f0f480a965 [2026-07-22T03:59:25.517269] Cell 77283d80-dfa7-40ba-ba4e-265aef112085 stopping instance 2a7d8a6c-dbd0-47c1-71ba-87b6 (STDOUT, CELL)#
#2026 07 22 03:59:31.342#Z#DEBUG#435a90b7-8581-11f1-952a-eeee0a8c50ce.salesorderapp-ui#flowable-async-job-executor-thread-3080#
[PollStartAppStatusExecution] af43ed23-8273-4aa0-a6ba-24f0f480a965 [2026-07-22T03:59:25.517303] Cell 77283d80-dfa7-40ba-ba4e-265aef112085 destroying container for instance 2a7d8a6c-dbd0-47c1-71ba-87b6 (STDOUT, CELL)#
#2026 07 22 03:59:31.342#Z#DEBUG#435a90b7-8581-11f1-952a-eeee0a8c50ce.salesorderapp-ui#flowable-async-job-executor-thread-3080#
[PollStartAppStatusExecution] af43ed23-8273-4aa0-a6ba-24f0f480a965 [2026-07-22T03:59:25.526597] Process has crashed with type: "web" (STDOUT, API)#
#2026 07 22 03:59:31.342#Z#DEBUG#435a90b7-8581-11f1-952a-eeee0a8c50ce.salesorderapp-ui#flowable-async-job-executor-thread-3080#
[PollStartAppStatusExecution] af43ed23-8273-4aa0-a6ba-24f0f480a965 [2026-07-22T03:59:25.540671] App instance exited with guid af43ed23-8273-4aa0-a6ba-24f0f480a965 payload: {"instance"=>"2a7d8a6c-dbd0-47c1-71ba-87b6", "index"=>0, "cell_id"=>"77283d80-dfa7-40ba-ba4e-265aef112085", "reason"=>"CRASHED", "exit_description"=>"APP/PROC/WEB: Exited with status 1", "crash_count"=>1, "crash_timestamp"=>1784692765500520793, "version"=>"e7e84c0b-8d1c-49b7-8eb1-39c86a5cdc72"} (STDOUT, API)#
#2026 07 22 03:59:31.342#Z#DEBUG#435a90b7-8581-11f1-952a-eeee0a8c50ce.salesorderapp-ui#flowable-async-job-executor-thread-3080#
[PollStartAppStatusExecution] af43ed23-8273-4aa0-a6ba-24f0f480a965 [2026-07-22T03:59:25.643641] Cell c839c7b1-088e-41af-b9b7-66256aacd457 creating container for instance 91059c3d-436b-4838-628c-1d25 (STDOUT, CELL)#
#2026 07 22 03:59:31.342#Z#DEBUG#435a90b7-8581-11f1-952a-eeee0a8c50ce.salesorderapp-ui#flowable-async-job-executor-thread-3080#
[PollStartAppStatusExecution] af43ed23-8273-4aa0-a6ba-24f0f480a965 [2026-07-22T03:59:25.705367] Exit status 137 (STDOUT, PROXY)#
#2026 07 22 03:59:31.342#Z#DEBUG#435a90b7-8581-11f1-952a-eeee0a8c50ce.salesorderapp-ui#flowable-async-job-executor-thread-3080#
[PollStartAppStatusExecution] af43ed23-8273-4aa0-a6ba-24f0f480a965 [2026-07-22T03:59:26.434881] Security group rules were updated (STDOUT, CELL)#
#2026 07 22 03:59:31.342#Z#DEBUG#435a90b7-8581-11f1-952a-eeee0a8c50ce.salesorderapp-ui#flowable-async-job-executor-thread-3080#
[PollStartAppStatusExecution] af43ed23-8273-4aa0-a6ba-24f0f480a965 [2026-07-22T03:59:26.536562] Cell c839c7b1-088e-41af-b9b7-66256aacd457 successfully created container for instance 91059c3d-436b-4838-628c-1d25 (STDOUT, CELL)#
#2026 07 22 03:59:31.342#Z#DEBUG#435a90b7-8581-11f1-952a-eeee0a8c50ce.salesorderapp-ui#flowable-async-job-executor-thread-3080#
[PollStartAppStatusExecution] af43ed23-8273-4aa0-a6ba-24f0f480a965 [2026-07-22T03:59:27.149544] Cell 77283d80-dfa7-40ba-ba4e-265aef112085 successfully destroyed container for instance 2a7d8a6c-dbd0-47c1-71ba-87b6 (STDOUT, CELL)#
#2026 07 22 03:59:31.342#Z#DEBUG#435a90b7-8581-11f1-952a-eeee0a8c50ce.salesorderapp-ui#flowable-async-job-executor-thread-3080#
[PollStartAppStatusExecution] af43ed23-8273-4aa0-a6ba-24f0f480a965 [2026-07-22T03:59:27.174853] Downloading droplet... (STDOUT, CELL)#
#2026 07 22 03:59:41.368#Z#DEBUG#435a90b7-8581-11f1-952a-eeee0a8c50ce.salesorderapp-ui#flowable-async-job-executor-thread-3087#
[PollStartAppStatusExecution] af43ed23-8273-4aa0-a6ba-24f0f480a965 [2026-07-22T03:59:31.847754] Downloaded droplet (62.3M) (STDOUT, CELL)#
#2026 07 22 03:59:41.368#Z#DEBUG#435a90b7-8581-11f1-952a-eeee0a8c50ce.salesorderapp-ui#flowable-async-job-executor-thread-3087#
[PollStartAppStatusExecution] af43ed23-8273-4aa0-a6ba-24f0f480a965 [2026-07-22T03:59:31.848242] Starting health monitoring of container (STDOUT, CELL)#
#2026 07 22 03:59:41.368#Z#DEBUG#435a90b7-8581-11f1-952a-eeee0a8c50ce.salesorderapp-ui#flowable-async-job-executor-thread-3087#
[PollStartAppStatusExecution] af43ed23-8273-4aa0-a6ba-24f0f480a965 [2026-07-22T03:59:31.996773] Invoking pre-start scripts. (STDOUT, APP/PROC/WEB)#
#2026 07 22 03:59:41.368#Z#DEBUG#435a90b7-8581-11f1-952a-eeee0a8c50ce.salesorderapp-ui#flowable-async-job-executor-thread-3087#
[PollStartAppStatusExecution] af43ed23-8273-4aa0-a6ba-24f0f480a965 [2026-07-22T03:59:32.204541] Invoking start command. (STDOUT, APP/PROC/WEB)#
#2026 07 22 03:59:41.368#Z#DEBUG#435a90b7-8581-11f1-952a-eeee0a8c50ce.salesorderapp-ui#flowable-async-job-executor-thread-3087#
[PollStartAppStatusExecution] af43ed23-8273-4aa0-a6ba-24f0f480a965 [2026-07-22T03:59:32.674872] > app@1.0.0 start (STDOUT, APP/PROC/WEB)#
#2026 07 22 03:59:41.368#Z#DEBUG#435a90b7-8581-11f1-952a-eeee0a8c50ce.salesorderapp-ui#flowable-async-job-executor-thread-3087#
[PollStartAppStatusExecution] af43ed23-8273-4aa0-a6ba-24f0f480a965 [2026-07-22T03:59:32.674911] > node node_modules/@sap/approuter/approuter.js (STDOUT, APP/PROC/WEB)#
#2026 07 22 03:59:41.368#Z#DEBUG#435a90b7-8581-11f1-952a-eeee0a8c50ce.salesorderapp-ui#flowable-async-job-executor-thread-3087#
[PollStartAppStatusExecution] af43ed23-8273-4aa0-a6ba-24f0f480a965 [2026-07-22T03:59:32.873707] {"written_at":"2026-07-22T03:59:32.871Z","written_ts":1784692772871000000,"csn_component":"-","correlation_id":"-","type":"log","logger":"nodejs-logger","layer":"/LoggingLibrary","level":"warning","container_id":"10.32.2.6","component_type":"application","component_id":"af43ed23-8273-4aa0-a6ba-24f0f480a965","component_name":"salesorderapp-ui","component_instance":-1,"source_instance":-1,"organization_id":"26f8afbe-50d1-448f-81e9-c738b2504804","organization_name":"8fd6ac6ctrial","space_id":"a8460b67-b005-477e-a885-af01acf20eae","space_name":"dev","context_id":"","msg":"Dynamic log level switching not available"} (STDOUT, APP/PROC/WEB)#
#2026 07 22 03:59:41.368#Z#DEBUG#435a90b7-8581-11f1-952a-eeee0a8c50ce.salesorderapp-ui#flowable-async-job-executor-thread-3087#
[PollStartAppStatusExecution] af43ed23-8273-4aa0-a6ba-24f0f480a965 [2026-07-22T03:59:33.421389] {"written_at":"2026-07-22T03:59:33.420Z","written_ts":1784692773420000000,"csn_component":"-","correlation_id":"mrvjzx9o","type":"log","logger":"nodejs-logger","layer":"/approuter","level":"info","container_id":"10.32.2.6","component_type":"application","component_id":"af43ed23-8273-4aa0-a6ba-24f0f480a965","component_name":"salesorderapp-ui","component_instance":-1,"source_instance":-1,"organization_id":"26f8afbe-50d1-448f-81e9-c738b2504804","organization_name":"8fd6ac6ctrial","space_id":"a8460b67-b005-477e-a885-af01acf20eae","space_name":"dev","context_id":"mrvjzx9o","msg":"Application router version 22.0.3"} (STDOUT, APP/PROC/WEB)#
#2026 07 22 03:59:41.368#Z#DEBUG#435a90b7-8581-11f1-952a-eeee0a8c50ce.salesorderapp-ui#flowable-async-job-executor-thread-3087#
[PollStartAppStatusExecution] af43ed23-8273-4aa0-a6ba-24f0f480a965 [2026-07-22T03:59:33.427724] {"written_at":"2026-07-22T03:59:33.426Z","written_ts":1784692773426000000,"csn_component":"-","correlation_id":"mrvjzx9u","type":"log","logger":"nodejs-logger","layer":"/Configuration","level":"info","container_id":"10.32.2.6","component_type":"application","component_id":"af43ed23-8273-4aa0-a6ba-24f0f480a965","component_name":"salesorderapp-ui","component_instance":-1,"source_instance":-1,"organization_id":"26f8afbe-50d1-448f-81e9-c738b2504804","organization_name":"8fd6ac6ctrial","space_id":"a8460b67-b005-477e-a885-af01acf20eae","space_name":"dev","context_id":"mrvjzx9u","msg":"No COOKIES environment variable"} (STDOUT, APP/PROC/WEB)#
#2026 07 22 03:59:41.369#Z#DEBUG#435a90b7-8581-11f1-952a-eeee0a8c50ce.salesorderapp-ui#flowable-async-job-executor-thread-3087#
[PollStartAppStatusExecution] af43ed23-8273-4aa0-a6ba-24f0f480a965 [2026-07-22T03:59:33.435715] /home/vcap/app/node_modules/@sap/approuter/lib/utils/JsonValidator.js:30 (STDERR, APP/PROC/WEB)#
#2026 07 22 03:59:41.369#Z#DEBUG#435a90b7-8581-11f1-952a-eeee0a8c50ce.salesorderapp-ui#flowable-async-job-executor-thread-3087#
[PollStartAppStatusExecution] af43ed23-8273-4aa0-a6ba-24f0f480a965 [2026-07-22T03:59:33.435743] throw new VError('%s%s: %s', (STDERR, APP/PROC/WEB)#
#2026 07 22 03:59:41.369#Z#DEBUG#435a90b7-8581-11f1-952a-eeee0a8c50ce.salesorderapp-ui#flowable-async-job-executor-thread-3087#
[PollStartAppStatusExecution] af43ed23-8273-4aa0-a6ba-24f0f480a965 [2026-07-22T03:59:33.435747] ^ (STDERR, APP/PROC/WEB)#
#2026 07 22 03:59:41.369#Z#DEBUG#435a90b7-8581-11f1-952a-eeee0a8c50ce.salesorderapp-ui#flowable-async-job-executor-thread-3087#
[PollStartAppStatusExecution] af43ed23-8273-4aa0-a6ba-24f0f480a965 [2026-07-22T03:59:33.436393] VError: xs-app.json/routes/0: Format validation failed (Route does not have a destination nor a localDir nor a service) (STDERR, APP/PROC/WEB)#
#2026 07 22 03:59:41.369#Z#DEBUG#435a90b7-8581-11f1-952a-eeee0a8c50ce.salesorderapp-ui#flowable-async-job-executor-thread-3087#
[PollStartAppStatusExecution] af43ed23-8273-4aa0-a6ba-24f0f480a965 [2026-07-22T03:59:33.436420] at JsonValidator.validate (/home/vcap/app/node_modules/@sap/approuter/lib/utils/JsonValidator.js:30:11) (STDERR, APP/PROC/WEB)#
#2026 07 22 03:59:41.369#Z#DEBUG#435a90b7-8581-11f1-952a-eeee0a8c50ce.salesorderapp-ui#flowable-async-job-executor-thread-3087#
[PollStartAppStatusExecution] af43ed23-8273-4aa0-a6ba-24f0f480a965 [2026-07-22T03:59:33.436423] at Object.validateXsApp (/home/vcap/app/node_modules/@sap/approuter/lib/configuration/validators.js:168:15) (STDERR, APP/PROC/WEB)#
#2026 07 22 03:59:41.369#Z#DEBUG#435a90b7-8581-11f1-952a-eeee0a8c50ce.salesorderapp-ui#flowable-async-job-executor-thread-3087#
[PollStartAppStatusExecution] af43ed23-8273-4aa0-a6ba-24f0f480a965 [2026-07-22T03:59:33.436427] at exports.loadConfiguration (/home/vcap/app/node_modules/@sap/approuter/lib/configuration/app-config.js:21:14) (STDERR, APP/PROC/WEB)#
#2026 07 22 03:59:41.369#Z#DEBUG#435a90b7-8581-11f1-952a-eeee0a8c50ce.salesorderapp-ui#flowable-async-job-executor-thread-3087#
[PollStartAppStatusExecution] af43ed23-8273-4aa0-a6ba-24f0f480a965 [2026-07-22T03:59:33.436431] at module.exports.load (/home/vcap/app/node_modules/@sap/approuter/lib/configuration.js:24:34) (STDERR, APP/PROC/WEB)#
#2026 07 22 03:59:41.369#Z#DEBUG#435a90b7-8581-11f1-952a-eeee0a8c50ce.salesorderapp-ui#flowable-async-job-executor-thread-3087#
[PollStartAppStatusExecution] af43ed23-8273-4aa0-a6ba-24f0f480a965 [2026-07-22T03:59:33.436438] at bootstrap (/home/vcap/app/node_modules/@sap/approuter/lib/bootstrap.js:68:38) (STDERR, APP/PROC/WEB)#
#2026 07 22 03:59:41.369#Z#DEBUG#435a90b7-8581-11f1-952a-eeee0a8c50ce.salesorderapp-ui#flowable-async-job-executor-thread-3087#
[PollStartAppStatusExecution] af43ed23-8273-4aa0-a6ba-24f0f480a965 [2026-07-22T03:59:33.436441] at Approuter.start (/home/vcap/app/node_modules/@sap/approuter/approuter.js:71:13) (STDERR, APP/PROC/WEB)#
#2026 07 22 03:59:41.369#Z#DEBUG#435a90b7-8581-11f1-952a-eeee0a8c50ce.salesorderapp-ui#flowable-async-job-executor-thread-3087#
[PollStartAppStatusExecution] af43ed23-8273-4aa0-a6ba-24f0f480a965 [2026-07-22T03:59:33.436444] at Object.<anonymous> (/home/vcap/app/node_modules/@sap/approuter/approuter.js:178:6) (STDERR, APP/PROC/WEB)#
#2026 07 22 03:59:41.369#Z#DEBUG#435a90b7-8581-11f1-952a-eeee0a8c50ce.salesorderapp-ui#flowable-async-job-executor-thread-3087#
[PollStartAppStatusExecution] af43ed23-8273-4aa0-a6ba-24f0f480a965 [2026-07-22T03:59:33.436449] at Module._compile (node:internal/modules/cjs/loader:1705:14) (STDERR, APP/PROC/WEB)#
#2026 07 22 03:59:41.369#Z#DEBUG#435a90b7-8581-11f1-952a-eeee0a8c50ce.salesorderapp-ui#flowable-async-job-executor-thread-3087#
[PollStartAppStatusExecution] af43ed23-8273-4aa0-a6ba-24f0f480a965 [2026-07-22T03:59:33.436454] at Object..js (node:internal/modules/cjs/loader:1838:10) (STDERR, APP/PROC/WEB)#
#2026 07 22 03:59:41.369#Z#DEBUG#435a90b7-8581-11f1-952a-eeee0a8c50ce.salesorderapp-ui#flowable-async-job-executor-thread-3087#
[PollStartAppStatusExecution] af43ed23-8273-4aa0-a6ba-24f0f480a965 [2026-07-22T03:59:33.436457] at Module.load (node:internal/modules/cjs/loader:1441:32) { (STDERR, APP/PROC/WEB)#
#2026 07 22 03:59:41.369#Z#DEBUG#435a90b7-8581-11f1-952a-eeee0a8c50ce.salesorderapp-ui#flowable-async-job-executor-thread-3087#
[PollStartAppStatusExecution] af43ed23-8273-4aa0-a6ba-24f0f480a965 [2026-07-22T03:59:33.436462] jse_shortmsg: 'xs-app.json/routes/0: Format validation failed (Route does not have a destination nor a localDir nor a service)', (STDERR, APP/PROC/WEB)#
#2026 07 22 03:59:41.369#Z#DEBUG#435a90b7-8581-11f1-952a-eeee0a8c50ce.salesorderapp-ui#flowable-async-job-executor-thread-3087#
[PollStartAppStatusExecution] af43ed23-8273-4aa0-a6ba-24f0f480a965 [2026-07-22T03:59:33.436467] jse_info: {} (STDERR, APP/PROC/WEB)#
#2026 07 22 03:59:41.369#Z#DEBUG#435a90b7-8581-11f1-952a-eeee0a8c50ce.salesorderapp-ui#flowable-async-job-executor-thread-3087#
[PollStartAppStatusExecution] af43ed23-8273-4aa0-a6ba-24f0f480a965 [2026-07-22T03:59:33.436470] } (STDERR, APP/PROC/WEB)#
#2026 07 22 03:59:41.369#Z#DEBUG#435a90b7-8581-11f1-952a-eeee0a8c50ce.salesorderapp-ui#flowable-async-job-executor-thread-3087#
[PollStartAppStatusExecution] af43ed23-8273-4aa0-a6ba-24f0f480a965 [2026-07-22T03:59:33.436473] Node.js v22.22.2 (STDERR, APP/PROC/WEB)#
#2026 07 22 03:59:41.369#Z#DEBUG#435a90b7-8581-11f1-952a-eeee0a8c50ce.salesorderapp-ui#flowable-async-job-executor-thread-3087#
[PollStartAppStatusExecution] af43ed23-8273-4aa0-a6ba-24f0f480a965 [2026-07-22T03:59:33.453159] npm notice (STDERR, APP/PROC/WEB)#
#2026 07 22 03:59:41.369#Z#DEBUG#435a90b7-8581-11f1-952a-eeee0a8c50ce.salesorderapp-ui#flowable-async-job-executor-thread-3087#
[PollStartAppStatusExecution] af43ed23-8273-4aa0-a6ba-24f0f480a965 [2026-07-22T03:59:33.453200] npm notice New major version of npm available! 10.9.7 -> 12.0.1 (STDERR, APP/PROC/WEB)#
#2026 07 22 03:59:41.369#Z#DEBUG#435a90b7-8581-11f1-952a-eeee0a8c50ce.salesorderapp-ui#flowable-async-job-executor-thread-3087#
[PollStartAppStatusExecution] af43ed23-8273-4aa0-a6ba-24f0f480a965 [2026-07-22T03:59:33.453204] npm notice Changelog: https://github.com/npm/cli/releases/tag/v12.0.1 (STDERR, APP/PROC/WEB)#
#2026 07 22 03:59:41.369#Z#DEBUG#435a90b7-8581-11f1-952a-eeee0a8c50ce.salesorderapp-ui#flowable-async-job-executor-thread-3087#
[PollStartAppStatusExecution] af43ed23-8273-4aa0-a6ba-24f0f480a965 [2026-07-22T03:59:33.453206] npm notice To update run: npm install -g npm@12.0.1 (STDERR, APP/PROC/WEB)#
#2026 07 22 03:59:41.369#Z#DEBUG#435a90b7-8581-11f1-952a-eeee0a8c50ce.salesorderapp-ui#flowable-async-job-executor-thread-3087#
[PollStartAppStatusExecution] af43ed23-8273-4aa0-a6ba-24f0f480a965 [2026-07-22T03:59:33.453208] npm notice (STDERR, APP/PROC/WEB)#
#2026 07 22 03:59:41.369#Z#DEBUG#435a90b7-8581-11f1-952a-eeee0a8c50ce.salesorderapp-ui#flowable-async-job-executor-thread-3087#
[PollStartAppStatusExecution] af43ed23-8273-4aa0-a6ba-24f0f480a965 [2026-07-22T03:59:33.547034] Exit status 1 (STDOUT, APP/PROC/WEB)#
#2026 07 22 03:59:41.369#Z#DEBUG#435a90b7-8581-11f1-952a-eeee0a8c50ce.salesorderapp-ui#flowable-async-job-executor-thread-3087#
[PollStartAppStatusExecution] af43ed23-8273-4aa0-a6ba-24f0f480a965 [2026-07-22T03:59:39.130287] Process has crashed with type: "web" (STDOUT, API)#
#2026 07 22 03:59:41.369#Z#DEBUG#435a90b7-8581-11f1-952a-eeee0a8c50ce.salesorderapp-ui#flowable-async-job-executor-thread-3087#
[PollStartAppStatusExecution] af43ed23-8273-4aa0-a6ba-24f0f480a965 [2026-07-22T03:59:39.135906] Cell c839c7b1-088e-41af-b9b7-66256aacd457 stopping instance 91059c3d-436b-4838-628c-1d25 (STDOUT, CELL)#
#2026 07 22 03:59:41.369#Z#DEBUG#435a90b7-8581-11f1-952a-eeee0a8c50ce.salesorderapp-ui#flowable-async-job-executor-thread-3087#
[PollStartAppStatusExecution] af43ed23-8273-4aa0-a6ba-24f0f480a965 [2026-07-22T03:59:39.135953] Cell c839c7b1-088e-41af-b9b7-66256aacd457 destroying container for instance 91059c3d-436b-4838-628c-1d25 (STDOUT, CELL)#
#2026 07 22 03:59:41.369#Z#DEBUG#435a90b7-8581-11f1-952a-eeee0a8c50ce.salesorderapp-ui#flowable-async-job-executor-thread-3087#
[PollStartAppStatusExecution] af43ed23-8273-4aa0-a6ba-24f0f480a965 [2026-07-22T03:59:39.143609] App instance exited with guid af43ed23-8273-4aa0-a6ba-24f0f480a965 payload: {"instance"=>"91059c3d-436b-4838-628c-1d25", "index"=>0, "cell_id"=>"c839c7b1-088e-41af-b9b7-66256aacd457", "reason"=>"CRASHED", "exit_description"=>"APP/PROC/WEB: Exited with status 1", "crash_count"=>2, "crash_timestamp"=>1784692779106394152, "version"=>"e7e84c0b-8d1c-49b7-8eb1-39c86a5cdc72"} (STDOUT, API)#
#2026 07 22 03:59:41.369#Z#DEBUG#435a90b7-8581-11f1-952a-eeee0a8c50ce.salesorderapp-ui#flowable-async-job-executor-thread-3087#
[PollStartAppStatusExecution] af43ed23-8273-4aa0-a6ba-24f0f480a965 [2026-07-22T03:59:39.262785] Cell 684caff8-89cd-492b-be01-b3d0835f1763 creating container for instance 6cf57c24-49d7-42ce-5d86-471a (STDOUT, CELL)#
#2026 07 22 03:59:41.369#Z#DEBUG#435a90b7-8581-11f1-952a-eeee0a8c50ce.salesorderapp-ui#flowable-async-job-executor-thread-3087#
[PollStartAppStatusExecution] af43ed23-8273-4aa0-a6ba-24f0f480a965 [2026-07-22T03:59:39.842476] Exit status 137 (STDOUT, PROXY)#
#2026 07 22 03:59:41.369#Z#DEBUG#435a90b7-8581-11f1-952a-eeee0a8c50ce.salesorderapp-ui#flowable-async-job-executor-thread-3087#
[PollStartAppStatusExecution] af43ed23-8273-4aa0-a6ba-24f0f480a965 [2026-07-22T03:59:39.941020] Security group rules were updated (STDOUT, CELL)#
#2026 07 22 03:59:41.369#Z#DEBUG#435a90b7-8581-11f1-952a-eeee0a8c50ce.salesorderapp-ui#flowable-async-job-executor-thread-3087#
[PollStartAppStatusExecution] af43ed23-8273-4aa0-a6ba-24f0f480a965 [2026-07-22T03:59:40.042024] Cell 684caff8-89cd-492b-be01-b3d0835f1763 successfully created container for instance 6cf57c24-49d7-42ce-5d86-471a (STDOUT, CELL)#
#2026 07 22 03:59:41.369#Z#DEBUG#435a90b7-8581-11f1-952a-eeee0a8c50ce.salesorderapp-ui#flowable-async-job-executor-thread-3087#
[PollStartAppStatusExecution] af43ed23-8273-4aa0-a6ba-24f0f480a965 [2026-07-22T03:59:40.305757] Downloading droplet... (STDOUT, CELL)#
#2026 07 22 03:59:51.491#Z#DEBUG#435a90b7-8581-11f1-952a-eeee0a8c50ce.salesorderapp-ui#flowable-async-job-executor-thread-3082#
[PollStartAppStatusExecution] af43ed23-8273-4aa0-a6ba-24f0f480a965 [2026-07-22T03:59:41.774991] Cell c839c7b1-088e-41af-b9b7-66256aacd457 successfully destroyed container for instance 91059c3d-436b-4838-628c-1d25 (STDOUT, CELL)#
#2026 07 22 03:59:51.491#Z#DEBUG#435a90b7-8581-11f1-952a-eeee0a8c50ce.salesorderapp-ui#flowable-async-job-executor-thread-3082#
[PollStartAppStatusExecution] af43ed23-8273-4aa0-a6ba-24f0f480a965 [2026-07-22T03:59:44.802804] Downloaded droplet (62.3M) (STDOUT, CELL)#
#2026 07 22 03:59:51.491#Z#DEBUG#435a90b7-8581-11f1-952a-eeee0a8c50ce.salesorderapp-ui#flowable-async-job-executor-thread-3082#
[PollStartAppStatusExecution] af43ed23-8273-4aa0-a6ba-24f0f480a965 [2026-07-22T03:59:44.802995] Starting health monitoring of container (STDOUT, CELL)#
#2026 07 22 03:59:51.491#Z#DEBUG#435a90b7-8581-11f1-952a-eeee0a8c50ce.salesorderapp-ui#flowable-async-job-executor-thread-3082#
[PollStartAppStatusExecution] af43ed23-8273-4aa0-a6ba-24f0f480a965 [2026-07-22T03:59:44.928175] Invoking pre-start scripts. (STDOUT, APP/PROC/WEB)#
#2026 07 22 03:59:51.491#Z#DEBUG#435a90b7-8581-11f1-952a-eeee0a8c50ce.salesorderapp-ui#flowable-async-job-executor-thread-3082#
[PollStartAppStatusExecution] af43ed23-8273-4aa0-a6ba-24f0f480a965 [2026-07-22T03:59:45.131008] Invoking start command. (STDOUT, APP/PROC/WEB)#
#2026 07 22 03:59:51.491#Z#DEBUG#435a90b7-8581-11f1-952a-eeee0a8c50ce.salesorderapp-ui#flowable-async-job-executor-thread-3082#
[PollStartAppStatusExecution] af43ed23-8273-4aa0-a6ba-24f0f480a965 [2026-07-22T03:59:45.562071] > app@1.0.0 start (STDOUT, APP/PROC/WEB)#
#2026 07 22 03:59:51.491#Z#DEBUG#435a90b7-8581-11f1-952a-eeee0a8c50ce.salesorderapp-ui#flowable-async-job-executor-thread-3082#
[PollStartAppStatusExecution] af43ed23-8273-4aa0-a6ba-24f0f480a965 [2026-07-22T03:59:45.562098] > node node_modules/@sap/approuter/approuter.js (STDOUT, APP/PROC/WEB)#
#2026 07 22 03:59:51.491#Z#DEBUG#435a90b7-8581-11f1-952a-eeee0a8c50ce.salesorderapp-ui#flowable-async-job-executor-thread-3082#
[PollStartAppStatusExecution] af43ed23-8273-4aa0-a6ba-24f0f480a965 [2026-07-22T03:59:45.767668] {"written_at":"2026-07-22T03:59:45.765Z","written_ts":1784692785765000000,"csn_component":"-","correlation_id":"-","type":"log","logger":"nodejs-logger","layer":"/LoggingLibrary","level":"warning","container_id":"10.32.1.6","component_type":"application","component_id":"af43ed23-8273-4aa0-a6ba-24f0f480a965","component_name":"salesorderapp-ui","component_instance":-1,"source_instance":-1,"organization_id":"26f8afbe-50d1-448f-81e9-c738b2504804","organization_name":"8fd6ac6ctrial","space_id":"a8460b67-b005-477e-a885-af01acf20eae","space_name":"dev","context_id":"","msg":"Dynamic log level switching not available"} (STDOUT, APP/PROC/WEB)#
#2026 07 22 03:59:51.491#Z#DEBUG#435a90b7-8581-11f1-952a-eeee0a8c50ce.salesorderapp-ui#flowable-async-job-executor-thread-3082#
[PollStartAppStatusExecution] af43ed23-8273-4aa0-a6ba-24f0f480a965 [2026-07-22T03:59:46.308158] {"written_at":"2026-07-22T03:59:46.307Z","written_ts":1784692786307000000,"csn_component":"-","correlation_id":"mrvk077n","type":"log","logger":"nodejs-logger","layer":"/approuter","level":"info","container_id":"10.32.1.6","component_type":"application","component_id":"af43ed23-8273-4aa0-a6ba-24f0f480a965","component_name":"salesorderapp-ui","component_instance":-1,"source_instance":-1,"organization_id":"26f8afbe-50d1-448f-81e9-c738b2504804","organization_name":"8fd6ac6ctrial","space_id":"a8460b67-b005-477e-a885-af01acf20eae","space_name":"dev","context_id":"mrvk077n","msg":"Application router version 22.0.3"} (STDOUT, APP/PROC/WEB)#
#2026 07 22 03:59:51.491#Z#DEBUG#435a90b7-8581-11f1-952a-eeee0a8c50ce.salesorderapp-ui#flowable-async-job-executor-thread-3082#
[PollStartAppStatusExecution] af43ed23-8273-4aa0-a6ba-24f0f480a965 [2026-07-22T03:59:46.314211] {"written_at":"2026-07-22T03:59:46.313Z","written_ts":1784692786313000000,"csn_component":"-","correlation_id":"mrvk077t","type":"log","logger":"nodejs-logger","layer":"/Configuration","level":"info","container_id":"10.32.1.6","component_type":"application","component_id":"af43ed23-8273-4aa0-a6ba-24f0f480a965","component_name":"salesorderapp-ui","component_instance":-1,"source_instance":-1,"organization_id":"26f8afbe-50d1-448f-81e9-c738b2504804","organization_name":"8fd6ac6ctrial","space_id":"a8460b67-b005-477e-a885-af01acf20eae","space_name":"dev","context_id":"mrvk077t","msg":"No COOKIES environment variable"} (STDOUT, APP/PROC/WEB)#
#2026 07 22 03:59:51.491#Z#DEBUG#435a90b7-8581-11f1-952a-eeee0a8c50ce.salesorderapp-ui#flowable-async-job-executor-thread-3082#
[PollStartAppStatusExecution] af43ed23-8273-4aa0-a6ba-24f0f480a965 [2026-07-22T03:59:46.322120] /home/vcap/app/node_modules/@sap/approuter/lib/utils/JsonValidator.js:30 (STDERR, APP/PROC/WEB)#
#2026 07 22 03:59:51.491#Z#DEBUG#435a90b7-8581-11f1-952a-eeee0a8c50ce.salesorderapp-ui#flowable-async-job-executor-thread-3082#
[PollStartAppStatusExecution] af43ed23-8273-4aa0-a6ba-24f0f480a965 [2026-07-22T03:59:46.322147] throw new VError('%s%s: %s', (STDERR, APP/PROC/WEB)#
#2026 07 22 03:59:51.491#Z#DEBUG#435a90b7-8581-11f1-952a-eeee0a8c50ce.salesorderapp-ui#flowable-async-job-executor-thread-3082#
[PollStartAppStatusExecution] af43ed23-8273-4aa0-a6ba-24f0f480a965 [2026-07-22T03:59:46.322152] ^ (STDERR, APP/PROC/WEB)#
#2026 07 22 03:59:51.491#Z#DEBUG#435a90b7-8581-11f1-952a-eeee0a8c50ce.salesorderapp-ui#flowable-async-job-executor-thread-3082#
[PollStartAppStatusExecution] af43ed23-8273-4aa0-a6ba-24f0f480a965 [2026-07-22T03:59:46.322805] VError: xs-app.json/routes/0: Format validation failed (Route does not have a destination nor a localDir nor a service) (STDERR, APP/PROC/WEB)#
#2026 07 22 03:59:51.491#Z#DEBUG#435a90b7-8581-11f1-952a-eeee0a8c50ce.salesorderapp-ui#flowable-async-job-executor-thread-3082#
[PollStartAppStatusExecution] af43ed23-8273-4aa0-a6ba-24f0f480a965 [2026-07-22T03:59:46.322824] at JsonValidator.validate (/home/vcap/app/node_modules/@sap/approuter/lib/utils/JsonValidator.js:30:11) (STDERR, APP/PROC/WEB)#
#2026 07 22 03:59:51.491#Z#DEBUG#435a90b7-8581-11f1-952a-eeee0a8c50ce.salesorderapp-ui#flowable-async-job-executor-thread-3082#
[PollStartAppStatusExecution] af43ed23-8273-4aa0-a6ba-24f0f480a965 [2026-07-22T03:59:46.322828] at Object.validateXsApp (/home/vcap/app/node_modules/@sap/approuter/lib/configuration/validators.js:168:15) (STDERR, APP/PROC/WEB)#
#2026 07 22 03:59:51.491#Z#DEBUG#435a90b7-8581-11f1-952a-eeee0a8c50ce.salesorderapp-ui#flowable-async-job-executor-thread-3082#
[PollStartAppStatusExecution] af43ed23-8273-4aa0-a6ba-24f0f480a965 [2026-07-22T03:59:46.322835] at exports.loadConfiguration (/home/vcap/app/node_modules/@sap/approuter/lib/configuration/app-config.js:21:14) (STDERR, APP/PROC/WEB)#
#2026 07 22 03:59:51.491#Z#DEBUG#435a90b7-8581-11f1-952a-eeee0a8c50ce.salesorderapp-ui#flowable-async-job-executor-thread-3082#
[PollStartAppStatusExecution] af43ed23-8273-4aa0-a6ba-24f0f480a965 [2026-07-22T03:59:46.322841] at module.exports.load (/home/vcap/app/node_modules/@sap/approuter/lib/configuration.js:24:34) (STDERR, APP/PROC/WEB)#
#2026 07 22 03:59:51.491#Z#DEBUG#435a90b7-8581-11f1-952a-eeee0a8c50ce.salesorderapp-ui#flowable-async-job-executor-thread-3082#
[PollStartAppStatusExecution] af43ed23-8273-4aa0-a6ba-24f0f480a965 [2026-07-22T03:59:46.322844] at bootstrap (/home/vcap/app/node_modules/@sap/approuter/lib/bootstrap.js:68:38) (STDERR, APP/PROC/WEB)#
#2026 07 22 03:59:51.491#Z#DEBUG#435a90b7-8581-11f1-952a-eeee0a8c50ce.salesorderapp-ui#flowable-async-job-executor-thread-3082#
[PollStartAppStatusExecution] af43ed23-8273-4aa0-a6ba-24f0f480a965 [2026-07-22T03:59:46.322847] at Approuter.start (/home/vcap/app/node_modules/@sap/approuter/approuter.js:71:13) (STDERR, APP/PROC/WEB)#
#2026 07 22 03:59:51.491#Z#DEBUG#435a90b7-8581-11f1-952a-eeee0a8c50ce.salesorderapp-ui#flowable-async-job-executor-thread-3082#
[PollStartAppStatusExecution] af43ed23-8273-4aa0-a6ba-24f0f480a965 [2026-07-22T03:59:46.322849] at Object.<anonymous> (/home/vcap/app/node_modules/@sap/approuter/approuter.js:178:6) (STDERR, APP/PROC/WEB)#
#2026 07 22 03:59:51.491#Z#DEBUG#435a90b7-8581-11f1-952a-eeee0a8c50ce.salesorderapp-ui#flowable-async-job-executor-thread-3082#
[PollStartAppStatusExecution] af43ed23-8273-4aa0-a6ba-24f0f480a965 [2026-07-22T03:59:46.322852] at Module._compile (node:internal/modules/cjs/loader:1705:14) (STDERR, APP/PROC/WEB)#
#2026 07 22 03:59:51.491#Z#DEBUG#435a90b7-8581-11f1-952a-eeee0a8c50ce.salesorderapp-ui#flowable-async-job-executor-thread-3082#
[PollStartAppStatusExecution] af43ed23-8273-4aa0-a6ba-24f0f480a965 [2026-07-22T03:59:46.322855] at Object..js (node:internal/modules/cjs/loader:1838:10) (STDERR, APP/PROC/WEB)#
#2026 07 22 03:59:51.491#Z#DEBUG#435a90b7-8581-11f1-952a-eeee0a8c50ce.salesorderapp-ui#flowable-async-job-executor-thread-3082#
[PollStartAppStatusExecution] af43ed23-8273-4aa0-a6ba-24f0f480a965 [2026-07-22T03:59:46.322857] at Module.load (node:internal/modules/cjs/loader:1441:32) { (STDERR, APP/PROC/WEB)#
#2026 07 22 03:59:51.491#Z#DEBUG#435a90b7-8581-11f1-952a-eeee0a8c50ce.salesorderapp-ui#flowable-async-job-executor-thread-3082#
[PollStartAppStatusExecution] af43ed23-8273-4aa0-a6ba-24f0f480a965 [2026-07-22T03:59:46.322862] jse_shortmsg: 'xs-app.json/routes/0: Format validation failed (Route does not have a destination nor a localDir nor a service)', (STDERR, APP/PROC/WEB)#
#2026 07 22 03:59:51.491#Z#DEBUG#435a90b7-8581-11f1-952a-eeee0a8c50ce.salesorderapp-ui#flowable-async-job-executor-thread-3082#
[PollStartAppStatusExecution] af43ed23-8273-4aa0-a6ba-24f0f480a965 [2026-07-22T03:59:46.322868] jse_info: {} (STDERR, APP/PROC/WEB)#
#2026 07 22 03:59:51.491#Z#DEBUG#435a90b7-8581-11f1-952a-eeee0a8c50ce.salesorderapp-ui#flowable-async-job-executor-thread-3082#
[PollStartAppStatusExecution] af43ed23-8273-4aa0-a6ba-24f0f480a965 [2026-07-22T03:59:46.322871] } (STDERR, APP/PROC/WEB)#
#2026 07 22 03:59:51.491#Z#DEBUG#435a90b7-8581-11f1-952a-eeee0a8c50ce.salesorderapp-ui#flowable-async-job-executor-thread-3082#
[PollStartAppStatusExecution] af43ed23-8273-4aa0-a6ba-24f0f480a965 [2026-07-22T03:59:46.323062] Node.js v22.22.2 (STDERR, APP/PROC/WEB)#
#2026 07 22 03:59:51.491#Z#DEBUG#435a90b7-8581-11f1-952a-eeee0a8c50ce.salesorderapp-ui#flowable-async-job-executor-thread-3082#
[PollStartAppStatusExecution] af43ed23-8273-4aa0-a6ba-24f0f480a965 [2026-07-22T03:59:46.344245] npm notice (STDERR, APP/PROC/WEB)#
#2026 07 22 03:59:51.491#Z#DEBUG#435a90b7-8581-11f1-952a-eeee0a8c50ce.salesorderapp-ui#flowable-async-job-executor-thread-3082#
[PollStartAppStatusExecution] af43ed23-8273-4aa0-a6ba-24f0f480a965 [2026-07-22T03:59:46.344276] npm notice New major version of npm available! 10.9.7 -> 12.0.1 (STDERR, APP/PROC/WEB)#
#2026 07 22 03:59:51.491#Z#DEBUG#435a90b7-8581-11f1-952a-eeee0a8c50ce.salesorderapp-ui#flowable-async-job-executor-thread-3082#
[PollStartAppStatusExecution] af43ed23-8273-4aa0-a6ba-24f0f480a965 [2026-07-22T03:59:46.344281] npm notice Changelog: https://github.com/npm/cli/releases/tag/v12.0.1 (STDERR, APP/PROC/WEB)#
#2026 07 22 03:59:51.491#Z#DEBUG#435a90b7-8581-11f1-952a-eeee0a8c50ce.salesorderapp-ui#flowable-async-job-executor-thread-3082#
[PollStartAppStatusExecution] af43ed23-8273-4aa0-a6ba-24f0f480a965 [2026-07-22T03:59:46.344285] npm notice To update run: npm install -g npm@12.0.1 (STDERR, APP/PROC/WEB)#
#2026 07 22 03:59:51.491#Z#DEBUG#435a90b7-8581-11f1-952a-eeee0a8c50ce.salesorderapp-ui#flowable-async-job-executor-thread-3082#
[PollStartAppStatusExecution] af43ed23-8273-4aa0-a6ba-24f0f480a965 [2026-07-22T03:59:46.344287] npm notice (STDERR, APP/PROC/WEB)#
#2026 07 22 03:59:51.491#Z#DEBUG#435a90b7-8581-11f1-952a-eeee0a8c50ce.salesorderapp-ui#flowable-async-job-executor-thread-3082#
[PollStartAppStatusExecution] af43ed23-8273-4aa0-a6ba-24f0f480a965 [2026-07-22T03:59:46.420673] Exit status 1 (STDOUT, APP/PROC/WEB)#
#2026 07 22 04:00:01.553#Z#DEBUG#435a90b7-8581-11f1-952a-eeee0a8c50ce.salesorderapp-ui#flowable-async-job-executor-thread-3089#
[PollStartAppStatusExecution] af43ed23-8273-4aa0-a6ba-24f0f480a965 [2026-07-22T03:59:53.227620] Cell 684caff8-89cd-492b-be01-b3d0835f1763 stopping instance 6cf57c24-49d7-42ce-5d86-471a (STDOUT, CELL)#
#2026 07 22 04:00:01.553#Z#DEBUG#435a90b7-8581-11f1-952a-eeee0a8c50ce.salesorderapp-ui#flowable-async-job-executor-thread-3089#
[PollStartAppStatusExecution] af43ed23-8273-4aa0-a6ba-24f0f480a965 [2026-07-22T03:59:53.227665] Cell 684caff8-89cd-492b-be01-b3d0835f1763 destroying container for instance 6cf57c24-49d7-42ce-5d86-471a (STDOUT, CELL)#
#2026 07 22 04:00:01.553#Z#DEBUG#435a90b7-8581-11f1-952a-eeee0a8c50ce.salesorderapp-ui#flowable-async-job-executor-thread-3089#
[PollStartAppStatusExecution] af43ed23-8273-4aa0-a6ba-24f0f480a965 [2026-07-22T03:59:53.247991] Process has crashed with type: "web" (STDOUT, API)#
#2026 07 22 04:00:01.553#Z#DEBUG#435a90b7-8581-11f1-952a-eeee0a8c50ce.salesorderapp-ui#flowable-async-job-executor-thread-3089#
[PollStartAppStatusExecution] af43ed23-8273-4aa0-a6ba-24f0f480a965 [2026-07-22T03:59:53.260706] App instance exited with guid af43ed23-8273-4aa0-a6ba-24f0f480a965 payload: {"instance"=>"6cf57c24-49d7-42ce-5d86-471a", "index"=>0, "cell_id"=>"684caff8-89cd-492b-be01-b3d0835f1763", "reason"=>"CRASHED", "exit_description"=>"APP/PROC/WEB: Exited with status 1", "crash_count"=>3, "crash_timestamp"=>1784692793224261683, "version"=>"e7e84c0b-8d1c-49b7-8eb1-39c86a5cdc72"} (STDOUT, API)#
#2026 07 22 04:00:01.553#Z#DEBUG#435a90b7-8581-11f1-952a-eeee0a8c50ce.salesorderapp-ui#flowable-async-job-executor-thread-3089#
[PollStartAppStatusExecution] af43ed23-8273-4aa0-a6ba-24f0f480a965 [2026-07-22T03:59:53.395534] Exit status 137 (STDOUT, PROXY)#
#2026 07 22 04:00:01.553#Z#DEBUG#435a90b7-8581-11f1-952a-eeee0a8c50ce.salesorderapp-ui#flowable-async-job-executor-thread-3089#
[PollStartAppStatusExecution] af43ed23-8273-4aa0-a6ba-24f0f480a965 [2026-07-22T03:59:55.484810] Cell 684caff8-89cd-492b-be01-b3d0835f1763 successfully destroyed container for instance 6cf57c24-49d7-42ce-5d86-471a (STDOUT, CELL)#
#2026 07 22 04:00:11.587#Z#DEBUG#435a90b7-8581-11f1-952a-eeee0a8c50ce.salesorderapp-ui#flowable-async-job-executor-thread-3102#
[PollStartAppStatusExecution] af43ed23-8273-4aa0-a6ba-24f0f480a965 [2026-07-22T03:59:53.227620] Cell 684caff8-89cd-492b-be01-b3d0835f1763 stopping instance 6cf57c24-49d7-42ce-5d86-471a (STDOUT, CELL)#
#2026 07 22 04:00:11.587#Z#DEBUG#435a90b7-8581-11f1-952a-eeee0a8c50ce.salesorderapp-ui#flowable-async-job-executor-thread-3102#
[PollStartAppStatusExecution] af43ed23-8273-4aa0-a6ba-24f0f480a965 [2026-07-22T03:59:53.227665] Cell 684caff8-89cd-492b-be01-b3d0835f1763 destroying container for instance 6cf57c24-49d7-42ce-5d86-471a (STDOUT, CELL)#
#2026 07 22 04:00:11.587#Z#DEBUG#435a90b7-8581-11f1-952a-eeee0a8c50ce.salesorderapp-ui#flowable-async-job-executor-thread-3102#
[PollStartAppStatusExecution] af43ed23-8273-4aa0-a6ba-24f0f480a965 [2026-07-22T03:59:53.247991] Process has crashed with type: "web" (STDOUT, API)#
#2026 07 22 04:00:11.587#Z#DEBUG#435a90b7-8581-11f1-952a-eeee0a8c50ce.salesorderapp-ui#flowable-async-job-executor-thread-3102#
[PollStartAppStatusExecution] af43ed23-8273-4aa0-a6ba-24f0f480a965 [2026-07-22T03:59:53.260706] App instance exited with guid af43ed23-8273-4aa0-a6ba-24f0f480a965 payload: {"instance"=>"6cf57c24-49d7-42ce-5d86-471a", "index"=>0, "cell_id"=>"684caff8-89cd-492b-be01-b3d0835f1763", "reason"=>"CRASHED", "exit_description"=>"APP/PROC/WEB: Exited with status 1", "crash_count"=>3, "crash_timestamp"=>1784692793224261683, "version"=>"e7e84c0b-8d1c-49b7-8eb1-39c86a5cdc72"} (STDOUT, API)#
#2026 07 22 04:00:11.587#Z#DEBUG#435a90b7-8581-11f1-952a-eeee0a8c50ce.salesorderapp-ui#flowable-async-job-executor-thread-3102#
[PollStartAppStatusExecution] af43ed23-8273-4aa0-a6ba-24f0f480a965 [2026-07-22T03:59:53.395534] Exit status 137 (STDOUT, PROXY)#
#2026 07 22 04:00:11.587#Z#DEBUG#435a90b7-8581-11f1-952a-eeee0a8c50ce.salesorderapp-ui#flowable-async-job-executor-thread-3102#
[PollStartAppStatusExecution] af43ed23-8273-4aa0-a6ba-24f0f480a965 [2026-07-22T03:59:55.484810] Cell 684caff8-89cd-492b-be01-b3d0835f1763 successfully destroyed container for instance 6cf57c24-49d7-42ce-5d86-471a (STDOUT, CELL)#
#2026 07 22 04:00:11.587#Z#DEBUG#435a90b7-8581-11f1-952a-eeee0a8c50ce.salesorderapp-ui#flowable-async-job-executor-thread-3102#
[PollStartAppStatusExecution] af43ed23-8273-4aa0-a6ba-24f0f480a965 [2026-07-22T04:00:04.788466] Stopping app with guid af43ed23-8273-4aa0-a6ba-24f0f480a965 (STDOUT, API)#
#2026 07 22 04:00:11.587#Z#DEBUG#435a90b7-8581-11f1-952a-eeee0a8c50ce.salesorderapp-ui#flowable-async-job-executor-thread-3102#
[PollStartAppStatusExecution] af43ed23-8273-4aa0-a6ba-24f0f480a965 [2026-07-22T04:00:04.922827] Starting app with guid af43ed23-8273-4aa0-a6ba-24f0f480a965 (STDOUT, API)#
#2026 07 22 04:00:11.587#Z#DEBUG#435a90b7-8581-11f1-952a-eeee0a8c50ce.salesorderapp-ui#flowable-async-job-executor-thread-3102#
[PollStartAppStatusExecution] af43ed23-8273-4aa0-a6ba-24f0f480a965 [2026-07-22T04:00:05.127206] Cell c839c7b1-088e-41af-b9b7-66256aacd457 creating container for instance d76f3b61-c486-4235-42c5-943c (STDOUT, CELL)#
#2026 07 22 04:00:11.587#Z#DEBUG#435a90b7-8581-11f1-952a-eeee0a8c50ce.salesorderapp-ui#flowable-async-job-executor-thread-3102#
[PollStartAppStatusExecution] af43ed23-8273-4aa0-a6ba-24f0f480a965 [2026-07-22T04:00:05.904640] Security group rules were updated (STDOUT, CELL)#
#2026 07 22 04:00:11.587#Z#DEBUG#435a90b7-8581-11f1-952a-eeee0a8c50ce.salesorderapp-ui#flowable-async-job-executor-thread-3102#
[PollStartAppStatusExecution] af43ed23-8273-4aa0-a6ba-24f0f480a965 [2026-07-22T04:00:06.025333] Cell c839c7b1-088e-41af-b9b7-66256aacd457 successfully created container for instance d76f3b61-c486-4235-42c5-943c (STDOUT, CELL)#
#2026 07 22 04:00:11.587#Z#DEBUG#435a90b7-8581-11f1-952a-eeee0a8c50ce.salesorderapp-ui#flowable-async-job-executor-thread-3102#
[PollStartAppStatusExecution] af43ed23-8273-4aa0-a6ba-24f0f480a965 [2026-07-22T04:00:06.694679] Downloading droplet... (STDOUT, CELL)#
#2026 07 22 04:00:21.707#Z#DEBUG#435a90b7-8581-11f1-952a-eeee0a8c50ce.salesorderapp-ui#flowable-async-job-executor-thread-1815#
[PollStartAppStatusExecution] af43ed23-8273-4aa0-a6ba-24f0f480a965 [2026-07-22T04:00:11.673952] Downloaded droplet (62.3M) (STDOUT, CELL)#
#2026 07 22 04:00:21.707#Z#DEBUG#435a90b7-8581-11f1-952a-eeee0a8c50ce.salesorderapp-ui#flowable-async-job-executor-thread-1815#
[PollStartAppStatusExecution] af43ed23-8273-4aa0-a6ba-24f0f480a965 [2026-07-22T04:00:11.674185] Starting health monitoring of container (STDOUT, CELL)#
#2026 07 22 04:00:21.707#Z#DEBUG#435a90b7-8581-11f1-952a-eeee0a8c50ce.salesorderapp-ui#flowable-async-job-executor-thread-1815#
[PollStartAppStatusExecution] af43ed23-8273-4aa0-a6ba-24f0f480a965 [2026-07-22T04:00:11.820080] Invoking pre-start scripts. (STDOUT, APP/PROC/WEB)#
#2026 07 22 04:00:21.707#Z#DEBUG#435a90b7-8581-11f1-952a-eeee0a8c50ce.salesorderapp-ui#flowable-async-job-executor-thread-1815#
[PollStartAppStatusExecution] af43ed23-8273-4aa0-a6ba-24f0f480a965 [2026-07-22T04:00:12.033145] Invoking start command. (STDOUT, APP/PROC/WEB)#
#2026 07 22 04:00:21.707#Z#DEBUG#435a90b7-8581-11f1-952a-eeee0a8c50ce.salesorderapp-ui#flowable-async-job-executor-thread-1815#
[PollStartAppStatusExecution] af43ed23-8273-4aa0-a6ba-24f0f480a965 [2026-07-22T04:00:12.494498] > app@1.0.0 start (STDOUT, APP/PROC/WEB)#
#2026 07 22 04:00:21.707#Z#DEBUG#435a90b7-8581-11f1-952a-eeee0a8c50ce.salesorderapp-ui#flowable-async-job-executor-thread-1815#
[PollStartAppStatusExecution] af43ed23-8273-4aa0-a6ba-24f0f480a965 [2026-07-22T04:00:12.494530] > node node_modules/@sap/approuter/approuter.js (STDOUT, APP/PROC/WEB)#
#2026 07 22 04:00:21.707#Z#DEBUG#435a90b7-8581-11f1-952a-eeee0a8c50ce.salesorderapp-ui#flowable-async-job-executor-thread-1815#
[PollStartAppStatusExecution] af43ed23-8273-4aa0-a6ba-24f0f480a965 [2026-07-22T04:00:12.694510] {"written_at":"2026-07-22T04:00:12.692Z","written_ts":1784692812692000000,"csn_component":"-","correlation_id":"-","type":"log","logger":"nodejs-logger","layer":"/LoggingLibrary","level":"warning","container_id":"10.32.2.6","component_type":"application","component_id":"af43ed23-8273-4aa0-a6ba-24f0f480a965","component_name":"salesorderapp-ui","component_instance":-1,"source_instance":-1,"organization_id":"26f8afbe-50d1-448f-81e9-c738b2504804","organization_name":"8fd6ac6ctrial","space_id":"a8460b67-b005-477e-a885-af01acf20eae","space_name":"dev","context_id":"","msg":"Dynamic log level switching not available"} (STDOUT, APP/PROC/WEB)#
#2026 07 22 04:00:21.707#Z#DEBUG#435a90b7-8581-11f1-952a-eeee0a8c50ce.salesorderapp-ui#flowable-async-job-executor-thread-1815#
[PollStartAppStatusExecution] af43ed23-8273-4aa0-a6ba-24f0f480a965 [2026-07-22T04:00:13.253238] {"written_at":"2026-07-22T04:00:13.252Z","written_ts":1784692813252000000,"csn_component":"-","correlation_id":"mrvk0s04","type":"log","logger":"nodejs-logger","layer":"/approuter","level":"info","container_id":"10.32.2.6","component_type":"application","component_id":"af43ed23-8273-4aa0-a6ba-24f0f480a965","component_name":"salesorderapp-ui","component_instance":-1,"source_instance":-1,"organization_id":"26f8afbe-50d1-448f-81e9-c738b2504804","organization_name":"8fd6ac6ctrial","space_id":"a8460b67-b005-477e-a885-af01acf20eae","space_name":"dev","context_id":"mrvk0s04","msg":"Application router version 22.0.3"} (STDOUT, APP/PROC/WEB)#
#2026 07 22 04:00:21.707#Z#DEBUG#435a90b7-8581-11f1-952a-eeee0a8c50ce.salesorderapp-ui#flowable-async-job-executor-thread-1815#
[PollStartAppStatusExecution] af43ed23-8273-4aa0-a6ba-24f0f480a965 [2026-07-22T04:00:13.258924] {"written_at":"2026-07-22T04:00:13.258Z","written_ts":1784692813258000000,"csn_component":"-","correlation_id":"mrvk0s0a","type":"log","logger":"nodejs-logger","layer":"/Configuration","level":"info","container_id":"10.32.2.6","component_type":"application","component_id":"af43ed23-8273-4aa0-a6ba-24f0f480a965","component_name":"salesorderapp-ui","component_instance":-1,"source_instance":-1,"organization_id":"26f8afbe-50d1-448f-81e9-c738b2504804","organization_name":"8fd6ac6ctrial","space_id":"a8460b67-b005-477e-a885-af01acf20eae","space_name":"dev","context_id":"mrvk0s0a","msg":"No COOKIES environment variable"} (STDOUT, APP/PROC/WEB)#
#2026 07 22 04:00:21.707#Z#DEBUG#435a90b7-8581-11f1-952a-eeee0a8c50ce.salesorderapp-ui#flowable-async-job-executor-thread-1815#
[PollStartAppStatusExecution] af43ed23-8273-4aa0-a6ba-24f0f480a965 [2026-07-22T04:00:13.266720] /home/vcap/app/node_modules/@sap/approuter/lib/utils/JsonValidator.js:30 (STDERR, APP/PROC/WEB)#
#2026 07 22 04:00:21.707#Z#DEBUG#435a90b7-8581-11f1-952a-eeee0a8c50ce.salesorderapp-ui#flowable-async-job-executor-thread-1815#
[PollStartAppStatusExecution] af43ed23-8273-4aa0-a6ba-24f0f480a965 [2026-07-22T04:00:13.266746] throw new VError('%s%s: %s', (STDERR, APP/PROC/WEB)#
#2026 07 22 04:00:21.707#Z#DEBUG#435a90b7-8581-11f1-952a-eeee0a8c50ce.salesorderapp-ui#flowable-async-job-executor-thread-1815#
[PollStartAppStatusExecution] af43ed23-8273-4aa0-a6ba-24f0f480a965 [2026-07-22T04:00:13.266750] ^ (STDERR, APP/PROC/WEB)#
#2026 07 22 04:00:21.707#Z#DEBUG#435a90b7-8581-11f1-952a-eeee0a8c50ce.salesorderapp-ui#flowable-async-job-executor-thread-1815#
[PollStartAppStatusExecution] af43ed23-8273-4aa0-a6ba-24f0f480a965 [2026-07-22T04:00:13.267167] VError: xs-app.json/routes/0: Format validation failed (Route does not have a destination nor a localDir nor a service) (STDERR, APP/PROC/WEB)#
#2026 07 22 04:00:21.707#Z#DEBUG#435a90b7-8581-11f1-952a-eeee0a8c50ce.salesorderapp-ui#flowable-async-job-executor-thread-1815#
[PollStartAppStatusExecution] af43ed23-8273-4aa0-a6ba-24f0f480a965 [2026-07-22T04:00:13.267185] at JsonValidator.validate (/home/vcap/app/node_modules/@sap/approuter/lib/utils/JsonValidator.js:30:11) (STDERR, APP/PROC/WEB)#
#2026 07 22 04:00:21.707#Z#DEBUG#435a90b7-8581-11f1-952a-eeee0a8c50ce.salesorderapp-ui#flowable-async-job-executor-thread-1815#
[PollStartAppStatusExecution] af43ed23-8273-4aa0-a6ba-24f0f480a965 [2026-07-22T04:00:13.267189] at Object.validateXsApp (/home/vcap/app/node_modules/@sap/approuter/lib/configuration/validators.js:168:15) (STDERR, APP/PROC/WEB)#
#2026 07 22 04:00:21.707#Z#DEBUG#435a90b7-8581-11f1-952a-eeee0a8c50ce.salesorderapp-ui#flowable-async-job-executor-thread-1815#
[PollStartAppStatusExecution] af43ed23-8273-4aa0-a6ba-24f0f480a965 [2026-07-22T04:00:13.267196] at exports.loadConfiguration (/home/vcap/app/node_modules/@sap/approuter/lib/configuration/app-config.js:21:14) (STDERR, APP/PROC/WEB)#
#2026 07 22 04:00:21.707#Z#DEBUG#435a90b7-8581-11f1-952a-eeee0a8c50ce.salesorderapp-ui#flowable-async-job-executor-thread-1815#
[PollStartAppStatusExecution] af43ed23-8273-4aa0-a6ba-24f0f480a965 [2026-07-22T04:00:13.267198] at module.exports.load (/home/vcap/app/node_modules/@sap/approuter/lib/configuration.js:24:34) (STDERR, APP/PROC/WEB)#
#2026 07 22 04:00:21.707#Z#DEBUG#435a90b7-8581-11f1-952a-eeee0a8c50ce.salesorderapp-ui#flowable-async-job-executor-thread-1815#
[PollStartAppStatusExecution] af43ed23-8273-4aa0-a6ba-24f0f480a965 [2026-07-22T04:00:13.267202] at bootstrap (/home/vcap/app/node_modules/@sap/approuter/lib/bootstrap.js:68:38) (STDERR, APP/PROC/WEB)#
#2026 07 22 04:00:21.707#Z#DEBUG#435a90b7-8581-11f1-952a-eeee0a8c50ce.salesorderapp-ui#flowable-async-job-executor-thread-1815#
[PollStartAppStatusExecution] af43ed23-8273-4aa0-a6ba-24f0f480a965 [2026-07-22T04:00:13.267204] at Approuter.start (/home/vcap/app/node_modules/@sap/approuter/approuter.js:71:13) (STDERR, APP/PROC/WEB)#
#2026 07 22 04:00:21.707#Z#DEBUG#435a90b7-8581-11f1-952a-eeee0a8c50ce.salesorderapp-ui#flowable-async-job-executor-thread-1815#
[PollStartAppStatusExecution] af43ed23-8273-4aa0-a6ba-24f0f480a965 [2026-07-22T04:00:13.267207] at Object.<anonymous> (/home/vcap/app/node_modules/@sap/approuter/approuter.js:178:6) (STDERR, APP/PROC/WEB)#
#2026 07 22 04:00:21.707#Z#DEBUG#435a90b7-8581-11f1-952a-eeee0a8c50ce.salesorderapp-ui#flowable-async-job-executor-thread-1815#
[PollStartAppStatusExecution] af43ed23-8273-4aa0-a6ba-24f0f480a965 [2026-07-22T04:00:13.267210] at Module._compile (node:internal/modules/cjs/loader:1705:14) (STDERR, APP/PROC/WEB)#
#2026 07 22 04:00:21.707#Z#DEBUG#435a90b7-8581-11f1-952a-eeee0a8c50ce.salesorderapp-ui#flowable-async-job-executor-thread-1815#
[PollStartAppStatusExecution] af43ed23-8273-4aa0-a6ba-24f0f480a965 [2026-07-22T04:00:13.267214] at Object..js (node:internal/modules/cjs/loader:1838:10) (STDERR, APP/PROC/WEB)#
#2026 07 22 04:00:21.707#Z#DEBUG#435a90b7-8581-11f1-952a-eeee0a8c50ce.salesorderapp-ui#flowable-async-job-executor-thread-1815#
[PollStartAppStatusExecution] af43ed23-8273-4aa0-a6ba-24f0f480a965 [2026-07-22T04:00:13.267216] at Module.load (node:internal/modules/cjs/loader:1441:32) { (STDERR, APP/PROC/WEB)#
#2026 07 22 04:00:21.707#Z#DEBUG#435a90b7-8581-11f1-952a-eeee0a8c50ce.salesorderapp-ui#flowable-async-job-executor-thread-1815#
[PollStartAppStatusExecution] af43ed23-8273-4aa0-a6ba-24f0f480a965 [2026-07-22T04:00:13.267222] jse_shortmsg: 'xs-app.json/routes/0: Format validation failed (Route does not have a destination nor a localDir nor a service)', (STDERR, APP/PROC/WEB)#
#2026 07 22 04:00:21.707#Z#DEBUG#435a90b7-8581-11f1-952a-eeee0a8c50ce.salesorderapp-ui#flowable-async-job-executor-thread-1815#
[PollStartAppStatusExecution] af43ed23-8273-4aa0-a6ba-24f0f480a965 [2026-07-22T04:00:13.267225] jse_info: {} (STDERR, APP/PROC/WEB)#
#2026 07 22 04:00:21.707#Z#DEBUG#435a90b7-8581-11f1-952a-eeee0a8c50ce.salesorderapp-ui#flowable-async-job-executor-thread-1815#
[PollStartAppStatusExecution] af43ed23-8273-4aa0-a6ba-24f0f480a965 [2026-07-22T04:00:13.267228] } (STDERR, APP/PROC/WEB)#
#2026 07 22 04:00:21.707#Z#DEBUG#435a90b7-8581-11f1-952a-eeee0a8c50ce.salesorderapp-ui#flowable-async-job-executor-thread-1815#
[PollStartAppStatusExecution] af43ed23-8273-4aa0-a6ba-24f0f480a965 [2026-07-22T04:00:13.267231] Node.js v22.22.2 (STDERR, APP/PROC/WEB)#
#2026 07 22 04:00:21.707#Z#DEBUG#435a90b7-8581-11f1-952a-eeee0a8c50ce.salesorderapp-ui#flowable-async-job-executor-thread-1815#
[PollStartAppStatusExecution] af43ed23-8273-4aa0-a6ba-24f0f480a965 [2026-07-22T04:00:13.286446] npm notice (STDERR, APP/PROC/WEB)#
#2026 07 22 04:00:21.707#Z#DEBUG#435a90b7-8581-11f1-952a-eeee0a8c50ce.salesorderapp-ui#flowable-async-job-executor-thread-1815#
[PollStartAppStatusExecution] af43ed23-8273-4aa0-a6ba-24f0f480a965 [2026-07-22T04:00:13.286487] npm notice New major version of npm available! 10.9.7 -> 12.0.1 (STDERR, APP/PROC/WEB)#
#2026 07 22 04:00:21.707#Z#DEBUG#435a90b7-8581-11f1-952a-eeee0a8c50ce.salesorderapp-ui#flowable-async-job-executor-thread-1815#
[PollStartAppStatusExecution] af43ed23-8273-4aa0-a6ba-24f0f480a965 [2026-07-22T04:00:13.286491] npm notice Changelog: https://github.com/npm/cli/releases/tag/v12.0.1 (STDERR, APP/PROC/WEB)#
#2026 07 22 04:00:21.707#Z#DEBUG#435a90b7-8581-11f1-952a-eeee0a8c50ce.salesorderapp-ui#flowable-async-job-executor-thread-1815#
[PollStartAppStatusExecution] af43ed23-8273-4aa0-a6ba-24f0f480a965 [2026-07-22T04:00:13.286494] npm notice To update run: npm install -g npm@12.0.1 (STDERR, APP/PROC/WEB)#
#2026 07 22 04:00:21.707#Z#DEBUG#435a90b7-8581-11f1-952a-eeee0a8c50ce.salesorderapp-ui#flowable-async-job-executor-thread-1815#
[PollStartAppStatusExecution] af43ed23-8273-4aa0-a6ba-24f0f480a965 [2026-07-22T04:00:13.286496] npm notice (STDERR, APP/PROC/WEB)#
#2026 07 22 04:00:21.707#Z#DEBUG#435a90b7-8581-11f1-952a-eeee0a8c50ce.salesorderapp-ui#flowable-async-job-executor-thread-1815#
[PollStartAppStatusExecution] af43ed23-8273-4aa0-a6ba-24f0f480a965 [2026-07-22T04:00:13.363614] Exit status 1 (STDOUT, APP/PROC/WEB)#
#2026 07 22 04:00:21.707#Z#DEBUG#435a90b7-8581-11f1-952a-eeee0a8c50ce.salesorderapp-ui#flowable-async-job-executor-thread-1815#
[PollStartAppStatusExecution] af43ed23-8273-4aa0-a6ba-24f0f480a965 [2026-07-22T04:00:19.724203] Cell c839c7b1-088e-41af-b9b7-66256aacd457 stopping instance d76f3b61-c486-4235-42c5-943c (STDOUT, CELL)#
#2026 07 22 04:00:21.707#Z#DEBUG#435a90b7-8581-11f1-952a-eeee0a8c50ce.salesorderapp-ui#flowable-async-job-executor-thread-1815#
[PollStartAppStatusExecution] af43ed23-8273-4aa0-a6ba-24f0f480a965 [2026-07-22T04:00:19.724253] Cell c839c7b1-088e-41af-b9b7-66256aacd457 destroying container for instance d76f3b61-c486-4235-42c5-943c (STDOUT, CELL)#
#2026 07 22 04:00:21.707#Z#DEBUG#435a90b7-8581-11f1-952a-eeee0a8c50ce.salesorderapp-ui#flowable-async-job-executor-thread-1815#
[PollStartAppStatusExecution] af43ed23-8273-4aa0-a6ba-24f0f480a965 [2026-07-22T04:00:19.749547] Process has crashed with type: "web" (STDOUT, API)#
#2026 07 22 04:00:21.707#Z#DEBUG#435a90b7-8581-11f1-952a-eeee0a8c50ce.salesorderapp-ui#flowable-async-job-executor-thread-1815#
[PollStartAppStatusExecution] af43ed23-8273-4aa0-a6ba-24f0f480a965 [2026-07-22T04:00:19.761603] App instance exited with guid af43ed23-8273-4aa0-a6ba-24f0f480a965 payload: {"instance"=>"d76f3b61-c486-4235-42c5-943c", "index"=>0, "cell_id"=>"c839c7b1-088e-41af-b9b7-66256aacd457", "reason"=>"CRASHED", "exit_description"=>"APP/PROC/WEB: Exited with status 1", "crash_count"=>1, "crash_timestamp"=>1784692819705597948, "version"=>"916e1c87-a797-456d-b381-baff36b769cd"} (STDOUT, API)#
#2026 07 22 04:00:21.707#Z#DEBUG#435a90b7-8581-11f1-952a-eeee0a8c50ce.salesorderapp-ui#flowable-async-job-executor-thread-1815#
[PollStartAppStatusExecution] af43ed23-8273-4aa0-a6ba-24f0f480a965 [2026-07-22T04:00:19.868084] Cell d1cc041a-d5a1-41d6-b9f6-6cda736ce3f0 creating container for instance 1bee1559-9c1a-495d-45df-d485 (STDOUT, CELL)#
#2026 07 22 04:00:21.707#Z#DEBUG#435a90b7-8581-11f1-952a-eeee0a8c50ce.salesorderapp-ui#flowable-async-job-executor-thread-1815#
[PollStartAppStatusExecution] af43ed23-8273-4aa0-a6ba-24f0f480a965 [2026-07-22T04:00:19.948428] Exit status 137 (STDOUT, PROXY)#
#2026 07 22 04:00:21.707#Z#DEBUG#435a90b7-8581-11f1-952a-eeee0a8c50ce.salesorderapp-ui#flowable-async-job-executor-thread-1815#
[PollStartAppStatusExecution] af43ed23-8273-4aa0-a6ba-24f0f480a965 [2026-07-22T04:00:20.780376] Security group rules were updated (STDOUT, CELL)#
#2026 07 22 04:00:21.707#Z#DEBUG#435a90b7-8581-11f1-952a-eeee0a8c50ce.salesorderapp-ui#flowable-async-job-executor-thread-1815#
[PollStartAppStatusExecution] af43ed23-8273-4aa0-a6ba-24f0f480a965 [2026-07-22T04:00:20.889249] Cell d1cc041a-d5a1-41d6-b9f6-6cda736ce3f0 successfully created container for instance 1bee1559-9c1a-495d-45df-d485 (STDOUT, CELL)#
#2026 07 22 04:00:31.814#Z#DEBUG#435a90b7-8581-11f1-952a-eeee0a8c50ce.salesorderapp-ui#flowable-async-job-executor-thread-1702#
[PollStartAppStatusExecution] af43ed23-8273-4aa0-a6ba-24f0f480a965 [2026-07-22T04:00:21.801893] Downloading droplet... (STDOUT, CELL)#
#2026 07 22 04:00:31.814#Z#DEBUG#435a90b7-8581-11f1-952a-eeee0a8c50ce.salesorderapp-ui#flowable-async-job-executor-thread-1702#
[PollStartAppStatusExecution] af43ed23-8273-4aa0-a6ba-24f0f480a965 [2026-07-22T04:00:22.185593] Cell c839c7b1-088e-41af-b9b7-66256aacd457 successfully destroyed container for instance d76f3b61-c486-4235-42c5-943c (STDOUT, CELL)#
#2026 07 22 04:00:31.814#Z#DEBUG#435a90b7-8581-11f1-952a-eeee0a8c50ce.salesorderapp-ui#flowable-async-job-executor-thread-1702#
[PollStartAppStatusExecution] af43ed23-8273-4aa0-a6ba-24f0f480a965 [2026-07-22T04:00:26.742324] Downloaded droplet (62.3M) (STDOUT, CELL)#
#2026 07 22 04:00:31.814#Z#DEBUG#435a90b7-8581-11f1-952a-eeee0a8c50ce.salesorderapp-ui#flowable-async-job-executor-thread-1702#
[PollStartAppStatusExecution] af43ed23-8273-4aa0-a6ba-24f0f480a965 [2026-07-22T04:00:26.742612] Starting health monitoring of container (STDOUT, CELL)#
#2026 07 22 04:00:31.814#Z#DEBUG#435a90b7-8581-11f1-952a-eeee0a8c50ce.salesorderapp-ui#flowable-async-job-executor-thread-1702#
[PollStartAppStatusExecution] af43ed23-8273-4aa0-a6ba-24f0f480a965 [2026-07-22T04:00:26.914166] Invoking pre-start scripts. (STDOUT, APP/PROC/WEB)#
#2026 07 22 04:00:31.814#Z#DEBUG#435a90b7-8581-11f1-952a-eeee0a8c50ce.salesorderapp-ui#flowable-async-job-executor-thread-1702#
[PollStartAppStatusExecution] af43ed23-8273-4aa0-a6ba-24f0f480a965 [2026-07-22T04:00:27.176653] Invoking start command. (STDOUT, APP/PROC/WEB)#
#2026 07 22 04:00:31.814#Z#DEBUG#435a90b7-8581-11f1-952a-eeee0a8c50ce.salesorderapp-ui#flowable-async-job-executor-thread-1702#
[PollStartAppStatusExecution] af43ed23-8273-4aa0-a6ba-24f0f480a965 [2026-07-22T04:00:27.778901] > app@1.0.0 start (STDOUT, APP/PROC/WEB)#
#2026 07 22 04:00:31.814#Z#DEBUG#435a90b7-8581-11f1-952a-eeee0a8c50ce.salesorderapp-ui#flowable-async-job-executor-thread-1702#
[PollStartAppStatusExecution] af43ed23-8273-4aa0-a6ba-24f0f480a965 [2026-07-22T04:00:27.778942] > node node_modules/@sap/approuter/approuter.js (STDOUT, APP/PROC/WEB)#
#2026 07 22 04:00:31.814#Z#DEBUG#435a90b7-8581-11f1-952a-eeee0a8c50ce.salesorderapp-ui#flowable-async-job-executor-thread-1702#
[PollStartAppStatusExecution] af43ed23-8273-4aa0-a6ba-24f0f480a965 [2026-07-22T04:00:28.011078] {"written_at":"2026-07-22T04:00:28.008Z","written_ts":1784692828008000000,"csn_component":"-","correlation_id":"-","type":"log","logger":"nodejs-logger","layer":"/LoggingLibrary","level":"warning","container_id":"10.32.1.5","component_type":"application","component_id":"af43ed23-8273-4aa0-a6ba-24f0f480a965","component_name":"salesorderapp-ui","component_instance":-1,"source_instance":-1,"organization_id":"26f8afbe-50d1-448f-81e9-c738b2504804","organization_name":"8fd6ac6ctrial","space_id":"a8460b67-b005-477e-a885-af01acf20eae","space_name":"dev","context_id":"","msg":"Dynamic log level switching not available"} (STDOUT, APP/PROC/WEB)#
#2026 07 22 04:00:31.814#Z#DEBUG#435a90b7-8581-11f1-952a-eeee0a8c50ce.salesorderapp-ui#flowable-async-job-executor-thread-1702#
[PollStartAppStatusExecution] af43ed23-8273-4aa0-a6ba-24f0f480a965 [2026-07-22T04:00:28.697335] {"written_at":"2026-07-22T04:00:28.696Z","written_ts":1784692828696000000,"csn_component":"-","correlation_id":"mrvk13x4","type":"log","logger":"nodejs-logger","layer":"/approuter","level":"info","container_id":"10.32.1.5","component_type":"application","component_id":"af43ed23-8273-4aa0-a6ba-24f0f480a965","component_name":"salesorderapp-ui","component_instance":-1,"source_instance":-1,"organization_id":"26f8afbe-50d1-448f-81e9-c738b2504804","organization_name":"8fd6ac6ctrial","space_id":"a8460b67-b005-477e-a885-af01acf20eae","space_name":"dev","context_id":"mrvk13x4","msg":"Application router version 22.0.3"} (STDOUT, APP/PROC/WEB)#
#2026 07 22 04:00:31.814#Z#DEBUG#435a90b7-8581-11f1-952a-eeee0a8c50ce.salesorderapp-ui#flowable-async-job-executor-thread-1702#
[PollStartAppStatusExecution] af43ed23-8273-4aa0-a6ba-24f0f480a965 [2026-07-22T04:00:28.704048] {"written_at":"2026-07-22T04:00:28.703Z","written_ts":1784692828703000000,"csn_component":"-","correlation_id":"mrvk13xb","type":"log","logger":"nodejs-logger","layer":"/Configuration","level":"info","container_id":"10.32.1.5","component_type":"application","component_id":"af43ed23-8273-4aa0-a6ba-24f0f480a965","component_name":"salesorderapp-ui","component_instance":-1,"source_instance":-1,"organization_id":"26f8afbe-50d1-448f-81e9-c738b2504804","organization_name":"8fd6ac6ctrial","space_id":"a8460b67-b005-477e-a885-af01acf20eae","space_name":"dev","context_id":"mrvk13xb","msg":"No COOKIES environment variable"} (STDOUT, APP/PROC/WEB)#
#2026 07 22 04:00:31.814#Z#DEBUG#435a90b7-8581-11f1-952a-eeee0a8c50ce.salesorderapp-ui#flowable-async-job-executor-thread-1702#
[PollStartAppStatusExecution] af43ed23-8273-4aa0-a6ba-24f0f480a965 [2026-07-22T04:00:28.712421] /home/vcap/app/node_modules/@sap/approuter/lib/utils/JsonValidator.js:30 (STDERR, APP/PROC/WEB)#
#2026 07 22 04:00:31.814#Z#DEBUG#435a90b7-8581-11f1-952a-eeee0a8c50ce.salesorderapp-ui#flowable-async-job-executor-thread-1702#
[PollStartAppStatusExecution] af43ed23-8273-4aa0-a6ba-24f0f480a965 [2026-07-22T04:00:28.712461] throw new VError('%s%s: %s', (STDERR, APP/PROC/WEB)#
#2026 07 22 04:00:31.814#Z#DEBUG#435a90b7-8581-11f1-952a-eeee0a8c50ce.salesorderapp-ui#flowable-async-job-executor-thread-1702#
[PollStartAppStatusExecution] af43ed23-8273-4aa0-a6ba-24f0f480a965 [2026-07-22T04:00:28.712477] ^ (STDERR, APP/PROC/WEB)#
#2026 07 22 04:00:31.814#Z#DEBUG#435a90b7-8581-11f1-952a-eeee0a8c50ce.salesorderapp-ui#flowable-async-job-executor-thread-1702#
[PollStartAppStatusExecution] af43ed23-8273-4aa0-a6ba-24f0f480a965 [2026-07-22T04:00:28.713092] VError: xs-app.json/routes/0: Format validation failed (Route does not have a destination nor a localDir nor a service) (STDERR, APP/PROC/WEB)#
#2026 07 22 04:00:31.814#Z#DEBUG#435a90b7-8581-11f1-952a-eeee0a8c50ce.salesorderapp-ui#flowable-async-job-executor-thread-1702#
[PollStartAppStatusExecution] af43ed23-8273-4aa0-a6ba-24f0f480a965 [2026-07-22T04:00:28.713113] at JsonValidator.validate (/home/vcap/app/node_modules/@sap/approuter/lib/utils/JsonValidator.js:30:11) (STDERR, APP/PROC/WEB)#
#2026 07 22 04:00:31.814#Z#DEBUG#435a90b7-8581-11f1-952a-eeee0a8c50ce.salesorderapp-ui#flowable-async-job-executor-thread-1702#
[PollStartAppStatusExecution] af43ed23-8273-4aa0-a6ba-24f0f480a965 [2026-07-22T04:00:28.713117] at Object.validateXsApp (/home/vcap/app/node_modules/@sap/approuter/lib/configuration/validators.js:168:15) (STDERR, APP/PROC/WEB)#
#2026 07 22 04:00:31.814#Z#DEBUG#435a90b7-8581-11f1-952a-eeee0a8c50ce.salesorderapp-ui#flowable-async-job-executor-thread-1702#
[PollStartAppStatusExecution] af43ed23-8273-4aa0-a6ba-24f0f480a965 [2026-07-22T04:00:28.713123] at exports.loadConfiguration (/home/vcap/app/node_modules/@sap/approuter/lib/configuration/app-config.js:21:14) (STDERR, APP/PROC/WEB)#
#2026 07 22 04:00:31.814#Z#DEBUG#435a90b7-8581-11f1-952a-eeee0a8c50ce.salesorderapp-ui#flowable-async-job-executor-thread-1702#
[PollStartAppStatusExecution] af43ed23-8273-4aa0-a6ba-24f0f480a965 [2026-07-22T04:00:28.713130] at module.exports.load (/home/vcap/app/node_modules/@sap/approuter/lib/configuration.js:24:34) (STDERR, APP/PROC/WEB)#
#2026 07 22 04:00:31.814#Z#DEBUG#435a90b7-8581-11f1-952a-eeee0a8c50ce.salesorderapp-ui#flowable-async-job-executor-thread-1702#
[PollStartAppStatusExecution] af43ed23-8273-4aa0-a6ba-24f0f480a965 [2026-07-22T04:00:28.713133] at bootstrap (/home/vcap/app/node_modules/@sap/approuter/lib/bootstrap.js:68:38) (STDERR, APP/PROC/WEB)#
#2026 07 22 04:00:31.814#Z#DEBUG#435a90b7-8581-11f1-952a-eeee0a8c50ce.salesorderapp-ui#flowable-async-job-executor-thread-1702#
[PollStartAppStatusExecution] af43ed23-8273-4aa0-a6ba-24f0f480a965 [2026-07-22T04:00:28.713136] at Approuter.start (/home/vcap/app/node_modules/@sap/approuter/approuter.js:71:13) (STDERR, APP/PROC/WEB)#
#2026 07 22 04:00:31.814#Z#DEBUG#435a90b7-8581-11f1-952a-eeee0a8c50ce.salesorderapp-ui#flowable-async-job-executor-thread-1702#
[PollStartAppStatusExecution] af43ed23-8273-4aa0-a6ba-24f0f480a965 [2026-07-22T04:00:28.713139] at Object.<anonymous> (/home/vcap/app/node_modules/@sap/approuter/approuter.js:178:6) (STDERR, APP/PROC/WEB)#
#2026 07 22 04:00:31.814#Z#DEBUG#435a90b7-8581-11f1-952a-eeee0a8c50ce.salesorderapp-ui#flowable-async-job-executor-thread-1702#
[PollStartAppStatusExecution] af43ed23-8273-4aa0-a6ba-24f0f480a965 [2026-07-22T04:00:28.713142] at Module._compile (node:internal/modules/cjs/loader:1705:14) (STDERR, APP/PROC/WEB)#
#2026 07 22 04:00:31.814#Z#DEBUG#435a90b7-8581-11f1-952a-eeee0a8c50ce.salesorderapp-ui#flowable-async-job-executor-thread-1702#
[PollStartAppStatusExecution] af43ed23-8273-4aa0-a6ba-24f0f480a965 [2026-07-22T04:00:28.713144] at Object..js (node:internal/modules/cjs/loader:1838:10) (STDERR, APP/PROC/WEB)#
#2026 07 22 04:00:31.814#Z#DEBUG#435a90b7-8581-11f1-952a-eeee0a8c50ce.salesorderapp-ui#flowable-async-job-executor-thread-1702#
[PollStartAppStatusExecution] af43ed23-8273-4aa0-a6ba-24f0f480a965 [2026-07-22T04:00:28.713147] at Module.load (node:internal/modules/cjs/loader:1441:32) { (STDERR, APP/PROC/WEB)#
#2026 07 22 04:00:31.814#Z#DEBUG#435a90b7-8581-11f1-952a-eeee0a8c50ce.salesorderapp-ui#flowable-async-job-executor-thread-1702#
[PollStartAppStatusExecution] af43ed23-8273-4aa0-a6ba-24f0f480a965 [2026-07-22T04:00:28.713151] jse_shortmsg: 'xs-app.json/routes/0: Format validation failed (Route does not have a destination nor a localDir nor a service)', (STDERR, APP/PROC/WEB)#
#2026 07 22 04:00:31.814#Z#DEBUG#435a90b7-8581-11f1-952a-eeee0a8c50ce.salesorderapp-ui#flowable-async-job-executor-thread-1702#
[PollStartAppStatusExecution] af43ed23-8273-4aa0-a6ba-24f0f480a965 [2026-07-22T04:00:28.713153] jse_info: {} (STDERR, APP/PROC/WEB)#
#2026 07 22 04:00:31.814#Z#DEBUG#435a90b7-8581-11f1-952a-eeee0a8c50ce.salesorderapp-ui#flowable-async-job-executor-thread-1702#
[PollStartAppStatusExecution] af43ed23-8273-4aa0-a6ba-24f0f480a965 [2026-07-22T04:00:28.713155] } (STDERR, APP/PROC/WEB)#
#2026 07 22 04:00:31.814#Z#DEBUG#435a90b7-8581-11f1-952a-eeee0a8c50ce.salesorderapp-ui#flowable-async-job-executor-thread-1702#
[PollStartAppStatusExecution] af43ed23-8273-4aa0-a6ba-24f0f480a965 [2026-07-22T04:00:28.713158] Node.js v22.22.2 (STDERR, APP/PROC/WEB)#
#2026 07 22 04:00:31.814#Z#DEBUG#435a90b7-8581-11f1-952a-eeee0a8c50ce.salesorderapp-ui#flowable-async-job-executor-thread-1702#
[PollStartAppStatusExecution] af43ed23-8273-4aa0-a6ba-24f0f480a965 [2026-07-22T04:00:28.734295] npm notice (STDERR, APP/PROC/WEB)#
#2026 07 22 04:00:31.814#Z#DEBUG#435a90b7-8581-11f1-952a-eeee0a8c50ce.salesorderapp-ui#flowable-async-job-executor-thread-1702#
[PollStartAppStatusExecution] af43ed23-8273-4aa0-a6ba-24f0f480a965 [2026-07-22T04:00:28.734330] npm notice New major version of npm available! 10.9.7 -> 12.0.1 (STDERR, APP/PROC/WEB)#
#2026 07 22 04:00:31.814#Z#DEBUG#435a90b7-8581-11f1-952a-eeee0a8c50ce.salesorderapp-ui#flowable-async-job-executor-thread-1702#
[PollStartAppStatusExecution] af43ed23-8273-4aa0-a6ba-24f0f480a965 [2026-07-22T04:00:28.734341] npm notice Changelog: https://github.com/npm/cli/releases/tag/v12.0.1 (STDERR, APP/PROC/WEB)#
#2026 07 22 04:00:31.814#Z#DEBUG#435a90b7-8581-11f1-952a-eeee0a8c50ce.salesorderapp-ui#flowable-async-job-executor-thread-1702#
[PollStartAppStatusExecution] af43ed23-8273-4aa0-a6ba-24f0f480a965 [2026-07-22T04:00:28.734344] npm notice To update run: npm install -g npm@12.0.1 (STDERR, APP/PROC/WEB)#
#2026 07 22 04:00:31.814#Z#DEBUG#435a90b7-8581-11f1-952a-eeee0a8c50ce.salesorderapp-ui#flowable-async-job-executor-thread-1702#
[PollStartAppStatusExecution] af43ed23-8273-4aa0-a6ba-24f0f480a965 [2026-07-22T04:00:28.734349] npm notice (STDERR, APP/PROC/WEB)#
#2026 07 22 04:00:31.814#Z#DEBUG#435a90b7-8581-11f1-952a-eeee0a8c50ce.salesorderapp-ui#flowable-async-job-executor-thread-1702#
[PollStartAppStatusExecution] af43ed23-8273-4aa0-a6ba-24f0f480a965 [2026-07-22T04:00:28.817235] Exit status 1 (STDOUT, APP/PROC/WEB)#
#2026 07 22 04:00:41.822#Z#DEBUG#435a90b7-8581-11f1-952a-eeee0a8c50ce.salesorderapp-ui#flowable-async-job-executor-thread-1819#
[PollStartAppStatusExecution] af43ed23-8273-4aa0-a6ba-24f0f480a965 [2026-07-22T04:00:35.622351] Cell d1cc041a-d5a1-41d6-b9f6-6cda736ce3f0 stopping instance 1bee1559-9c1a-495d-45df-d485 (STDOUT, CELL)#
#2026 07 22 04:00:41.822#Z#DEBUG#435a90b7-8581-11f1-952a-eeee0a8c50ce.salesorderapp-ui#flowable-async-job-executor-thread-1819#
[PollStartAppStatusExecution] af43ed23-8273-4aa0-a6ba-24f0f480a965 [2026-07-22T04:00:35.622441] Cell d1cc041a-d5a1-41d6-b9f6-6cda736ce3f0 destroying container for instance 1bee1559-9c1a-495d-45df-d485 (STDOUT, CELL)#
#2026 07 22 04:00:41.822#Z#DEBUG#435a90b7-8581-11f1-952a-eeee0a8c50ce.salesorderapp-ui#flowable-async-job-executor-thread-1819#
[PollStartAppStatusExecution] af43ed23-8273-4aa0-a6ba-24f0f480a965 [2026-07-22T04:00:35.626467] Process has crashed with type: "web" (STDOUT, API)#
#2026 07 22 04:00:41.822#Z#DEBUG#435a90b7-8581-11f1-952a-eeee0a8c50ce.salesorderapp-ui#flowable-async-job-executor-thread-1819#
[PollStartAppStatusExecution] af43ed23-8273-4aa0-a6ba-24f0f480a965 [2026-07-22T04:00:35.640595] App instance exited with guid af43ed23-8273-4aa0-a6ba-24f0f480a965 payload: {"instance"=>"1bee1559-9c1a-495d-45df-d485", "index"=>0, "cell_id"=>"d1cc041a-d5a1-41d6-b9f6-6cda736ce3f0", "reason"=>"CRASHED", "exit_description"=>"APP/PROC/WEB: Exited with status 1", "crash_count"=>2, "crash_timestamp"=>1784692835605643384, "version"=>"916e1c87-a797-456d-b381-baff36b769cd"} (STDOUT, API)#
#2026 07 22 04:00:41.822#Z#DEBUG#435a90b7-8581-11f1-952a-eeee0a8c50ce.salesorderapp-ui#flowable-async-job-executor-thread-1819#
[PollStartAppStatusExecution] af43ed23-8273-4aa0-a6ba-24f0f480a965 [2026-07-22T04:00:35.740912] Cell 77283d80-dfa7-40ba-ba4e-265aef112085 creating container for instance f8b5e0d7-98aa-443f-6878-8e3b (STDOUT, CELL)#
#2026 07 22 04:00:41.822#Z#DEBUG#435a90b7-8581-11f1-952a-eeee0a8c50ce.salesorderapp-ui#flowable-async-job-executor-thread-1819#
[PollStartAppStatusExecution] af43ed23-8273-4aa0-a6ba-24f0f480a965 [2026-07-22T04:00:35.851287] Exit status 137 (STDOUT, PROXY)#
#2026 07 22 04:00:41.822#Z#DEBUG#435a90b7-8581-11f1-952a-eeee0a8c50ce.salesorderapp-ui#flowable-async-job-executor-thread-1819#
[PollStartAppStatusExecution] af43ed23-8273-4aa0-a6ba-24f0f480a965 [2026-07-22T04:00:36.074692] Security group rules were updated (STDOUT, CELL)#
#2026 07 22 04:00:41.822#Z#DEBUG#435a90b7-8581-11f1-952a-eeee0a8c50ce.salesorderapp-ui#flowable-async-job-executor-thread-1819#
[PollStartAppStatusExecution] af43ed23-8273-4aa0-a6ba-24f0f480a965 [2026-07-22T04:00:36.134108] Cell 77283d80-dfa7-40ba-ba4e-265aef112085 successfully created container for instance f8b5e0d7-98aa-443f-6878-8e3b (STDOUT, CELL)#
#2026 07 22 04:00:41.822#Z#DEBUG#435a90b7-8581-11f1-952a-eeee0a8c50ce.salesorderapp-ui#flowable-async-job-executor-thread-1819#
[PollStartAppStatusExecution] af43ed23-8273-4aa0-a6ba-24f0f480a965 [2026-07-22T04:00:36.387970] Downloading droplet... (STDOUT, CELL)#
#2026 07 22 04:00:41.822#Z#DEBUG#435a90b7-8581-11f1-952a-eeee0a8c50ce.salesorderapp-ui#flowable-async-job-executor-thread-1819#
[PollStartAppStatusExecution] af43ed23-8273-4aa0-a6ba-24f0f480a965 [2026-07-22T04:00:38.540449] Cell d1cc041a-d5a1-41d6-b9f6-6cda736ce3f0 successfully destroyed container for instance 1bee1559-9c1a-495d-45df-d485 (STDOUT, CELL)#
#2026 07 22 04:00:41.822#Z#DEBUG#435a90b7-8581-11f1-952a-eeee0a8c50ce.salesorderapp-ui#flowable-async-job-executor-thread-1819#
[PollStartAppStatusExecution] af43ed23-8273-4aa0-a6ba-24f0f480a965 [2026-07-22T04:00:40.031403] Downloaded droplet (62.3M) (STDOUT, CELL)#
#2026 07 22 04:00:41.822#Z#DEBUG#435a90b7-8581-11f1-952a-eeee0a8c50ce.salesorderapp-ui#flowable-async-job-executor-thread-1819#
[PollStartAppStatusExecution] af43ed23-8273-4aa0-a6ba-24f0f480a965 [2026-07-22T04:00:40.031593] Starting health monitoring of container (STDOUT, CELL)#
#2026 07 22 04:00:41.822#Z#DEBUG#435a90b7-8581-11f1-952a-eeee0a8c50ce.salesorderapp-ui#flowable-async-job-executor-thread-1819#
[PollStartAppStatusExecution] af43ed23-8273-4aa0-a6ba-24f0f480a965 [2026-07-22T04:00:40.089974] Invoking pre-start scripts. (STDOUT, APP/PROC/WEB)#
#2026 07 22 04:00:41.822#Z#DEBUG#435a90b7-8581-11f1-952a-eeee0a8c50ce.salesorderapp-ui#flowable-async-job-executor-thread-1819#
[PollStartAppStatusExecution] af43ed23-8273-4aa0-a6ba-24f0f480a965 [2026-07-22T04:00:40.229374] Invoking start command. (STDOUT, APP/PROC/WEB)#
#2026 07 22 04:00:41.822#Z#DEBUG#435a90b7-8581-11f1-952a-eeee0a8c50ce.salesorderapp-ui#flowable-async-job-executor-thread-1819#
[PollStartAppStatusExecution] af43ed23-8273-4aa0-a6ba-24f0f480a965 [2026-07-22T04:00:40.521838] > app@1.0.0 start (STDOUT, APP/PROC/WEB)#
#2026 07 22 04:00:41.822#Z#DEBUG#435a90b7-8581-11f1-952a-eeee0a8c50ce.salesorderapp-ui#flowable-async-job-executor-thread-1819#
[PollStartAppStatusExecution] af43ed23-8273-4aa0-a6ba-24f0f480a965 [2026-07-22T04:00:40.521862] > node node_modules/@sap/approuter/approuter.js (STDOUT, APP/PROC/WEB)#
#2026 07 22 04:00:41.822#Z#DEBUG#435a90b7-8581-11f1-952a-eeee0a8c50ce.salesorderapp-ui#flowable-async-job-executor-thread-1819#
[PollStartAppStatusExecution] af43ed23-8273-4aa0-a6ba-24f0f480a965 [2026-07-22T04:00:40.650612] {"written_at":"2026-07-22T04:00:40.649Z","written_ts":1784692840649000000,"csn_component":"-","correlation_id":"-","type":"log","logger":"nodejs-logger","layer":"/LoggingLibrary","level":"warning","container_id":"10.32.3.6","component_type":"application","component_id":"af43ed23-8273-4aa0-a6ba-24f0f480a965","component_name":"salesorderapp-ui","component_instance":-1,"source_instance":-1,"organization_id":"26f8afbe-50d1-448f-81e9-c738b2504804","organization_name":"8fd6ac6ctrial","space_id":"a8460b67-b005-477e-a885-af01acf20eae","space_name":"dev","context_id":"","msg":"Dynamic log level switching not available"} (STDOUT, APP/PROC/WEB)#
#2026 07 22 04:00:41.822#Z#DEBUG#435a90b7-8581-11f1-952a-eeee0a8c50ce.salesorderapp-ui#flowable-async-job-executor-thread-1819#
[PollStartAppStatusExecution] af43ed23-8273-4aa0-a6ba-24f0f480a965 [2026-07-22T04:00:40.996416] {"written_at":"2026-07-22T04:00:40.995Z","written_ts":1784692840995000000,"csn_component":"-","correlation_id":"mrvk1des","type":"log","logger":"nodejs-logger","layer":"/approuter","level":"info","container_id":"10.32.3.6","component_type":"application","component_id":"af43ed23-8273-4aa0-a6ba-24f0f480a965","component_name":"salesorderapp-ui","component_instance":-1,"source_instance":-1,"organization_id":"26f8afbe-50d1-448f-81e9-c738b2504804","organization_name":"8fd6ac6ctrial","space_id":"a8460b67-b005-477e-a885-af01acf20eae","space_name":"dev","context_id":"mrvk1des","msg":"Application router version 22.0.3"} (STDOUT, APP/PROC/WEB)#
#2026 07 22 04:00:41.822#Z#DEBUG#435a90b7-8581-11f1-952a-eeee0a8c50ce.salesorderapp-ui#flowable-async-job-executor-thread-1819#
[PollStartAppStatusExecution] af43ed23-8273-4aa0-a6ba-24f0f480a965 [2026-07-22T04:00:41.000220] {"written_at":"2026-07-22T04:00:41.000Z","written_ts":1784692841000000000,"csn_component":"-","correlation_id":"mrvk1dew","type":"log","logger":"nodejs-logger","layer":"/Configuration","level":"info","container_id":"10.32.3.6","component_type":"application","component_id":"af43ed23-8273-4aa0-a6ba-24f0f480a965","component_name":"salesorderapp-ui","component_instance":-1,"source_instance":-1,"organization_id":"26f8afbe-50d1-448f-81e9-c738b2504804","organization_name":"8fd6ac6ctrial","space_id":"a8460b67-b005-477e-a885-af01acf20eae","space_name":"dev","context_id":"mrvk1dew","msg":"No COOKIES environment variable"} (STDOUT, APP/PROC/WEB)#
#2026 07 22 04:00:41.822#Z#DEBUG#435a90b7-8581-11f1-952a-eeee0a8c50ce.salesorderapp-ui#flowable-async-job-executor-thread-1819#
[PollStartAppStatusExecution] af43ed23-8273-4aa0-a6ba-24f0f480a965 [2026-07-22T04:00:41.005152] /home/vcap/app/node_modules/@sap/approuter/lib/utils/JsonValidator.js:30 (STDERR, APP/PROC/WEB)#
#2026 07 22 04:00:41.822#Z#DEBUG#435a90b7-8581-11f1-952a-eeee0a8c50ce.salesorderapp-ui#flowable-async-job-executor-thread-1819#
[PollStartAppStatusExecution] af43ed23-8273-4aa0-a6ba-24f0f480a965 [2026-07-22T04:00:41.005187] throw new VError('%s%s: %s', (STDERR, APP/PROC/WEB)#
#2026 07 22 04:00:41.822#Z#DEBUG#435a90b7-8581-11f1-952a-eeee0a8c50ce.salesorderapp-ui#flowable-async-job-executor-thread-1819#
[PollStartAppStatusExecution] af43ed23-8273-4aa0-a6ba-24f0f480a965 [2026-07-22T04:00:41.005202] ^ (STDERR, APP/PROC/WEB)#
#2026 07 22 04:00:41.822#Z#DEBUG#435a90b7-8581-11f1-952a-eeee0a8c50ce.salesorderapp-ui#flowable-async-job-executor-thread-1819#
[PollStartAppStatusExecution] af43ed23-8273-4aa0-a6ba-24f0f480a965 [2026-07-22T04:00:41.005418] VError: xs-app.json/routes/0: Format validation failed (Route does not have a destination nor a localDir nor a service) (STDERR, APP/PROC/WEB)#
#2026 07 22 04:00:41.822#Z#DEBUG#435a90b7-8581-11f1-952a-eeee0a8c50ce.salesorderapp-ui#flowable-async-job-executor-thread-1819#
[PollStartAppStatusExecution] af43ed23-8273-4aa0-a6ba-24f0f480a965 [2026-07-22T04:00:41.005439] at JsonValidator.validate (/home/vcap/app/node_modules/@sap/approuter/lib/utils/JsonValidator.js:30:11) (STDERR, APP/PROC/WEB)#
#2026 07 22 04:00:41.822#Z#DEBUG#435a90b7-8581-11f1-952a-eeee0a8c50ce.salesorderapp-ui#flowable-async-job-executor-thread-1819#
[PollStartAppStatusExecution] af43ed23-8273-4aa0-a6ba-24f0f480a965 [2026-07-22T04:00:41.005448] at Object.validateXsApp (/home/vcap/app/node_modules/@sap/approuter/lib/configuration/validators.js:168:15) (STDERR, APP/PROC/WEB)#
#2026 07 22 04:00:41.822#Z#DEBUG#435a90b7-8581-11f1-952a-eeee0a8c50ce.salesorderapp-ui#flowable-async-job-executor-thread-1819#
[PollStartAppStatusExecution] af43ed23-8273-4aa0-a6ba-24f0f480a965 [2026-07-22T04:00:41.005457] at exports.loadConfiguration (/home/vcap/app/node_modules/@sap/approuter/lib/configuration/app-config.js:21:14) (STDERR, APP/PROC/WEB)#
#2026 07 22 04:00:41.822#Z#DEBUG#435a90b7-8581-11f1-952a-eeee0a8c50ce.salesorderapp-ui#flowable-async-job-executor-thread-1819#
[PollStartAppStatusExecution] af43ed23-8273-4aa0-a6ba-24f0f480a965 [2026-07-22T04:00:41.005461] at module.exports.load (/home/vcap/app/node_modules/@sap/approuter/lib/configuration.js:24:34) (STDERR, APP/PROC/WEB)#
#2026 07 22 04:00:41.822#Z#DEBUG#435a90b7-8581-11f1-952a-eeee0a8c50ce.salesorderapp-ui#flowable-async-job-executor-thread-1819#
[PollStartAppStatusExecution] af43ed23-8273-4aa0-a6ba-24f0f480a965 [2026-07-22T04:00:41.005468] at bootstrap (/home/vcap/app/node_modules/@sap/approuter/lib/bootstrap.js:68:38) (STDERR, APP/PROC/WEB)#
#2026 07 22 04:00:41.822#Z#DEBUG#435a90b7-8581-11f1-952a-eeee0a8c50ce.salesorderapp-ui#flowable-async-job-executor-thread-1819#
[PollStartAppStatusExecution] af43ed23-8273-4aa0-a6ba-24f0f480a965 [2026-07-22T04:00:41.005475] at Approuter.start (/home/vcap/app/node_modules/@sap/approuter/approuter.js:71:13) (STDERR, APP/PROC/WEB)#
#2026 07 22 04:00:41.822#Z#DEBUG#435a90b7-8581-11f1-952a-eeee0a8c50ce.salesorderapp-ui#flowable-async-job-executor-thread-1819#
[PollStartAppStatusExecution] af43ed23-8273-4aa0-a6ba-24f0f480a965 [2026-07-22T04:00:41.005479] at Object.<anonymous> (/home/vcap/app/node_modules/@sap/approuter/approuter.js:178:6) (STDERR, APP/PROC/WEB)#
#2026 07 22 04:00:41.822#Z#DEBUG#435a90b7-8581-11f1-952a-eeee0a8c50ce.salesorderapp-ui#flowable-async-job-executor-thread-1819#
[PollStartAppStatusExecution] af43ed23-8273-4aa0-a6ba-24f0f480a965 [2026-07-22T04:00:41.005487] at Module._compile (node:internal/modules/cjs/loader:1705:14) (STDERR, APP/PROC/WEB)#
#2026 07 22 04:00:41.822#Z#DEBUG#435a90b7-8581-11f1-952a-eeee0a8c50ce.salesorderapp-ui#flowable-async-job-executor-thread-1819#
[PollStartAppStatusExecution] af43ed23-8273-4aa0-a6ba-24f0f480a965 [2026-07-22T04:00:41.005492] at Object..js (node:internal/modules/cjs/loader:1838:10) (STDERR, APP/PROC/WEB)#
#2026 07 22 04:00:41.822#Z#DEBUG#435a90b7-8581-11f1-952a-eeee0a8c50ce.salesorderapp-ui#flowable-async-job-executor-thread-1819#
[PollStartAppStatusExecution] af43ed23-8273-4aa0-a6ba-24f0f480a965 [2026-07-22T04:00:41.005497] at Module.load (node:internal/modules/cjs/loader:1441:32) { (STDERR, APP/PROC/WEB)#
#2026 07 22 04:00:41.822#Z#DEBUG#435a90b7-8581-11f1-952a-eeee0a8c50ce.salesorderapp-ui#flowable-async-job-executor-thread-1819#
[PollStartAppStatusExecution] af43ed23-8273-4aa0-a6ba-24f0f480a965 [2026-07-22T04:00:41.005503] jse_shortmsg: 'xs-app.json/routes/0: Format validation failed (Route does not have a destination nor a localDir nor a service)', (STDERR, APP/PROC/WEB)#
#2026 07 22 04:00:41.822#Z#DEBUG#435a90b7-8581-11f1-952a-eeee0a8c50ce.salesorderapp-ui#flowable-async-job-executor-thread-1819#
[PollStartAppStatusExecution] af43ed23-8273-4aa0-a6ba-24f0f480a965 [2026-07-22T04:00:41.005508] jse_info: {} (STDERR, APP/PROC/WEB)#
#2026 07 22 04:00:41.822#Z#DEBUG#435a90b7-8581-11f1-952a-eeee0a8c50ce.salesorderapp-ui#flowable-async-job-executor-thread-1819#
[PollStartAppStatusExecution] af43ed23-8273-4aa0-a6ba-24f0f480a965 [2026-07-22T04:00:41.005512] } (STDERR, APP/PROC/WEB)#
#2026 07 22 04:00:41.822#Z#DEBUG#435a90b7-8581-11f1-952a-eeee0a8c50ce.salesorderapp-ui#flowable-async-job-executor-thread-1819#
[PollStartAppStatusExecution] af43ed23-8273-4aa0-a6ba-24f0f480a965 [2026-07-22T04:00:41.005516] Node.js v22.22.2 (STDERR, APP/PROC/WEB)#
#2026 07 22 04:00:41.822#Z#DEBUG#435a90b7-8581-11f1-952a-eeee0a8c50ce.salesorderapp-ui#flowable-async-job-executor-thread-1819#
[PollStartAppStatusExecution] af43ed23-8273-4aa0-a6ba-24f0f480a965 [2026-07-22T04:00:41.017512] npm notice (STDERR, APP/PROC/WEB)#
#2026 07 22 04:00:41.822#Z#DEBUG#435a90b7-8581-11f1-952a-eeee0a8c50ce.salesorderapp-ui#flowable-async-job-executor-thread-1819#
[PollStartAppStatusExecution] af43ed23-8273-4aa0-a6ba-24f0f480a965 [2026-07-22T04:00:41.017526] npm notice New major version of npm available! 10.9.7 -> 12.0.1 (STDERR, APP/PROC/WEB)#
#2026 07 22 04:00:41.822#Z#DEBUG#435a90b7-8581-11f1-952a-eeee0a8c50ce.salesorderapp-ui#flowable-async-job-executor-thread-1819#
[PollStartAppStatusExecution] af43ed23-8273-4aa0-a6ba-24f0f480a965 [2026-07-22T04:00:41.017530] npm notice Changelog: https://github.com/npm/cli/releases/tag/v12.0.1 (STDERR, APP/PROC/WEB)#
#2026 07 22 04:00:41.822#Z#DEBUG#435a90b7-8581-11f1-952a-eeee0a8c50ce.salesorderapp-ui#flowable-async-job-executor-thread-1819#
[PollStartAppStatusExecution] af43ed23-8273-4aa0-a6ba-24f0f480a965 [2026-07-22T04:00:41.017533] npm notice To update run: npm install -g npm@12.0.1 (STDERR, APP/PROC/WEB)#
#2026 07 22 04:00:41.822#Z#DEBUG#435a90b7-8581-11f1-952a-eeee0a8c50ce.salesorderapp-ui#flowable-async-job-executor-thread-1819#
[PollStartAppStatusExecution] af43ed23-8273-4aa0-a6ba-24f0f480a965 [2026-07-22T04:00:41.017535] npm notice (STDERR, APP/PROC/WEB)#
#2026 07 22 04:00:41.822#Z#DEBUG#435a90b7-8581-11f1-952a-eeee0a8c50ce.salesorderapp-ui#flowable-async-job-executor-thread-1819#
[PollStartAppStatusExecution] af43ed23-8273-4aa0-a6ba-24f0f480a965 [2026-07-22T04:00:41.070111] Exit status 1 (STDOUT, APP/PROC/WEB)#
#2026 07 22 04:00:51.868#Z#DEBUG#435a90b7-8581-11f1-952a-eeee0a8c50ce.salesorderapp-ui#flowable-async-job-executor-thread-3134#
[PollStartAppStatusExecution] af43ed23-8273-4aa0-a6ba-24f0f480a965 [2026-07-22T04:00:47.172232] Cell 77283d80-dfa7-40ba-ba4e-265aef112085 stopping instance f8b5e0d7-98aa-443f-6878-8e3b (STDOUT, CELL)#
#2026 07 22 04:00:51.868#Z#DEBUG#435a90b7-8581-11f1-952a-eeee0a8c50ce.salesorderapp-ui#flowable-async-job-executor-thread-3134#
[PollStartAppStatusExecution] af43ed23-8273-4aa0-a6ba-24f0f480a965 [2026-07-22T04:00:47.172327] Cell 77283d80-dfa7-40ba-ba4e-265aef112085 destroying container for instance f8b5e0d7-98aa-443f-6878-8e3b (STDOUT, CELL)#
#2026 07 22 04:00:51.868#Z#DEBUG#435a90b7-8581-11f1-952a-eeee0a8c50ce.salesorderapp-ui#flowable-async-job-executor-thread-3134#
[PollStartAppStatusExecution] af43ed23-8273-4aa0-a6ba-24f0f480a965 [2026-07-22T04:00:47.205015] Process has crashed with type: "web" (STDOUT, API)#
#2026 07 22 04:00:51.868#Z#DEBUG#435a90b7-8581-11f1-952a-eeee0a8c50ce.salesorderapp-ui#flowable-async-job-executor-thread-3134#
[PollStartAppStatusExecution] af43ed23-8273-4aa0-a6ba-24f0f480a965 [2026-07-22T04:00:47.220510] App instance exited with guid af43ed23-8273-4aa0-a6ba-24f0f480a965 payload: {"instance"=>"f8b5e0d7-98aa-443f-6878-8e3b", "index"=>0, "cell_id"=>"77283d80-dfa7-40ba-ba4e-265aef112085", "reason"=>"CRASHED", "exit_description"=>"APP/PROC/WEB: Exited with status 1", "crash_count"=>3, "crash_timestamp"=>1784692847160188436, "version"=>"916e1c87-a797-456d-b381-baff36b769cd"} (STDOUT, API)#
#2026 07 22 04:00:51.868#Z#DEBUG#435a90b7-8581-11f1-952a-eeee0a8c50ce.salesorderapp-ui#flowable-async-job-executor-thread-3134#
[PollStartAppStatusExecution] af43ed23-8273-4aa0-a6ba-24f0f480a965 [2026-07-22T04:00:47.344678] Exit status 137 (STDOUT, PROXY)#
#2026 07 22 04:00:51.868#Z#DEBUG#435a90b7-8581-11f1-952a-eeee0a8c50ce.salesorderapp-ui#flowable-async-job-executor-thread-3134#
[PollStartAppStatusExecution] af43ed23-8273-4aa0-a6ba-24f0f480a965 [2026-07-22T04:00:48.704765] Cell 77283d80-dfa7-40ba-ba4e-265aef112085 successfully destroyed container for instance f8b5e0d7-98aa-443f-6878-8e3b (STDOUT, CELL)#
